epoch,Recall@10,Recall@1,MRR,Mean rank
1,0.8370607028753994,0.3753993610223642,0.5240357248763093,9.482428115015974
2,0.8801916932907349,0.4424920127795527,0.5865765093902635,6.819488817891374
3,0.8801916932907349,0.4488817891373802,0.5894370338809679,7.202875399361022
4,0.8785942492012779,0.46485623003194887,0.5986568780260962,7.939297124600639
5,0.8753993610223643,0.46325878594249204,0.5993667553459143,8.947284345047922
