epoch,Recall@10,Recall@1,MRR,Mean rank
1,0.8486772486772487,0.39576719576719577,0.5474505286733621,8.048677248677249
2,0.9068783068783068,0.4433862433862434,0.5964986234016901,5.919576719576719
3,0.9132275132275133,0.44656084656084655,0.608108348588676,6.456084656084656
4,0.9068783068783068,0.45714285714285713,0.6133079443134686,7.247619047619048
5,0.9058201058201059,0.45185185185185184,0.6091873699189941,7.934391534391534
6,0.8835978835978836,0.44761904761904764,0.6020395683775542,9.00952380952381
