epoch,Recall@10,Recall@1,MRR,Mean rank
1,0.8444193912063134,0.3652762119503946,0.5245054332949273,8.741826381059752
2,0.882750845546787,0.4081172491544532,0.5663464593358511,6.455467869222097
3,0.8816234498308907,0.4295377677564825,0.5824578481442305,6.473506200676438
4,0.8771138669673055,0.43855693348365277,0.5870451895809644,7.243517474633596
5,0.8804960541149943,0.42164599774520856,0.5776110877837011,7.87598647125141
