fold,query_id,base_rank,fine_tuned_rank,delta_rank,sorted_query_index
2,893,1475,47,1428,1
2,21,1475,47,1428,2
2,20,1464,66,1398,3
2,892,1464,66,1398,4
3,1969,1457,94,1363,5
3,69,1457,94,1363,6
2,909,1459,98,1361,7
2,37,1459,98,1361,8
1,28,1365,70,1295,9
1,1128,1365,70,1295,10
2,24,1297,14,1283,11
2,896,1297,14,1283,12
1,1129,1400,145,1255,13
1,29,1400,145,1255,14
2,16,1293,47,1246,15
2,888,1293,47,1246,16
1,1120,1274,40,1234,17
1,20,1274,40,1234,18
2,889,1242,21,1221,19
2,17,1242,21,1221,20
2,15,1286,80,1206,21
2,887,1286,80,1206,22
2,879,1225,21,1204,23
2,7,1225,21,1204,24
1,21,1220,26,1194,25
1,1121,1220,26,1194,26
1,31,1241,139,1102,27
1,1131,1241,139,1102,28
2,282,1353,252,1101,29
3,92,1395,294,1101,30
2,1154,1353,252,1101,31
3,1992,1395,294,1101,32
4,523,1121,44,1077,33
4,1327,1121,44,1077,34
2,19,1076,4,1072,35
2,891,1076,4,1072,36
5,295,1125,57,1068,37
5,1879,1125,57,1068,38
3,1975,1313,267,1046,39
3,75,1313,267,1046,40
2,231,1048,10,1038,41
2,1103,1048,10,1038,42
1,1117,1036,7,1029,43
1,17,1036,7,1029,44
1,2143,1069,50,1019,45
1,1043,1069,50,1019,46
5,24,1031,22,1009,47
5,1608,1031,22,1009,48
4,801,1206,231,975,49
4,1605,1206,231,975,50
5,1782,1026,108,918,51
5,198,1026,108,918,52
3,2151,952,35,917,53
3,251,952,35,917,54
5,117,1169,273,896,55
5,1701,1169,273,896,56
2,55,939,53,886,57
2,927,939,53,886,58
3,1309,948,82,866,59
3,3209,948,82,866,60
5,785,870,11,859,61
5,2369,870,11,859,62
5,1611,1044,213,831,63
5,27,1044,213,831,64
3,1473,861,47,814,65
3,3373,861,47,814,66
2,12,827,15,812,67
2,884,827,15,812,68
3,84,832,31,801,69
3,1984,832,31,801,70
1,1132,976,181,795,71
1,32,976,181,795,72
3,1445,795,7,788,73
3,3345,795,7,788,74
3,1581,1032,246,786,75
3,3481,1032,246,786,76
4,521,808,23,785,77
4,1325,808,23,785,78
5,1627,830,57,773,79
5,43,830,57,773,80
3,85,915,149,766,81
3,1985,915,149,766,82
4,1427,771,8,763,83
4,623,771,8,763,84
1,27,818,58,760,85
1,1127,818,58,760,86
2,895,1557,799,758,87
2,23,1557,799,758,88
1,309,873,129,744,89
1,1409,873,129,744,90
1,760,1314,576,738,91
1,1860,1314,576,738,92
1,1102,742,17,725,93
1,2,742,17,725,94
3,3787,794,72,722,95
3,1887,794,72,722,96
4,450,880,164,716,97
4,1254,880,164,716,98
1,1847,735,25,710,99
1,747,735,25,710,100
5,2679,701,2,699,101
5,1095,701,2,699,102
2,5,768,75,693,103
2,877,768,75,693,104
1,12,693,3,690,105
1,1112,693,3,690,106
2,934,714,25,689,107
2,62,714,25,689,108
3,1988,1281,593,688,109
3,88,1281,593,688,110
2,982,776,89,687,111
2,110,776,89,687,112
4,460,964,279,685,113
4,1264,964,279,685,114
3,86,724,51,673,115
3,1986,724,51,673,116
3,1993,960,288,672,117
3,93,960,288,672,118
1,1130,856,192,664,119
1,30,856,192,664,120
3,1991,1273,614,659,121
3,91,1273,614,659,122
5,2343,665,15,650,123
3,103,727,77,650,124
5,759,665,15,650,125
3,2003,727,77,650,126
3,107,772,123,649,127
3,2007,772,123,649,128
3,2876,733,86,647,129
3,976,733,86,647,130
3,1971,801,156,645,131
3,71,801,156,645,132
4,1217,642,2,640,133
4,413,642,2,640,134
1,215,808,176,632,135
1,1315,808,176,632,136
3,152,1138,507,631,137
3,2052,1138,507,631,138
1,891,1148,536,612,139
1,1991,1148,536,612,140
3,2390,636,34,602,141
3,490,636,34,602,142
2,423,676,78,598,143
2,1295,676,78,598,144
1,1115,633,37,596,145
1,15,633,37,596,146
2,102,587,32,555,147
3,2000,607,52,555,148
2,974,587,32,555,149
3,100,607,52,555,150
1,1519,559,15,544,151
1,419,559,15,544,152
5,2349,619,82,537,153
5,765,619,82,537,154
2,39,544,14,530,155
2,911,544,14,530,156
1,440,803,274,529,157
1,1540,803,274,529,158
3,1627,543,18,525,159
3,3527,543,18,525,160
3,3645,538,17,521,161
3,1745,538,17,521,162
5,2877,600,80,520,163
5,1293,600,80,520,164
3,450,523,9,514,165
3,2350,523,9,514,166
1,230,627,114,513,167
3,1247,667,154,513,168
1,1330,627,114,513,169
3,3147,667,154,513,170
5,1628,622,116,506,171
5,44,622,116,506,172
3,2349,509,6,503,173
3,449,509,6,503,174
2,1293,516,21,495,175
2,421,516,21,495,176
2,1185,602,110,492,177
2,313,602,110,492,178
3,101,539,57,482,179
3,2001,539,57,482,180
3,2589,571,91,480,181
3,689,571,91,480,182
1,1631,471,5,466,183
1,531,471,5,466,184
2,897,462,2,460,185
2,25,462,2,460,186
3,3411,460,4,456,187
3,1511,460,4,456,188
5,2493,568,113,455,189
5,909,568,113,455,190
3,2481,516,66,450,191
3,581,516,66,450,192
5,573,486,37,449,193
5,2157,486,37,449,194
5,21,680,233,447,195
1,1158,586,139,447,196
5,1605,680,233,447,197
1,58,586,139,447,198
4,796,493,48,445,199
4,1600,493,48,445,200
2,545,446,2,444,201
2,1417,446,2,444,202
1,33,459,17,442,203
1,1202,445,3,442,204
1,102,445,3,442,205
1,1133,459,17,442,206
5,209,668,227,441,207
5,1793,668,227,441,208
3,2354,461,27,434,209
3,454,461,27,434,210
5,2351,442,9,433,211
5,767,442,9,433,212
3,1716,438,8,430,213
3,3616,438,8,430,214
2,49,433,4,429,215
2,921,433,4,429,216
2,1062,439,13,426,217
2,190,439,13,426,218
3,1311,433,9,424,219
3,3211,433,9,424,220
4,74,429,9,420,221
4,878,429,9,420,222
3,1977,478,62,416,223
3,77,478,62,416,224
5,428,522,111,411,225
5,2012,522,111,411,226
1,178,416,6,410,227
1,1278,416,6,410,228
1,1874,463,54,409,229
1,774,463,54,409,230
2,923,423,15,408,231
2,51,423,15,408,232
3,105,524,117,407,233
3,2005,524,117,407,234
1,166,486,79,407,235
1,1266,486,79,407,236
1,191,407,3,404,237
1,1291,407,3,404,238
1,1695,415,17,398,239
1,595,415,17,398,240
2,401,414,17,397,241
2,1273,414,17,397,242
5,1612,406,10,396,243
5,28,406,10,396,244
3,2607,443,49,394,245
3,707,443,49,394,246
3,1974,434,50,384,247
3,667,939,555,384,248
3,74,434,50,384,249
3,2567,939,555,384,250
4,1607,1059,676,383,251
4,803,1059,676,383,252
5,1650,383,5,378,253
5,66,383,5,378,254
4,185,393,16,377,255
4,989,393,16,377,256
4,482,414,38,376,257
4,1286,414,38,376,258
2,1106,547,173,374,259
2,234,547,173,374,260
2,1284,465,92,373,261
2,412,465,92,373,262
4,123,459,92,367,263
3,70,389,22,367,264
3,1970,389,22,367,265
4,927,459,92,367,266
3,1699,444,79,365,267
3,3599,444,79,365,268
2,1501,467,107,360,269
3,875,368,8,360,270
2,629,467,107,360,271
3,2775,368,8,360,272
2,395,543,187,356,273
2,1267,543,187,356,274
2,907,357,4,353,275
2,35,357,4,353,276
2,647,377,24,353,277
2,1519,377,24,353,278
3,1153,383,34,349,279
3,3053,383,34,349,280
2,885,349,2,347,281
2,13,349,2,347,282
5,1145,362,16,346,283
5,2729,362,16,346,284
2,1119,438,107,331,285
2,247,438,107,331,286
5,1631,417,87,330,287
5,3056,335,5,330,288
5,47,417,87,330,289
5,1472,335,5,330,290
5,3067,734,412,322,291
5,1483,734,412,322,292
4,1267,351,30,321,293
4,463,351,30,321,294
5,2731,337,17,320,295
5,1147,337,17,320,296
2,899,326,7,319,297
2,27,326,7,319,298
5,2021,316,1,315,299
5,437,316,1,315,300
1,2151,324,9,315,301
1,1051,324,9,315,302
3,3413,327,15,312,303
5,1712,379,67,312,304
5,128,379,67,312,305
3,1513,327,15,312,306
3,133,322,12,310,307
3,2033,322,12,310,308
3,1119,364,56,308,309
3,3215,557,249,308,310
3,1315,557,249,308,311
5,1592,321,13,308,312
3,3019,364,56,308,313
5,8,321,13,308,314
5,2922,338,30,308,315
5,1338,338,30,308,316
1,1109,308,1,307,317
1,9,308,1,307,318
3,3468,308,3,305,319
3,3229,317,12,305,320
3,1329,317,12,305,321
3,1568,308,3,305,322
1,911,331,28,303,323
1,2011,331,28,303,324
1,3,306,4,302,325
1,1103,306,4,302,326
1,897,310,9,301,327
1,1997,310,9,301,328
2,419,477,181,296,329
3,1718,532,236,296,330
3,2318,412,116,296,331
3,418,412,116,296,332
3,3618,532,236,296,333
2,1291,477,181,296,334
1,1195,777,485,292,335
1,95,777,485,292,336
3,2541,292,3,289,337
3,978,310,21,289,338
3,641,292,3,289,339
3,2878,310,21,289,340
5,2711,288,1,287,341
5,2917,335,48,287,342
1,1135,288,1,287,343
1,35,288,1,287,344
5,1127,288,1,287,345
5,1333,335,48,287,346
1,1367,294,8,286,347
1,267,294,8,286,348
3,209,324,42,282,349
3,2109,324,42,282,350
2,179,283,2,281,351
2,1051,283,2,281,352
3,705,340,60,280,353
3,2605,340,60,280,354
5,13,280,2,278,355
3,3493,290,12,278,356
5,1597,280,2,278,357
3,1593,290,12,278,358
1,1179,563,286,277,359
1,79,563,286,277,360
2,418,329,53,276,361
2,1290,329,53,276,362
5,431,311,38,273,363
5,2015,311,38,273,364
3,1783,376,103,273,365
3,3683,376,103,273,366
3,3617,366,94,272,367
1,1178,292,20,272,368
1,78,292,20,272,369
3,3799,278,6,272,370
3,1717,366,94,272,371
3,1899,278,6,272,372
3,63,286,16,270,373
3,1963,286,16,270,374
1,1396,407,138,269,375
5,2923,279,10,269,376
1,296,407,138,269,377
5,1339,279,10,269,378
5,3003,295,28,267,379
5,1419,295,28,267,380
1,1246,273,6,267,381
4,1188,300,33,267,382
1,146,273,6,267,383
4,384,300,33,267,384
2,1741,270,5,265,385
2,869,270,5,265,386
5,69,299,35,264,387
4,1287,298,34,264,388
5,1653,299,35,264,389
4,483,298,34,264,390
5,100,377,114,263,391
5,1613,338,75,263,392
5,29,338,75,263,393
5,1684,377,114,263,394
1,563,310,48,262,395
1,1663,310,48,262,396
5,2403,425,163,262,397
5,819,425,163,262,398
2,748,276,16,260,399
2,1620,276,16,260,400
4,742,264,5,259,401
4,1546,264,5,259,402
1,1059,266,7,259,403
1,2159,266,7,259,404
1,2155,302,44,258,405
1,1055,302,44,258,406
5,1305,270,13,257,407
4,407,263,6,257,408
5,2889,270,13,257,409
4,1211,263,6,257,410
1,1104,256,1,255,411
1,4,256,1,255,412
3,1399,256,2,254,413
3,3299,256,2,254,414
2,1672,304,51,253,415
2,800,304,51,253,416
3,49,266,15,251,417
3,1949,266,15,251,418
1,1364,259,10,249,419
3,743,295,46,249,420
1,264,259,10,249,421
3,2643,295,46,249,422
3,2576,251,3,248,423
1,1041,255,7,248,424
1,2141,255,7,248,425
3,676,251,3,248,426
5,2739,382,135,247,427
5,1155,382,135,247,428
3,1501,283,36,247,429
3,3401,283,36,247,430
3,566,267,21,246,431
3,2466,267,21,246,432
5,3043,261,16,245,433
1,1056,246,1,245,434
5,1459,261,16,245,435
1,2156,246,1,245,436
5,891,292,49,243,437
5,2475,292,49,243,438
1,1703,261,19,242,439
1,603,261,19,242,440
1,417,262,20,242,441
4,745,305,63,242,442
3,1842,250,8,242,443
1,1517,262,20,242,444
3,3742,250,8,242,445
4,1549,305,63,242,446
5,2907,293,52,241,447
5,1323,293,52,241,448
5,2910,241,1,240,449
5,1326,241,1,240,450
3,977,238,2,236,451
3,2877,238,2,236,452
1,1092,259,24,235,453
1,2192,259,24,235,454
3,2129,278,45,233,455
3,229,278,45,233,456
1,931,259,27,232,457
3,431,357,125,232,458
1,2031,259,27,232,459
3,2331,357,125,232,460
3,2715,234,3,231,461
3,815,234,3,231,462
1,1408,234,5,229,463
1,308,234,5,229,464
3,1193,238,9,229,465
3,3093,238,9,229,466
3,391,415,188,227,467
2,1517,403,176,227,468
3,2291,415,188,227,469
2,645,403,176,227,470
2,900,234,8,226,471
2,28,234,8,226,472
3,2216,290,65,225,473
2,1413,232,7,225,474
3,316,290,65,225,475
2,541,232,7,225,476
5,1143,233,9,224,477
5,2049,255,31,224,478
5,465,255,31,224,479
5,2727,233,9,224,480
4,66,246,23,223,481
4,870,246,23,223,482
3,1305,473,250,223,483
3,3205,473,250,223,484
2,1297,335,113,222,485
5,125,246,24,222,486
1,675,225,3,222,487
2,425,335,113,222,488
5,1709,246,24,222,489
1,1969,255,33,222,490
1,869,255,33,222,491
1,1775,225,3,222,492
5,775,232,12,220,493
5,2359,232,12,220,494
3,2153,227,9,218,495
5,1481,268,50,218,496
3,253,227,9,218,497
5,3065,268,50,218,498
3,1898,363,147,216,499
2,894,289,73,216,500
3,2473,240,24,216,501
3,3798,363,147,216,502
3,573,240,24,216,503
2,22,289,73,216,504
4,1277,222,7,215,505
4,473,222,7,215,506
2,1289,254,40,214,507
5,235,339,125,214,508
5,1819,339,125,214,509
2,417,254,40,214,510
4,250,269,56,213,511
4,1054,269,56,213,512
3,1383,366,154,212,513
2,1559,259,47,212,514
5,2428,233,21,212,515
5,844,233,21,212,516
2,687,259,47,212,517
3,3283,366,154,212,518
5,2723,217,6,211,519
3,462,216,5,211,520
3,2362,216,5,211,521
5,1139,217,6,211,522
3,683,225,15,210,523
5,1121,213,3,210,524
1,1376,244,34,210,525
3,2583,225,15,210,526
1,276,244,34,210,527
5,2705,213,3,210,528
3,173,266,57,209,529
3,2073,266,57,209,530
2,1126,245,37,208,531
2,254,245,37,208,532
3,1979,319,111,208,533
3,79,319,111,208,534
3,1349,208,1,207,535
3,3249,208,1,207,536
5,2890,757,551,206,537
4,319,214,8,206,538
5,1306,757,551,206,539
4,1123,214,8,206,540
2,903,215,10,205,541
4,90,246,41,205,542
5,119,226,21,205,543
5,1131,209,4,205,544
2,31,215,10,205,545
4,894,246,41,205,546
5,1703,226,21,205,547
5,2715,209,4,205,548
3,2392,300,97,203,549
3,492,300,97,203,550
5,302,213,11,202,551
5,1886,213,11,202,552
1,11,203,2,201,553
1,311,207,6,201,554
1,1411,207,6,201,555
1,1111,203,2,201,556
3,3162,233,33,200,557
3,1262,233,33,200,558
3,3033,251,53,198,559
3,1306,205,7,198,560
3,1133,251,53,198,561
5,687,202,4,198,562
5,2271,202,4,198,563
3,3206,205,7,198,564
3,2422,207,12,195,565
3,3222,338,143,195,566
3,522,207,12,195,567
3,1322,338,143,195,568
3,2017,835,640,195,569
3,117,835,640,195,570
2,1539,196,3,193,571
2,667,196,3,193,572
2,547,225,34,191,573
3,135,438,247,191,574
2,439,351,160,191,575
2,1311,351,160,191,576
2,1419,225,34,191,577
3,2035,438,247,191,578
2,749,201,11,190,579
2,1621,201,11,190,580
2,1264,206,19,187,581
2,392,206,19,187,582
3,2463,224,37,187,583
3,563,224,37,187,584
4,625,308,122,186,585
5,2714,207,21,186,586
5,184,425,239,186,587
5,486,347,161,186,588
4,1429,308,122,186,589
5,1233,191,5,186,590
5,1130,207,21,186,591
5,2070,347,161,186,592
5,1768,425,239,186,593
5,2817,191,5,186,594
1,1251,329,144,185,595
1,151,329,144,185,596
5,1497,196,11,185,597
5,3081,196,11,185,598
3,1484,186,2,184,599
3,3384,186,2,184,600
2,1040,205,21,184,601
2,168,205,21,184,602
2,905,185,2,183,603
3,3491,186,3,183,604
3,1591,186,3,183,605
2,33,185,2,183,606
3,87,671,488,183,607
3,1987,671,488,183,608
4,759,188,5,183,609
4,1563,188,5,183,610
3,2804,183,1,182,611
4,465,218,36,182,612
3,904,183,1,182,613
4,1269,218,36,182,614
4,82,184,3,181,615
4,886,184,3,181,616
3,1075,193,12,181,617
5,1975,224,43,181,618
3,2975,193,12,181,619
5,391,224,43,181,620
5,1584,183,3,180,621
3,664,186,6,180,622
3,2564,186,6,180,623
5,0,183,3,180,624
1,55,208,29,179,625
5,2587,242,63,179,626
1,1155,208,29,179,627
5,1003,242,63,179,628
3,1819,189,12,177,629
3,3719,189,12,177,630
5,331,183,6,177,631
3,3743,178,1,177,632
5,1915,183,6,177,633
3,1843,178,1,177,634
1,812,193,17,176,635
1,1912,193,17,176,636
5,2312,176,1,175,637
5,728,176,1,175,638
2,1421,179,6,173,639
3,3717,195,22,173,640
3,1817,195,22,173,641
5,114,192,19,173,642
5,1698,192,19,173,643
2,549,179,6,173,644
1,323,173,2,171,645
1,1423,173,2,171,646
3,1127,626,455,171,647
3,3027,626,455,171,648
3,2009,207,37,170,649
3,3251,175,5,170,650
5,343,191,21,170,651
5,1927,191,21,170,652
3,1686,171,1,170,653
3,1351,175,5,170,654
3,3586,171,1,170,655
3,109,207,37,170,656
3,1019,386,217,169,657
5,1224,174,5,169,658
3,1997,188,19,169,659
5,2808,174,5,169,660
5,1589,189,20,169,661
3,2919,386,217,169,662
3,97,188,19,169,663
5,5,189,20,169,664
5,1276,193,26,167,665
5,2860,193,26,167,666
4,1573,176,10,166,667
4,769,176,10,166,668
5,733,194,28,166,669
5,2317,194,28,166,670
4,1085,165,1,164,671
4,281,165,1,164,672
5,2531,190,27,163,673
5,947,190,27,163,674
2,815,351,189,162,675
2,1687,351,189,162,676
5,323,177,17,160,677
3,3715,193,33,160,678
5,1907,177,17,160,679
2,1635,168,8,160,680
3,1815,193,33,160,681
2,763,168,8,160,682
2,321,177,18,159,683
2,1193,177,18,159,684
3,453,162,3,159,685
3,2353,162,3,159,686
3,555,214,56,158,687
3,2455,214,56,158,688
3,2920,171,14,157,689
3,1132,165,8,157,690
2,47,158,1,157,691
2,415,184,27,157,692
2,919,158,1,157,693
3,3032,165,8,157,694
2,1287,184,27,157,695
5,498,159,2,157,696
4,1,211,54,157,697
5,2082,159,2,157,698
3,1020,171,14,157,699
4,805,211,54,157,700
3,1489,183,27,156,701
3,3389,183,27,156,702
2,207,249,93,156,703
2,1079,249,93,156,704
1,1297,157,1,156,705
1,197,157,1,156,706
5,2159,163,8,155,707
4,1078,159,4,155,708
4,1596,159,4,155,709
4,274,159,4,155,710
4,792,159,4,155,711
5,575,163,8,155,712
5,1009,194,40,154,713
5,2593,194,40,154,714
3,3153,241,87,154,715
3,1253,241,87,154,716
4,681,164,11,153,717
4,1485,164,11,153,718
3,2383,183,31,152,719
1,508,157,5,152,720
3,483,183,31,152,721
1,1608,157,5,152,722
1,93,166,14,152,723
1,1193,166,14,152,724
5,3007,162,11,151,725
5,1423,162,11,151,726
5,2112,157,6,151,727
5,528,157,6,151,728
3,1981,156,6,150,729
3,81,156,6,150,730
4,594,155,5,150,731
4,1398,155,5,150,732
3,1732,163,13,150,733
3,3632,163,13,150,734
1,917,161,13,148,735
5,351,165,17,148,736
5,1935,165,17,148,737
3,2231,149,1,148,738
1,2017,161,13,148,739
3,331,149,1,148,740
1,1523,222,75,147,741
1,920,159,12,147,742
1,2020,159,12,147,743
1,423,222,75,147,744
2,913,150,4,146,745
2,41,150,4,146,746
5,2878,166,20,146,747
5,1294,166,20,146,748
1,19,146,1,145,749
3,1903,182,37,145,750
5,2053,303,158,145,751
2,863,213,68,145,752
3,1989,377,232,145,753
2,1735,213,68,145,754
3,3,182,37,145,755
5,2145,156,11,145,756
5,469,303,158,145,757
3,89,377,232,145,758
5,561,156,11,145,759
1,1119,146,1,145,760
3,255,165,21,144,761
1,1589,178,34,144,762
3,2391,620,476,144,763
5,354,155,11,144,764
2,1526,168,24,144,765
3,2155,165,21,144,766
3,491,620,476,144,767
2,654,168,24,144,768
5,1973,152,8,144,769
1,489,178,34,144,770
5,389,152,8,144,771
5,1938,155,11,144,772
3,943,157,14,143,773
3,2843,157,14,143,774
3,3250,144,1,143,775
2,1623,289,146,143,776
1,2072,167,24,143,777
2,751,289,146,143,778
1,972,167,24,143,779
3,1350,144,1,143,780
5,2163,194,52,142,781
3,3488,168,26,142,782
3,1588,168,26,142,783
5,579,194,52,142,784
3,493,147,6,141,785
3,2393,147,6,141,786
2,183,263,122,141,787
2,1055,263,122,141,788
3,2229,149,9,140,789
2,420,167,27,140,790
3,329,149,9,140,791
5,1759,151,11,140,792
2,1292,167,27,140,793
5,175,151,11,140,794
1,551,148,9,139,795
1,1651,148,9,139,796
3,1737,144,6,138,797
3,3637,144,6,138,798
3,3170,149,12,137,799
3,767,151,14,137,800
3,1270,149,12,137,801
3,2667,151,14,137,802
2,689,155,19,136,803
5,1715,181,45,136,804
5,1702,138,2,136,805
5,131,181,45,136,806
5,889,162,26,136,807
2,1561,155,19,136,808
5,1142,142,6,136,809
5,2726,142,6,136,810
5,118,138,2,136,811
5,2473,162,26,136,812
5,2251,163,28,135,813
3,3133,221,86,135,814
3,1233,221,86,135,815
3,2969,175,40,135,816
3,1069,175,40,135,817
5,667,163,28,135,818
5,587,141,7,134,819
2,805,151,17,134,820
2,1677,151,17,134,821
5,2171,141,7,134,822
3,1461,245,111,134,823
3,3361,245,111,134,824
4,879,136,3,133,825
1,2138,487,354,133,826
4,75,136,3,133,827
1,1038,487,354,133,828
5,4,136,3,133,829
5,1588,136,3,133,830
5,1591,195,63,132,831
5,7,195,63,132,832
5,2266,143,11,132,833
5,682,143,11,132,834
5,1946,133,2,131,835
5,362,133,2,131,836
3,1340,194,64,130,837
3,3240,194,64,130,838
1,224,133,3,130,839
1,838,176,46,130,840
1,1938,176,46,130,841
1,1324,133,3,130,842
5,2876,204,75,129,843
5,2864,138,9,129,844
3,671,131,2,129,845
5,1280,138,9,129,846
5,1292,204,75,129,847
3,2571,131,2,129,848
3,402,145,17,128,849
3,3339,484,356,128,850
3,1439,484,356,128,851
2,916,142,14,128,852
3,2302,145,17,128,853
2,44,142,14,128,854
4,789,130,3,127,855
4,1581,142,15,127,856
4,777,142,15,127,857
1,873,147,20,127,858
4,1593,130,3,127,859
1,1973,147,20,127,860
3,1776,148,22,126,861
3,3676,148,22,126,862
4,1163,129,3,126,863
3,2474,245,119,126,864
4,359,129,3,126,865
3,574,245,119,126,866
3,539,140,15,125,867
5,2592,129,4,125,868
3,2439,140,15,125,869
5,2768,126,1,125,870
5,1008,129,4,125,871
5,1184,126,1,125,872
2,437,213,89,124,873
1,2127,178,54,124,874
1,1027,178,54,124,875
2,1309,213,89,124,876
1,706,130,7,123,877
3,3137,142,19,123,878
1,1806,130,7,123,879
1,1087,126,3,123,880
3,1237,142,19,123,881
1,2187,126,3,123,882
3,400,149,27,122,883
3,2234,123,1,122,884
3,334,123,1,122,885
4,1103,126,4,122,886
1,1080,146,24,122,887
5,1117,134,12,122,888
2,286,150,28,122,889
5,2119,140,18,122,890
3,2300,149,27,122,891
5,611,158,36,122,892
1,2180,146,24,122,893
3,1117,125,3,122,894
2,1158,150,28,122,895
5,535,140,18,122,896
4,299,126,4,122,897
5,2195,158,36,122,898
3,3017,125,3,122,899
5,2701,134,12,122,900
5,1711,345,224,121,901
1,5,122,1,121,902
5,127,345,224,121,903
2,1508,123,2,121,904
5,1607,126,5,121,905
2,636,123,2,121,906
5,23,126,5,121,907
3,3122,154,33,121,908
3,1222,154,33,121,909
1,1105,122,1,121,910
2,48,166,46,120,911
3,3640,125,5,120,912
1,1781,122,2,120,913
3,3619,211,91,120,914
3,1719,211,91,120,915
1,681,122,2,120,916
3,1740,125,5,120,917
2,920,166,46,120,918
2,1511,120,1,119,919
2,639,120,1,119,920
1,1042,120,1,119,921
1,2142,120,1,119,922
5,1337,129,10,119,923
5,2921,129,10,119,924
1,1455,178,60,118,925
2,540,121,3,118,926
1,355,178,60,118,927
2,1412,121,3,118,928
1,1215,208,90,118,929
5,731,120,2,118,930
1,115,208,90,118,931
5,2315,120,2,118,932
5,1129,128,10,118,933
5,2713,128,10,118,934
5,2083,164,47,117,935
1,333,136,19,117,936
4,827,187,70,117,937
4,23,187,70,117,938
1,923,134,17,117,939
1,2023,134,17,117,940
5,499,164,47,117,941
5,2909,127,10,117,942
5,1325,127,10,117,943
1,1433,136,19,117,944
5,1211,119,3,116,945
5,1925,931,815,116,946
5,341,931,815,116,947
5,2795,119,3,116,948
5,2185,125,10,115,949
1,839,125,10,115,950
5,601,125,10,115,951
1,1939,125,10,115,952
3,471,141,27,114,953
3,3220,131,17,114,954
3,1320,131,17,114,955
3,2371,141,27,114,956
2,351,124,11,113,957
2,1223,124,11,113,958
3,76,125,12,113,959
3,1976,125,12,113,960
3,706,120,8,112,961
3,2713,114,2,112,962
3,2606,120,8,112,963
3,813,114,2,112,964
1,57,668,556,112,965
1,1157,668,556,112,966
5,1667,148,37,111,967
5,83,148,37,111,968
5,867,126,16,110,969
5,2451,126,16,110,970
5,2411,111,2,109,971
3,1297,120,11,109,972
4,26,146,37,109,973
4,830,146,37,109,974
5,827,111,2,109,975
3,3197,120,11,109,976
5,1970,201,93,108,977
1,219,141,33,108,978
2,11,112,4,108,979
3,1235,110,2,108,980
1,174,131,23,108,981
3,3135,110,2,108,982
1,1319,141,33,108,983
1,1274,131,23,108,984
5,386,201,93,108,985
2,883,112,4,108,986
5,2442,137,30,107,987
3,247,155,48,107,988
5,858,137,30,107,989
3,2147,155,48,107,990
1,1910,114,8,106,991
5,2697,318,212,106,992
5,1813,121,15,106,993
5,229,121,15,106,994
1,810,114,8,106,995
4,50,114,8,106,996
4,690,107,1,106,997
4,854,114,8,106,998
5,1113,318,212,106,999
4,1494,107,1,106,1000
4,31,108,2,106,1001
4,835,108,2,106,1002
3,1685,106,1,105,1003
3,3585,106,1,105,1004
5,2567,111,7,104,1005
3,2744,166,62,104,1006
3,2639,144,40,104,1007
3,1167,105,1,104,1008
5,2313,108,4,104,1009
5,983,111,7,104,1010
3,844,166,62,104,1011
4,963,108,4,104,1012
3,3067,105,1,104,1013
5,729,108,4,104,1014
4,159,108,4,104,1015
3,739,144,40,104,1016
3,3169,127,24,103,1017
3,1269,127,24,103,1018
3,3470,106,4,102,1019
3,2513,107,5,102,1020
3,1570,106,4,102,1021
5,49,145,43,102,1022
5,2645,105,3,102,1023
3,613,107,5,102,1024
5,1061,105,3,102,1025
5,1633,145,43,102,1026
3,186,105,4,101,1027
1,310,122,21,101,1028
4,529,102,1,101,1029
4,1333,102,1,101,1030
1,1410,122,21,101,1031
3,2086,105,4,101,1032
4,962,106,6,100,1033
5,36,146,46,100,1034
1,265,115,15,100,1035
5,1620,146,46,100,1036
4,158,106,6,100,1037
1,1365,115,15,100,1038
3,1455,131,32,99,1039
2,641,101,2,99,1040
5,2506,106,7,99,1041
1,1489,122,23,99,1042
1,1559,127,28,99,1043
1,1140,292,193,99,1044
3,3355,131,32,99,1045
1,389,122,23,99,1046
4,809,106,7,99,1047
1,40,292,193,99,1048
1,899,109,10,99,1049
2,1513,101,2,99,1050
1,459,127,28,99,1051
1,1999,109,10,99,1052
5,922,106,7,99,1053
4,5,106,7,99,1054
5,1603,135,37,98,1055
5,19,135,37,98,1056
4,1589,100,2,98,1057
5,1903,106,8,98,1058
3,3351,102,4,98,1059
3,1451,102,4,98,1060
4,785,100,2,98,1061
5,319,106,8,98,1062
2,959,229,132,97,1063
4,121,110,13,97,1064
5,1955,157,60,97,1065
2,901,121,24,97,1066
4,925,110,13,97,1067
5,371,157,60,97,1068
2,87,229,132,97,1069
2,29,121,24,97,1070
4,1425,99,3,96,1071
4,621,99,3,96,1072
5,2855,97,1,96,1073
5,1271,97,1,96,1074
4,545,107,12,95,1075
5,1270,108,13,95,1076
4,1349,107,12,95,1077
5,2854,108,13,95,1078
5,1767,135,41,94,1079
5,1913,218,124,94,1080
5,329,218,124,94,1081
5,2051,172,78,94,1082
5,2823,115,21,94,1083
2,1047,102,8,94,1084
2,175,102,8,94,1085
5,410,109,15,94,1086
5,467,172,78,94,1087
5,1994,109,15,94,1088
5,183,135,41,94,1089
5,1239,115,21,94,1090
5,1714,103,10,93,1091
3,2514,98,5,93,1092
5,130,103,10,93,1093
3,614,98,5,93,1094
3,561,103,10,93,1095
3,2461,103,10,93,1096
5,1691,94,1,93,1097
5,107,94,1,93,1098
3,3228,94,2,92,1099
3,2055,197,105,92,1100
3,1328,94,2,92,1101
3,155,197,105,92,1102
1,1795,113,21,92,1103
1,695,113,21,92,1104
3,1605,195,104,91,1105
5,1689,92,1,91,1106
5,105,92,1,91,1107
3,1826,123,32,91,1108
3,3505,195,104,91,1109
3,3726,123,32,91,1110
2,1063,109,19,90,1111
2,191,109,19,90,1112
5,1060,104,15,89,1113
1,283,90,1,89,1114
1,162,152,63,89,1115
1,1262,152,63,89,1116
1,1383,90,1,89,1117
5,2644,104,15,89,1118
1,1405,95,7,88,1119
1,305,95,7,88,1120
3,2515,104,16,88,1121
4,1083,93,5,88,1122
3,615,104,16,88,1123
4,279,93,5,88,1124
3,1583,89,2,87,1125
2,1563,93,6,87,1126
3,3065,89,2,87,1127
5,340,89,2,87,1128
3,3483,89,2,87,1129
5,787,100,13,87,1130
5,1924,89,2,87,1131
5,2371,100,13,87,1132
2,691,93,6,87,1133
3,1165,89,2,87,1134
5,1425,96,10,86,1135
4,884,194,108,86,1136
3,3076,90,4,86,1137
5,3009,96,10,86,1138
4,80,194,108,86,1139
3,1228,101,15,86,1140
3,1176,90,4,86,1141
3,3159,91,5,86,1142
3,3128,101,15,86,1143
5,449,115,29,86,1144
5,493,94,8,86,1145
3,1259,91,5,86,1146
5,2033,115,29,86,1147
5,2077,94,8,86,1148
3,2885,98,13,85,1149
2,1070,92,7,85,1150
2,166,88,3,85,1151
3,985,98,13,85,1152
1,1298,92,7,85,1153
1,198,92,7,85,1154
2,1038,88,3,85,1155
2,198,92,7,85,1156
3,2697,92,8,84,1157
3,3045,97,13,84,1158
2,197,117,33,84,1159
3,1145,97,13,84,1160
3,797,92,8,84,1161
4,97,97,13,84,1162
2,1069,117,33,84,1163
3,1168,94,10,84,1164
4,901,97,13,84,1165
3,3068,94,10,84,1166
5,2024,89,6,83,1167
5,850,85,2,83,1168
5,440,89,6,83,1169
2,50,84,1,83,1170
5,2434,85,2,83,1171
2,922,84,1,83,1172
1,813,89,7,82,1173
1,98,170,88,82,1174
1,1198,170,88,82,1175
3,905,93,11,82,1176
1,1913,89,7,82,1177
3,2805,93,11,82,1178
1,2149,98,17,81,1179
3,1901,92,11,81,1180
5,1250,84,3,81,1181
2,1431,86,5,81,1182
5,1108,90,9,81,1183
3,1863,82,1,81,1184
3,703,82,1,81,1185
5,2324,185,104,81,1186
1,1049,98,17,81,1187
5,2996,101,20,81,1188
5,2834,84,3,81,1189
1,1385,90,9,81,1190
3,3763,82,1,81,1191
5,740,185,104,81,1192
5,1412,101,20,81,1193
3,1,92,11,81,1194
3,1344,89,8,81,1195
3,3244,89,8,81,1196
5,2692,90,9,81,1197
1,285,90,9,81,1198
3,2603,82,1,81,1199
2,559,86,5,81,1200
5,1109,151,71,80,1201
4,1145,91,11,80,1202
2,1375,82,2,80,1203
5,1808,89,9,80,1204
5,224,89,9,80,1205
4,1191,83,3,80,1206
4,341,91,11,80,1207
5,595,102,22,80,1208
5,2179,102,22,80,1209
5,2709,82,2,80,1210
5,2693,151,71,80,1211
5,2115,85,5,80,1212
4,387,83,3,80,1213
5,1125,82,2,80,1214
5,531,85,5,80,1215
2,503,82,2,80,1216
2,43,93,14,79,1217
5,445,87,8,79,1218
3,282,84,5,79,1219
3,2080,125,46,79,1220
5,732,93,14,79,1221
3,2182,84,5,79,1222
5,1126,82,3,79,1223
5,3115,89,10,79,1224
2,915,93,14,79,1225
3,677,80,1,79,1226
5,2710,82,3,79,1227
3,180,125,46,79,1228
5,2316,93,14,79,1229
3,2577,80,1,79,1230
5,2029,87,8,79,1231
5,1531,89,10,79,1232
3,2327,80,2,78,1233
3,427,80,2,78,1234
1,1191,134,56,78,1235
3,50,105,27,78,1236
3,1950,105,27,78,1237
1,91,134,56,78,1238
3,2563,81,4,77,1239
3,2075,151,74,77,1240
3,1749,159,82,77,1241
3,663,81,4,77,1242
3,175,151,74,77,1243
3,1067,82,5,77,1244
3,3649,159,82,77,1245
3,2967,82,5,77,1246
3,2700,127,52,75,1247
1,379,88,13,75,1248
3,3359,78,3,75,1249
3,800,127,52,75,1250
1,1479,88,13,75,1251
3,1459,78,3,75,1252
1,1427,76,1,75,1253
1,327,76,1,75,1254
1,147,76,2,74,1255
4,62,78,4,74,1256
3,1885,118,44,74,1257
3,3785,118,44,74,1258
3,1545,77,3,74,1259
5,2595,76,2,74,1260
5,2659,117,43,74,1261
3,2378,130,56,74,1262
5,1075,117,43,74,1263
5,1011,76,2,74,1264
5,278,94,20,74,1265
5,1862,94,20,74,1266
3,3445,77,3,74,1267
3,478,130,56,74,1268
1,1247,76,2,74,1269
4,866,78,4,74,1270
3,934,119,46,73,1271
5,301,120,47,73,1272
1,1568,84,11,73,1273
3,1265,77,4,73,1274
2,1045,76,3,73,1275
3,1159,89,16,73,1276
3,2834,119,46,73,1277
3,3165,77,4,73,1278
5,529,79,6,73,1279
2,173,76,3,73,1280
3,3059,89,16,73,1281
1,468,84,11,73,1282
5,1885,120,47,73,1283
5,2113,79,6,73,1284
3,3471,83,11,72,1285
3,2803,76,4,72,1286
1,1531,76,4,72,1287
4,275,77,5,72,1288
3,3738,94,22,72,1289
5,1614,144,72,72,1290
3,2923,83,11,72,1291
4,1079,77,5,72,1292
1,1983,111,39,72,1293
3,2410,111,39,72,1294
3,3425,93,21,72,1295
5,1120,75,3,72,1296
3,3486,74,2,72,1297
1,431,76,4,72,1298
1,1875,104,32,72,1299
5,2014,73,1,72,1300
3,2434,81,9,72,1301
3,510,111,39,72,1302
5,30,144,72,72,1303
3,1571,83,11,72,1304
3,1525,93,21,72,1305
3,1586,74,2,72,1306
3,1838,94,22,72,1307
3,534,81,9,72,1308
5,2704,75,3,72,1309
3,1023,83,11,72,1310
3,903,76,4,72,1311
1,883,111,39,72,1312
5,430,73,1,72,1313
1,775,104,32,72,1314
3,597,91,20,71,1315
3,3680,132,61,71,1316
3,682,108,37,71,1317
1,1161,101,30,71,1318
3,2032,73,2,71,1319
5,1995,75,4,71,1320
3,2582,108,37,71,1321
2,908,74,3,71,1322
3,1780,132,61,71,1323
5,411,75,4,71,1324
3,132,73,2,71,1325
3,2497,91,20,71,1326
5,124,72,1,71,1327
1,61,101,30,71,1328
3,2411,126,55,71,1329
5,1708,72,1,71,1330
3,511,126,55,71,1331
2,36,74,3,71,1332
3,2612,140,70,70,1333
3,3235,93,23,70,1334
3,2190,77,7,70,1335
3,712,140,70,70,1336
3,931,74,4,70,1337
2,1479,75,5,70,1338
2,607,75,5,70,1339
3,2831,74,4,70,1340
3,290,77,7,70,1341
3,1335,93,23,70,1342
5,1435,77,8,69,1343
5,1738,70,1,69,1344
5,3005,74,5,69,1345
4,1223,71,2,69,1346
5,3019,77,8,69,1347
5,1421,74,5,69,1348
3,2135,75,6,69,1349
4,419,71,2,69,1350
3,235,75,6,69,1351
5,154,70,1,69,1352
5,68,74,6,68,1353
2,1093,80,12,68,1354
3,2501,84,16,68,1355
3,601,84,16,68,1356
1,2169,69,1,68,1357
1,1069,69,1,68,1358
2,221,80,12,68,1359
5,1652,74,6,68,1360
3,1849,185,117,68,1361
3,3749,185,117,68,1362
5,3130,120,53,67,1363
1,1436,69,2,67,1364
5,1427,74,7,67,1365
5,3011,74,7,67,1366
3,3713,81,14,67,1367
3,1813,81,14,67,1368
3,233,74,7,67,1369
1,336,69,2,67,1370
3,2133,74,7,67,1371
5,1546,120,53,67,1372
2,106,78,11,67,1373
2,978,78,11,67,1374
3,494,70,4,66,1375
3,3741,67,1,66,1376
3,2394,70,4,66,1377
3,1626,70,4,66,1378
3,3001,73,7,66,1379
5,1001,88,22,66,1380
3,1068,79,13,66,1381
3,1347,73,7,66,1382
1,1377,75,9,66,1383
4,67,79,13,66,1384
5,2585,88,22,66,1385
3,1101,73,7,66,1386
1,277,75,9,66,1387
3,3526,70,4,66,1388
3,1841,67,1,66,1389
3,3247,73,7,66,1390
4,871,79,13,66,1391
3,3095,70,4,66,1392
3,2968,79,13,66,1393
3,1195,70,4,66,1394
5,773,77,12,65,1395
5,1285,68,3,65,1396
1,1099,77,12,65,1397
3,3143,66,1,65,1398
1,1629,66,1,65,1399
1,1532,67,2,65,1400
1,432,67,2,65,1401
2,32,66,1,65,1402
2,904,66,1,65,1403
1,2199,77,12,65,1404
5,2869,68,3,65,1405
3,1243,66,1,65,1406
5,2357,77,12,65,1407
1,529,66,1,65,1408
3,1150,212,148,64,1409
3,3050,212,148,64,1410
1,261,71,7,64,1411
3,3584,65,1,64,1412
1,1361,71,7,64,1413
2,82,66,2,64,1414
3,1035,67,3,64,1415
2,954,66,2,64,1416
3,1684,65,1,64,1417
3,2935,67,3,64,1418
3,3129,69,6,63,1419
3,1868,67,4,63,1420
3,1639,78,15,63,1421
1,2027,69,6,63,1422
1,927,69,6,63,1423
3,3539,78,15,63,1424
3,3768,67,4,63,1425
5,969,70,7,63,1426
5,2553,70,7,63,1427
3,1229,69,6,63,1428
5,1687,67,5,62,1429
4,982,64,2,62,1430
3,297,65,3,62,1431
3,3675,180,118,62,1432
2,1743,64,2,62,1433
3,1775,180,118,62,1434
1,967,67,5,62,1435
1,2067,67,5,62,1436
3,2197,65,3,62,1437
2,871,64,2,62,1438
5,103,67,5,62,1439
4,178,64,2,62,1440
3,795,81,20,61,1441
5,2821,66,5,61,1442
5,2879,407,346,61,1443
5,1119,71,10,61,1444
3,3282,63,2,61,1445
3,1382,63,2,61,1446
5,1295,407,346,61,1447
5,1237,66,5,61,1448
5,2703,71,10,61,1449
3,1523,69,8,61,1450
3,2695,81,20,61,1451
3,3423,69,8,61,1452
3,3375,74,14,60,1453
1,2153,62,2,60,1454
1,1970,82,22,60,1455
1,870,82,22,60,1456
1,1053,62,2,60,1457
3,1475,74,14,60,1458
5,37,91,32,59,1459
1,1897,67,8,59,1460
3,322,81,22,59,1461
1,689,133,74,59,1462
3,3771,81,22,59,1463
1,797,67,8,59,1464
5,2309,60,1,59,1465
5,1616,71,12,59,1466
1,1512,71,12,59,1467
1,412,71,12,59,1468
2,1281,67,8,59,1469
5,725,60,1,59,1470
3,2222,81,22,59,1471
5,32,71,12,59,1472
5,1621,91,32,59,1473
3,1871,81,22,59,1474
1,1789,133,74,59,1475
2,409,67,8,59,1476
5,2067,102,44,58,1477
5,1854,122,64,58,1478
4,1190,74,16,58,1479
5,2497,63,5,58,1480
1,322,67,9,58,1481
5,2529,60,2,58,1482
5,913,63,5,58,1483
5,270,122,64,58,1484
5,945,60,2,58,1485
5,483,102,44,58,1486
1,1422,67,9,58,1487
4,386,74,16,58,1488
3,1453,70,13,57,1489
1,23,61,4,57,1490
2,223,69,12,57,1491
2,787,69,12,57,1492
1,7,58,1,57,1493
1,1123,61,4,57,1494
2,1659,69,12,57,1495
3,1933,58,1,57,1496
2,1095,69,12,57,1497
1,1107,58,1,57,1498
3,3353,70,13,57,1499
3,33,58,1,57,1500
1,796,62,6,56,1501
3,3712,138,82,56,1502
5,1864,61,5,56,1503
4,1493,125,69,56,1504
4,689,125,69,56,1505
3,1252,64,8,56,1506
3,1230,58,2,56,1507
3,700,57,1,56,1508
5,466,64,8,56,1509
4,200,75,19,56,1510
5,2050,64,8,56,1511
1,1896,62,6,56,1512
5,280,61,5,56,1513
3,3152,64,8,56,1514
4,1004,75,19,56,1515
3,1812,138,82,56,1516
3,2600,57,1,56,1517
3,3130,58,2,56,1518
3,679,59,4,55,1519
3,3407,57,2,55,1520
2,142,58,3,55,1521
5,2383,57,2,55,1522
3,1507,57,2,55,1523
2,1014,58,3,55,1524
2,483,58,3,55,1525
5,426,56,1,55,1526
3,1772,63,8,55,1527
3,2579,59,4,55,1528
3,3672,63,8,55,1529
2,1355,58,3,55,1530
5,799,57,2,55,1531
5,2010,56,1,55,1532
2,651,154,100,54,1533
5,279,114,60,54,1534
5,1209,76,22,54,1535
2,912,59,5,54,1536
5,1733,58,4,54,1537
5,149,58,4,54,1538
2,1523,154,100,54,1539
2,40,59,5,54,1540
5,2793,76,22,54,1541
4,733,59,5,54,1542
5,1863,114,60,54,1543
1,1283,107,53,54,1544
1,183,107,53,54,1545
3,2138,94,40,54,1546
4,1537,59,5,54,1547
2,551,62,8,54,1548
3,238,94,40,54,1549
2,1423,62,8,54,1550
3,3022,62,9,53,1551
5,791,79,26,53,1552
5,138,64,11,53,1553
5,3047,62,9,53,1554
5,2384,67,14,53,1555
5,2375,79,26,53,1556
3,1122,62,9,53,1557
5,800,67,14,53,1558
5,3071,127,74,53,1559
5,1463,62,9,53,1560
3,3154,61,8,53,1561
5,1722,64,11,53,1562
3,1254,61,8,53,1563
2,233,59,6,53,1564
2,1105,59,6,53,1565
5,1487,127,74,53,1566
5,639,58,6,52,1567
3,656,69,17,52,1568
1,1299,53,1,52,1569
3,3792,61,9,52,1570
3,2996,60,8,52,1571
2,930,71,19,52,1572
5,2223,58,6,52,1573
3,766,68,16,52,1574
1,199,53,1,52,1575
2,263,68,16,52,1576
3,3385,54,2,52,1577
2,1135,68,16,52,1578
2,1,54,2,52,1579
3,2556,69,17,52,1580
1,1676,59,7,52,1581
3,2666,68,16,52,1582
3,1096,60,8,52,1583
3,1485,54,2,52,1584
4,947,144,92,52,1585
4,143,144,92,52,1586
1,576,59,7,52,1587
2,58,71,19,52,1588
2,873,54,2,52,1589
3,1892,61,9,52,1590
5,1686,76,25,51,1591
3,3230,96,45,51,1592
3,1330,96,45,51,1593
5,2219,70,19,51,1594
1,1079,55,4,51,1595
4,1101,57,6,51,1596
4,316,52,1,51,1597
5,635,70,19,51,1598
2,1622,56,5,51,1599
5,102,76,25,51,1600
2,750,56,5,51,1601
1,2179,55,4,51,1602
1,2145,52,1,51,1603
4,297,57,6,51,1604
1,1045,52,1,51,1605
4,1120,52,1,51,1606
1,1596,80,30,50,1607
3,723,55,5,50,1608
5,807,62,12,50,1609
4,464,55,5,50,1610
3,1549,78,28,50,1611
3,99,62,12,50,1612
3,1690,88,38,50,1613
1,496,80,30,50,1614
4,1268,55,5,50,1615
5,2107,52,2,50,1616
3,3590,88,38,50,1617
4,30,51,1,50,1618
5,2391,62,12,50,1619
3,1999,62,12,50,1620
4,1487,67,17,50,1621
1,1959,52,2,50,1622
1,859,52,2,50,1623
4,683,67,17,50,1624
3,2623,55,5,50,1625
3,3449,78,28,50,1626
4,834,51,1,50,1627
5,523,52,2,50,1628
5,2983,52,3,49,1629
5,1399,52,3,49,1630
1,697,66,17,49,1631
4,1572,53,4,49,1632
4,768,53,4,49,1633
3,3310,60,11,49,1634
3,1410,60,11,49,1635
3,3791,55,6,49,1636
1,435,71,22,49,1637
1,1797,66,17,49,1638
3,1891,55,6,49,1639
1,1535,71,22,49,1640
3,359,56,8,48,1641
4,1379,59,11,48,1642
3,2732,73,25,48,1643
2,312,53,5,48,1644
3,2259,56,8,48,1645
3,832,73,25,48,1646
3,3473,63,15,48,1647
1,2146,55,7,48,1648
2,1184,53,5,48,1649
4,575,59,11,48,1650
1,1046,55,7,48,1651
3,1573,63,15,48,1652
3,3417,49,2,47,1653
5,2827,49,2,47,1654
3,657,101,54,47,1655
3,995,49,2,47,1656
5,2381,48,1,47,1657
5,2178,54,7,47,1658
5,576,52,5,47,1659
3,1517,49,2,47,1660
5,2769,49,2,47,1661
5,1185,49,2,47,1662
2,222,54,7,47,1663
5,797,48,1,47,1664
5,2160,52,5,47,1665
3,2557,101,54,47,1666
2,1094,54,7,47,1667
5,3091,109,62,47,1668
5,1243,49,2,47,1669
3,2895,49,2,47,1670
2,1319,48,1,47,1671
5,1507,109,62,47,1672
3,2366,75,28,47,1673
2,447,48,1,47,1674
5,594,54,7,47,1675
3,466,75,28,47,1676
1,2006,54,8,46,1677
1,2144,47,1,46,1678
1,969,50,4,46,1679
1,906,54,8,46,1680
1,1857,61,15,46,1681
1,2069,50,4,46,1682
5,3166,491,445,46,1683
1,1044,47,1,46,1684
5,1582,491,445,46,1685
2,506,47,1,46,1686
1,757,61,15,46,1687
2,1378,47,1,46,1688
4,740,81,35,46,1689
4,1544,81,35,46,1690
5,273,67,22,45,1691
5,1080,66,21,45,1692
5,2999,50,5,45,1693
3,202,64,19,45,1694
1,832,52,7,45,1695
4,788,71,26,45,1696
1,1723,51,6,45,1697
1,623,51,6,45,1698
1,1932,52,7,45,1699
5,1415,50,5,45,1700
4,1592,71,26,45,1701
2,1510,46,1,45,1702
5,1857,67,22,45,1703
5,2664,66,21,45,1704
3,2102,64,19,45,1705
2,638,46,1,45,1706
5,35,89,45,44,1707
1,1971,68,24,44,1708
3,1345,48,4,44,1709
3,2759,47,3,44,1710
5,1619,89,45,44,1711
3,1273,51,7,44,1712
3,859,47,3,44,1713
3,3245,48,4,44,1714
3,3173,51,7,44,1715
1,871,68,24,44,1716
4,1463,108,65,43,1717
5,2055,68,25,43,1718
2,305,52,9,43,1719
2,1177,52,9,43,1720
5,342,50,7,43,1721
3,983,91,48,43,1722
4,324,60,17,43,1723
1,1429,44,1,43,1724
3,1179,45,2,43,1725
4,795,47,4,43,1726
3,2883,91,48,43,1727
5,1926,50,7,43,1728
1,329,44,1,43,1729
5,2957,48,5,43,1730
1,625,51,8,43,1731
5,471,68,25,43,1732
4,1599,47,4,43,1733
1,1975,57,14,43,1734
5,1373,48,5,43,1735
4,1128,60,17,43,1736
5,492,57,14,43,1737
1,1725,51,8,43,1738
3,3079,45,2,43,1739
3,497,50,7,43,1740
1,875,57,14,43,1741
4,659,108,65,43,1742
3,2397,50,7,43,1743
5,2076,57,14,43,1744
2,1168,44,2,42,1745
3,2898,50,8,42,1746
1,217,49,7,42,1747
5,2123,48,6,42,1748
3,998,50,8,42,1749
5,664,44,2,42,1750
5,1909,46,4,42,1751
5,2144,43,1,42,1752
1,1317,49,7,42,1753
2,1624,88,46,42,1754
5,2248,44,2,42,1755
2,752,88,46,42,1756
2,296,44,2,42,1757
5,560,43,1,42,1758
5,325,46,4,42,1759
5,539,48,6,42,1760
1,1885,50,9,41,1761
1,1210,44,3,41,1762
3,3589,48,7,41,1763
4,515,84,43,41,1764
3,2199,42,1,41,1765
2,542,42,1,41,1766
3,999,45,4,41,1767
3,2535,64,23,41,1768
1,110,44,3,41,1769
3,1001,56,15,41,1770
3,635,64,23,41,1771
3,123,48,7,41,1772
4,1319,84,43,41,1773
2,1414,42,1,41,1774
3,1855,68,27,41,1775
1,1730,59,18,41,1776
3,3755,68,27,41,1777
3,2023,48,7,41,1778
3,2899,45,4,41,1779
3,3043,45,4,41,1780
1,630,59,18,41,1781
4,417,55,14,41,1782
4,1221,55,14,41,1783
3,299,42,1,41,1784
3,1143,45,4,41,1785
3,1689,48,7,41,1786
3,2901,56,15,41,1787
1,785,50,9,41,1788
5,1657,44,4,40,1789
1,1005,43,3,40,1790
2,914,57,17,40,1791
2,471,47,7,40,1792
3,3371,59,19,40,1793
5,1866,41,1,40,1794
1,328,46,6,40,1795
2,327,45,5,40,1796
1,1428,46,6,40,1797
1,2105,43,3,40,1798
2,1199,45,5,40,1799
5,2699,53,13,40,1800
1,1281,79,39,40,1801
5,282,41,1,40,1802
3,1471,59,19,40,1803
4,395,60,20,40,1804
4,1199,60,20,40,1805
1,2065,55,15,40,1806
5,73,44,4,40,1807
5,1115,53,13,40,1808
1,181,79,39,40,1809
2,1343,47,7,40,1810
1,1989,44,4,40,1811
1,965,55,15,40,1812
2,42,57,17,40,1813
1,889,44,4,40,1814
5,405,110,71,39,1815
5,275,77,38,39,1816
3,1641,76,37,39,1817
1,2030,40,1,39,1818
5,2007,52,13,39,1819
3,1747,45,6,39,1820
5,423,52,13,39,1821
5,1989,110,71,39,1822
5,1149,45,6,39,1823
3,3538,44,5,39,1824
3,1638,44,5,39,1825
5,1484,211,172,39,1826
3,1234,42,3,39,1827
3,3258,40,1,39,1828
1,1937,52,13,39,1829
3,3377,40,1,39,1830
5,3068,211,172,39,1831
3,3134,42,3,39,1832
1,837,52,13,39,1833
3,1358,40,1,39,1834
1,930,40,1,39,1835
5,1859,77,38,39,1836
3,1477,40,1,39,1837
5,2931,40,1,39,1838
5,1347,40,1,39,1839
3,3647,45,6,39,1840
3,3541,76,37,39,1841
5,2733,45,6,39,1842
3,17,51,13,38,1843
5,2389,54,16,38,1844
3,1917,51,13,38,1845
3,997,50,12,38,1846
5,1021,50,12,38,1847
1,1947,39,1,38,1848
5,2056,44,6,38,1849
3,57,85,47,38,1850
3,1957,85,47,38,1851
3,1998,65,27,38,1852
4,1335,39,1,38,1853
5,1713,53,15,38,1854
1,103,40,2,38,1855
4,429,42,4,38,1856
5,129,53,15,38,1857
3,2897,50,12,38,1858
5,527,68,30,38,1859
4,531,39,1,38,1860
5,74,39,1,38,1861
1,847,39,1,38,1862
5,1307,52,14,38,1863
1,1203,40,2,38,1864
5,1658,39,1,38,1865
5,805,54,16,38,1866
5,472,44,6,38,1867
1,304,42,4,38,1868
3,98,65,27,38,1869
5,2891,52,14,38,1870
4,1233,42,4,38,1871
1,1404,42,4,38,1872
5,2111,68,30,38,1873
5,2605,50,12,38,1874
5,1291,38,1,37,1875
3,2750,40,3,37,1876
3,1779,47,10,37,1877
3,1416,53,16,37,1878
1,893,46,9,37,1879
5,2875,38,1,37,1880
4,793,41,4,37,1881
5,841,38,1,37,1882
5,463,148,111,37,1883
3,3158,129,92,37,1884
5,2047,148,111,37,1885
5,2655,39,2,37,1886
3,1258,129,92,37,1887
5,2425,38,1,37,1888
3,3679,47,10,37,1889
1,1993,46,9,37,1890
5,1071,39,2,37,1891
3,850,40,3,37,1892
3,3316,53,16,37,1893
4,1597,41,4,37,1894
3,3172,38,2,36,1895
3,1953,43,7,36,1896
3,1272,38,2,36,1897
2,665,44,8,36,1898
4,1328,38,2,36,1899
2,994,66,30,36,1900
2,122,66,30,36,1901
2,1537,44,8,36,1902
3,2879,37,1,36,1903
3,3535,48,12,36,1904
5,734,37,1,36,1905
4,524,38,2,36,1906
4,479,66,30,36,1907
4,1283,66,30,36,1908
5,1297,49,13,36,1909
5,1087,40,4,36,1910
3,134,91,55,36,1911
3,2034,91,55,36,1912
3,1635,48,12,36,1913
3,979,37,1,36,1914
3,53,43,7,36,1915
1,1439,39,3,36,1916
1,260,37,1,36,1917
5,2881,49,13,36,1918
1,339,39,3,36,1919
1,317,42,6,36,1920
5,2671,40,4,36,1921
1,375,58,22,36,1922
1,1360,37,1,36,1923
1,1417,42,6,36,1924
5,2318,37,1,36,1925
1,1475,58,22,36,1926
2,97,71,36,35,1927
5,2608,44,9,35,1928
5,2600,38,3,35,1929
3,3639,37,2,35,1930
3,1209,38,3,35,1931
5,427,47,12,35,1932
2,1075,52,17,35,1933
1,348,38,3,35,1934
3,1064,58,23,35,1935
4,513,50,15,35,1936
5,225,37,2,35,1937
1,1448,38,3,35,1938
3,550,42,7,35,1939
3,1595,52,17,35,1940
3,1946,36,1,35,1941
3,1739,37,2,35,1942
1,1652,38,3,35,1943
3,2964,58,23,35,1944
2,969,71,36,35,1945
3,2450,42,7,35,1946
5,1016,38,3,35,1947
3,3480,37,2,35,1948
5,2011,47,12,35,1949
3,1580,37,2,35,1950
5,1024,44,9,35,1951
4,1317,50,15,35,1952
3,46,36,1,35,1953
5,1700,39,4,35,1954
5,1809,37,2,35,1955
3,3495,52,17,35,1956
5,116,39,4,35,1957
3,3109,38,3,35,1958
2,203,52,17,35,1959
1,552,38,3,35,1960
3,3175,40,6,34,1961
2,70,35,1,34,1962
2,576,38,4,34,1963
2,1259,51,17,34,1964
5,627,61,27,34,1965
3,1361,41,7,34,1966
2,1587,35,1,34,1967
4,1273,54,20,34,1968
3,1275,40,6,34,1969
4,1311,46,12,34,1970
2,1448,38,4,34,1971
4,469,54,20,34,1972
4,507,46,12,34,1973
2,195,39,5,34,1974
3,3261,41,7,34,1975
2,715,35,1,34,1976
1,13,35,1,34,1977
4,204,39,5,34,1978
5,2177,52,18,34,1979
4,1008,39,5,34,1980
4,179,46,12,34,1981
2,1067,39,5,34,1982
4,983,46,12,34,1983
5,593,52,18,34,1984
5,2211,61,27,34,1985
2,387,51,17,34,1986
1,1113,35,1,34,1987
2,942,35,1,34,1988
5,1417,56,23,33,1989
4,1602,60,27,33,1990
3,2423,36,3,33,1991
5,2838,36,3,33,1992
2,86,34,1,33,1993
5,1027,66,33,33,1994
5,3083,49,16,33,1995
5,1762,43,10,33,1996
5,3001,56,23,33,1997
1,158,40,7,33,1998
5,2611,66,33,33,1999
1,1183,35,2,33,2000
5,178,43,10,33,2001
3,429,40,7,33,2002
5,1884,51,18,33,2003
1,1258,40,7,33,2004
5,1254,36,3,33,2005
3,2329,40,7,33,2006
3,523,36,3,33,2007
1,83,35,2,33,2008
5,300,51,18,33,2009
1,1380,35,2,33,2010
1,280,35,2,33,2011
5,1499,49,16,33,2012
2,958,34,1,33,2013
4,798,60,27,33,2014
1,481,95,63,32,2015
3,168,48,16,32,2016
5,303,50,18,32,2017
1,1581,95,63,32,2018
5,1887,50,18,32,2019
4,694,36,4,32,2020
1,1686,36,4,32,2021
1,586,36,4,32,2022
3,3193,96,64,32,2023
3,1293,96,64,32,2024
4,1010,34,2,32,2025
5,847,38,6,32,2026
5,2431,38,6,32,2027
4,206,34,2,32,2028
4,900,60,28,32,2029
1,1192,37,5,32,2030
3,2128,36,4,32,2031
3,2068,48,16,32,2032
5,1170,62,30,32,2033
1,92,37,5,32,2034
5,2754,62,30,32,2035
1,2025,34,2,32,2036
4,96,60,28,32,2037
1,925,34,2,32,2038
5,2628,37,5,32,2039
5,1494,33,1,32,2040
5,1044,37,5,32,2041
3,228,36,4,32,2042
4,1498,36,4,32,2043
5,3078,33,1,32,2044
1,2094,74,43,31,2045
1,799,44,13,31,2046
3,906,38,7,31,2047
5,859,38,7,31,2048
2,441,32,1,31,2049
5,253,36,5,31,2050
3,2806,38,7,31,2051
3,232,42,11,31,2052
5,845,56,25,31,2053
5,673,47,16,31,2054
3,305,40,9,31,2055
3,980,37,6,31,2056
5,1623,38,7,31,2057
3,2880,37,6,31,2058
2,257,35,4,31,2059
1,994,74,43,31,2060
2,563,37,6,31,2061
4,1394,36,5,31,2062
2,1129,35,4,31,2063
3,2205,40,9,31,2064
1,1899,44,13,31,2065
4,590,36,5,31,2066
2,1435,37,6,31,2067
5,2257,47,16,31,2068
5,39,38,7,31,2069
3,2132,42,11,31,2070
5,2429,56,25,31,2071
2,1313,32,1,31,2072
5,1837,36,5,31,2073
5,2443,38,7,31,2074
5,1255,42,12,30,2075
3,1257,65,35,30,2076
5,2340,45,15,30,2077
1,2154,45,15,30,2078
5,1191,48,18,30,2079
1,1054,45,15,30,2080
5,1583,36,6,30,2081
5,756,45,15,30,2082
3,1709,31,1,30,2083
1,731,33,3,30,2084
3,3724,34,4,30,2085
1,722,32,2,30,2086
3,3685,106,76,30,2087
1,1831,33,3,30,2088
3,3358,50,20,30,2089
3,3609,31,1,30,2090
3,2955,54,24,30,2091
5,187,38,8,30,2092
3,1785,106,76,30,2093
1,1822,32,2,30,2094
5,3167,36,6,30,2095
5,2775,48,18,30,2096
5,1977,31,1,30,2097
4,195,31,1,30,2098
3,1447,32,2,30,2099
5,393,31,1,30,2100
3,2665,46,16,30,2101
3,3347,32,2,30,2102
4,999,31,1,30,2103
3,1055,54,24,30,2104
3,1366,50,20,30,2105
3,1331,43,13,30,2106
5,1771,38,8,30,2107
3,885,32,2,30,2108
3,2785,32,2,30,2109
3,3266,50,20,30,2110
3,3231,43,13,30,2111
5,2839,42,12,30,2112
3,3157,65,35,30,2113
3,1824,34,4,30,2114
3,1458,50,20,30,2115
3,765,46,16,30,2116
5,2778,45,16,29,2117
5,1707,35,6,29,2118
3,457,77,48,29,2119
3,503,30,1,29,2120
5,2314,31,2,29,2121
2,149,31,2,29,2122
4,27,31,2,29,2123
5,1485,42,13,29,2124
2,735,33,4,29,2125
2,721,35,6,29,2126
1,1057,38,9,29,2127
4,1507,33,4,29,2128
3,2064,36,7,29,2129
2,1021,31,2,29,2130
1,2157,38,9,29,2131
4,831,31,2,29,2132
3,1996,35,6,29,2133
3,1601,116,87,29,2134
3,3336,35,6,29,2135
3,96,35,6,29,2136
3,2357,77,48,29,2137
1,759,42,13,29,2138
3,164,36,7,29,2139
2,1607,33,4,29,2140
1,1859,42,13,29,2141
1,279,31,2,29,2142
3,1436,35,6,29,2143
3,3131,32,3,29,2144
5,3069,42,13,29,2145
3,2403,30,1,29,2146
3,3501,116,87,29,2147
3,1231,32,3,29,2148
5,730,31,2,29,2149
5,1194,45,16,29,2150
5,123,35,6,29,2151
4,703,33,4,29,2152
2,481,42,13,29,2153
2,1593,35,6,29,2154
1,1379,31,2,29,2155
2,1353,42,13,29,2156
5,1457,30,2,28,2157
4,288,31,3,28,2158
3,1379,63,35,28,2159
5,2005,40,12,28,2160
5,1475,31,3,28,2161
3,3279,63,35,28,2162
2,245,96,68,28,2163
5,1850,29,1,28,2164
5,421,40,12,28,2165
1,1571,37,9,28,2166
3,2555,55,27,28,2167
5,3041,30,2,28,2168
5,266,29,1,28,2169
3,1135,31,3,28,2170
3,3155,30,2,28,2171
3,3035,31,3,28,2172
5,3059,31,3,28,2173
2,1117,96,68,28,2174
1,471,37,9,28,2175
3,1255,30,2,28,2176
4,1092,31,3,28,2177
3,655,55,27,28,2178
5,334,36,9,27,2179
1,605,31,4,27,2180
3,971,40,13,27,2181
3,1218,28,1,27,2182
3,2002,64,37,27,2183
5,67,34,7,27,2184
1,1705,31,4,27,2185
1,921,28,1,27,2186
5,2647,34,7,27,2187
3,1995,29,2,27,2188
5,2862,33,6,27,2189
3,1047,29,2,27,2190
1,814,28,1,27,2191
3,1109,36,9,27,2192
1,421,89,62,27,2193
5,1479,28,1,27,2194
3,3009,36,9,27,2195
3,95,29,2,27,2196
3,3118,28,1,27,2197
2,489,37,10,27,2198
2,666,107,80,27,2199
5,1535,35,8,27,2200
3,2947,29,2,27,2201
2,1538,107,80,27,2202
5,3063,28,1,27,2203
5,3119,35,8,27,2204
5,1278,33,6,27,2205
2,1361,37,10,27,2206
2,1369,32,5,27,2207
1,1355,31,4,27,2208
5,1651,34,7,27,2209
2,497,32,5,27,2210
1,2021,28,1,27,2211
3,806,32,5,27,2212
3,2871,40,13,27,2213
5,2001,30,3,27,2214
3,102,64,37,27,2215
3,2706,32,5,27,2216
3,907,28,1,27,2217
1,255,31,4,27,2218
5,2467,38,11,27,2219
1,1914,28,1,27,2220
5,2476,30,3,27,2221
1,1521,89,62,27,2222
3,2807,28,1,27,2223
5,1063,34,7,27,2224
5,883,38,11,27,2225
5,1918,36,9,27,2226
5,892,30,3,27,2227
5,417,30,3,27,2228
1,789,29,3,26,2229
2,1551,33,7,26,2230
3,3404,76,50,26,2231
2,1675,27,1,26,2232
3,0,36,10,26,2233
3,2275,27,1,26,2234
2,1684,65,39,26,2235
3,1504,76,50,26,2236
5,1600,28,2,26,2237
4,591,30,4,26,2238
2,115,44,18,26,2239
4,245,29,3,26,2240
2,803,27,1,26,2241
2,812,65,39,26,2242
1,585,28,2,26,2243
2,979,28,2,26,2244
2,987,44,18,26,2245
4,1395,30,4,26,2246
2,679,33,7,26,2247
3,2071,40,14,26,2248
5,2385,34,8,26,2249
1,1889,29,3,26,2250
2,107,28,2,26,2251
4,1583,28,2,26,2252
5,1818,34,8,26,2253
5,16,28,2,26,2254
1,1407,30,4,26,2255
5,2234,30,4,26,2256
2,1303,27,1,26,2257
2,1294,92,66,26,2258
3,1900,36,10,26,2259
5,234,34,8,26,2260
2,422,92,66,26,2261
3,2747,43,17,26,2262
2,431,27,1,26,2263
1,1685,28,2,26,2264
4,779,28,2,26,2265
3,375,27,1,26,2266
3,171,40,14,26,2267
5,801,34,8,26,2268
3,698,28,2,26,2269
1,307,30,4,26,2270
4,1049,29,3,26,2271
3,2598,28,2,26,2272
3,847,43,17,26,2273
5,650,30,4,26,2274
5,2222,26,1,25,2275
1,1384,29,4,25,2276
4,1125,47,22,25,2277
4,467,31,6,25,2278
4,826,29,4,25,2279
2,544,47,22,25,2280
3,3789,54,29,25,2281
5,638,26,1,25,2282
2,1195,26,1,25,2283
4,823,59,34,25,2284
2,323,26,1,25,2285
3,2040,29,4,25,2286
4,865,42,17,25,2287
4,19,59,34,25,2288
4,22,29,4,25,2289
4,1086,27,2,25,2290
3,2847,29,4,25,2291
4,321,47,22,25,2292
2,1416,47,22,25,2293
1,284,29,4,25,2294
3,1441,26,1,25,2295
3,3208,27,2,25,2296
3,1308,27,2,25,2297
5,2485,182,157,25,2298
1,829,26,1,25,2299
5,901,182,157,25,2300
3,947,29,4,25,2301
3,140,29,4,25,2302
4,282,27,2,25,2303
3,2771,34,9,25,2304
4,61,42,17,25,2305
3,1889,54,29,25,2306
4,1271,31,6,25,2307
1,1929,26,1,25,2308
3,3341,26,1,25,2309
5,1758,37,12,25,2310
3,871,34,9,25,2311
5,174,37,12,25,2312
5,361,34,10,24,2313
3,987,25,1,24,2314
2,810,31,7,24,2315
5,2305,35,11,24,2316
3,876,26,2,24,2317
3,1897,27,3,24,2318
3,1869,30,6,24,2319
2,933,33,9,24,2320
3,59,27,3,24,2321
3,787,44,20,24,2322
3,1693,29,5,24,2323
1,1270,29,5,24,2324
2,1682,31,7,24,2325
5,173,28,4,24,2326
5,939,26,2,24,2327
2,1633,26,2,24,2328
1,1613,32,8,24,2329
3,221,26,2,24,2330
3,1261,25,1,24,2331
5,1757,28,4,24,2332
2,1487,75,51,24,2333
5,2523,26,2,24,2334
5,721,35,11,24,2335
2,615,75,51,24,2336
1,1363,25,1,24,2337
3,1095,38,14,24,2338
3,933,26,2,24,2339
2,761,26,2,24,2340
3,2121,26,2,24,2341
3,3797,27,3,24,2342
2,61,33,9,24,2343
3,3769,30,6,24,2344
3,3593,29,5,24,2345
5,1945,34,10,24,2346
4,850,26,2,24,2347
3,2995,38,14,24,2348
3,3161,25,1,24,2349
4,539,29,5,24,2350
3,2833,26,2,24,2351
3,2776,26,2,24,2352
4,1378,29,5,24,2353
1,263,25,1,24,2354
3,2687,44,20,24,2355
1,513,32,8,24,2356
4,46,26,2,24,2357
3,1959,27,3,24,2358
4,1343,29,5,24,2359
4,574,29,5,24,2360
1,170,29,5,24,2361
3,2887,25,1,24,2362
3,3770,30,7,23,2363
3,2529,24,1,23,2364
3,3300,24,1,23,2365
2,1151,24,1,23,2366
2,201,85,62,23,2367
3,1323,31,8,23,2368
2,560,28,5,23,2369
2,1263,149,126,23,2370
3,629,24,1,23,2371
2,1099,24,1,23,2372
5,970,41,18,23,2373
4,427,31,8,23,2374
3,1531,35,12,23,2375
3,3431,35,12,23,2376
5,1037,74,51,23,2377
4,858,26,3,23,2378
4,861,29,6,23,2379
2,69,28,5,23,2380
2,1432,28,5,23,2381
5,2868,62,39,23,2382
3,541,24,1,23,2383
2,227,24,1,23,2384
4,1231,31,8,23,2385
5,2554,41,18,23,2386
4,673,29,6,23,2387
5,479,30,7,23,2388
3,1367,41,18,23,2389
3,3126,30,7,23,2390
5,2373,26,3,23,2391
3,3267,41,18,23,2392
5,2602,36,13,23,2393
5,2477,25,2,23,2394
3,1400,24,1,23,2395
3,799,29,6,23,2396
2,941,28,5,23,2397
2,391,149,126,23,2398
3,1271,28,5,23,2399
4,1514,29,6,23,2400
3,2441,24,1,23,2401
5,2479,25,2,23,2402
3,1226,30,7,23,2403
3,1870,30,7,23,2404
5,2621,74,51,23,2405
1,469,24,1,23,2406
1,1569,24,1,23,2407
3,2699,29,6,23,2408
4,1477,29,6,23,2409
5,789,26,3,23,2410
2,279,24,1,23,2411
5,2063,30,7,23,2412
3,3171,28,5,23,2413
5,895,25,2,23,2414
5,1284,62,39,23,2415
4,710,29,6,23,2416
2,1073,85,62,23,2417
4,54,26,3,23,2418
4,57,29,6,23,2419
5,1317,26,3,23,2420
5,1018,36,13,23,2421
3,3223,31,8,23,2422
5,2901,26,3,23,2423
5,893,25,2,23,2424
2,1663,43,21,22,2425
5,2018,26,4,22,2426
4,1095,25,3,22,2427
5,1893,23,1,22,2428
3,1249,27,5,22,2429
4,848,36,14,22,2430
3,1251,24,2,22,2431
3,2431,24,2,22,2432
3,3149,27,5,22,2433
3,377,27,5,22,2434
3,3151,24,2,22,2435
4,691,26,4,22,2436
1,1159,32,10,22,2437
3,2538,32,10,22,2438
1,1701,27,5,22,2439
2,494,27,5,22,2440
4,818,23,1,22,2441
5,2987,23,1,22,2442
2,1512,29,7,22,2443
4,897,26,4,22,2444
3,2277,27,5,22,2445
1,1493,24,2,22,2446
1,554,32,10,22,2447
5,1335,28,6,22,2448
5,2919,28,6,22,2449
4,93,26,4,22,2450
3,1706,27,5,22,2451
2,977,36,14,22,2452
5,1372,24,2,22,2453
5,309,23,1,22,2454
1,693,61,39,22,2455
5,1403,23,1,22,2456
4,1495,26,4,22,2457
3,2773,27,5,22,2458
4,291,25,3,22,2459
3,873,27,5,22,2460
2,791,43,21,22,2461
1,601,27,5,22,2462
1,393,24,2,22,2463
1,615,27,5,22,2464
2,105,36,14,22,2465
5,434,26,4,22,2466
4,44,36,14,22,2467
3,2565,26,4,22,2468
2,640,29,7,22,2469
5,1165,31,9,22,2470
3,3606,27,5,22,2471
1,1715,27,5,22,2472
1,1793,61,39,22,2473
5,2956,24,2,22,2474
2,1366,27,5,22,2475
5,2749,31,9,22,2476
3,638,32,10,22,2477
3,531,24,2,22,2478
5,2753,26,4,22,2479
4,14,23,1,22,2480
1,1654,32,10,22,2481
3,665,26,4,22,2482
1,59,32,10,22,2483
5,1169,26,4,22,2484
4,1024,22,1,21,2485
5,357,23,2,21,2486
5,271,25,4,21,2487
3,1244,23,2,21,2488
5,1941,23,2,21,2489
2,386,30,9,21,2490
3,1033,22,1,21,2491
5,185,69,48,21,2492
1,868,26,5,21,2493
1,325,29,8,21,2494
3,2933,22,1,21,2495
4,1138,27,6,21,2496
5,2661,26,5,21,2497
1,610,32,11,21,2498
3,3144,23,2,21,2499
4,547,23,2,21,2500
3,1264,24,3,21,2501
1,1710,32,11,21,2502
5,1077,26,5,21,2503
5,2423,32,11,21,2504
4,677,28,7,21,2505
4,334,27,6,21,2506
5,1175,38,17,21,2507
5,2759,38,17,21,2508
5,1855,25,4,21,2509
2,1258,30,9,21,2510
1,1425,29,8,21,2511
3,3793,29,8,21,2512
2,126,22,1,21,2513
5,1244,22,1,21,2514
5,3044,26,5,21,2515
5,1769,69,48,21,2516
5,2828,22,1,21,2517
5,870,28,7,21,2518
5,2454,28,7,21,2519
1,1968,26,5,21,2520
5,839,32,11,21,2521
4,1351,23,2,21,2522
4,1481,28,7,21,2523
3,1893,29,8,21,2524
3,3164,24,3,21,2525
5,1460,26,5,21,2526
4,220,22,1,21,2527
2,998,22,1,21,2528
4,365,24,4,20,2529
2,722,22,2,20,2530
3,2891,27,7,20,2531
5,1509,31,11,20,2532
2,970,22,2,20,2533
4,309,23,3,20,2534
2,872,23,3,20,2535
4,189,23,3,20,2536
1,983,36,16,20,2537
1,1561,22,2,20,2538
5,1426,24,4,20,2539
5,1432,23,3,20,2540
5,1931,50,30,20,2541
1,1599,32,12,20,2542
1,1021,57,37,20,2543
3,673,26,6,20,2544
5,3010,24,4,20,2545
1,2083,36,16,20,2546
3,3037,29,9,20,2547
3,3168,27,7,20,2548
1,2121,57,37,20,2549
5,3016,23,3,20,2550
1,1854,22,2,20,2551
2,469,29,9,20,2552
2,564,21,1,20,2553
3,388,21,1,20,2554
2,570,27,7,20,2555
3,2999,25,5,20,2556
3,3309,23,3,20,2557
3,3311,25,5,20,2558
5,347,50,30,20,2559
2,1594,22,2,20,2560
2,1442,27,7,20,2561
2,1436,21,1,20,2562
1,2008,24,4,20,2563
5,3093,31,11,20,2564
2,1341,29,9,20,2565
4,993,23,3,20,2566
3,496,28,8,20,2567
1,754,22,2,20,2568
3,2288,21,1,20,2569
1,499,32,12,20,2570
3,991,27,7,20,2571
3,2573,26,6,20,2572
2,98,22,2,20,2573
3,2396,28,8,20,2574
3,1411,25,5,20,2575
3,1409,23,3,20,2576
2,0,23,3,20,2577
4,1169,24,4,20,2578
3,1137,29,9,20,2579
1,908,24,4,20,2580
5,1872,29,9,20,2581
4,1113,23,3,20,2582
5,288,29,9,20,2583
3,1099,25,5,20,2584
3,1268,27,7,20,2585
1,461,22,2,20,2586
3,570,41,22,19,2587
2,1049,22,3,19,2588
5,2078,28,9,19,2589
3,2407,21,2,19,2590
3,142,22,3,19,2591
3,2950,38,19,19,2592
4,1180,24,5,19,2593
5,54,21,2,19,2594
5,521,21,2,19,2595
2,177,22,3,19,2596
3,1666,38,19,19,2597
3,507,21,2,19,2598
5,1298,26,7,19,2599
5,2770,23,4,19,2600
3,2470,41,22,19,2601
5,1186,23,4,19,2602
4,414,22,3,19,2603
5,1638,21,2,19,2604
3,2136,24,5,19,2605
3,236,24,5,19,2606
1,1441,36,17,19,2607
3,3566,38,19,19,2608
2,1397,21,2,19,2609
1,341,36,17,19,2610
1,1116,20,1,19,2611
4,376,24,5,19,2612
2,1429,24,5,19,2613
3,1437,20,1,19,2614
5,2105,21,2,19,2615
5,1049,21,2,19,2616
5,260,20,1,19,2617
2,1471,23,4,19,2618
5,186,21,2,19,2619
3,1050,38,19,19,2620
5,2633,21,2,19,2621
3,984,21,2,19,2622
1,811,29,10,19,2623
4,679,23,4,19,2624
1,16,20,1,19,2625
5,1770,21,2,19,2626
2,525,21,2,19,2627
3,805,30,11,19,2628
5,2882,26,7,19,2629
2,557,24,5,19,2630
3,2042,22,3,19,2631
4,1483,23,4,19,2632
3,3337,20,1,19,2633
4,1218,22,3,19,2634
5,2610,20,1,19,2635
5,1493,20,1,19,2636
5,1844,20,1,19,2637
5,494,28,9,19,2638
2,599,23,4,19,2639
5,3077,20,1,19,2640
5,1026,20,1,19,2641
3,2705,30,11,19,2642
3,2884,21,2,19,2643
3,1287,21,2,19,2644
1,1911,29,10,19,2645
3,3187,21,2,19,2646
1,1382,37,19,18,2647
5,3040,23,5,18,2648
1,114,21,3,18,2649
2,1701,19,1,18,2650
3,2365,26,8,18,2651
5,2680,21,3,18,2652
1,816,24,6,18,2653
5,2984,19,1,18,2654
5,1595,73,55,18,2655
5,962,20,2,18,2656
3,3069,19,1,18,2657
5,65,20,2,18,2658
1,282,37,19,18,2659
2,297,20,2,18,2660
2,1586,26,8,18,2661
3,3156,22,4,18,2662
1,1214,21,3,18,2663
1,2028,24,6,18,2664
3,1397,36,18,18,2665
2,1560,22,4,18,2666
2,1568,23,5,18,2667
3,1256,22,4,18,2668
3,2270,19,1,18,2669
5,1096,21,3,18,2670
3,2395,20,2,18,2671
5,2897,19,1,18,2672
3,1424,27,9,18,2673
3,170,31,13,18,2674
3,3324,27,9,18,2675
1,1618,36,18,18,2676
1,518,36,18,18,2677
4,998,19,1,18,2678
2,1169,20,2,18,2679
1,1757,35,17,18,2680
3,465,26,8,18,2681
1,39,23,5,18,2682
5,11,73,55,18,2683
5,1400,19,1,18,2684
5,2546,20,2,18,2685
5,2147,20,2,18,2686
2,688,22,4,18,2687
5,563,20,2,18,2688
1,347,19,1,18,2689
3,1006,31,13,18,2690
2,696,23,5,18,2691
5,1313,19,1,18,2692
5,1649,20,2,18,2693
1,1916,24,6,18,2694
3,2906,31,13,18,2695
4,95,20,2,18,2696
3,2070,31,13,18,2697
4,115,62,44,18,2698
1,657,35,17,18,2699
5,1374,20,2,18,2700
2,714,26,8,18,2701
3,746,41,23,18,2702
1,1447,19,1,18,2703
3,495,20,2,18,2704
2,829,19,1,18,2705
1,1139,23,5,18,2706
5,2228,19,1,18,2707
1,618,24,6,18,2708
1,1718,24,6,18,2709
5,1456,23,5,18,2710
3,370,19,1,18,2711
3,1169,19,1,18,2712
5,318,36,18,18,2713
3,3297,36,18,18,2714
5,644,19,1,18,2715
5,1902,36,18,18,2716
4,194,19,1,18,2717
4,919,62,44,18,2718
5,2958,20,2,18,2719
4,899,20,2,18,2720
3,2646,41,23,18,2721
1,928,24,6,18,2722
4,680,19,2,17,2723
4,184,18,1,17,2724
1,1906,27,10,17,2725
2,867,22,5,17,2726
1,1931,18,1,17,2727
3,1980,26,9,17,2728
5,1847,22,5,17,2729
2,161,20,3,17,2730
3,3304,19,2,17,2731
1,806,27,10,17,2732
4,1484,19,2,17,2733
5,2173,18,1,17,2734
3,1825,23,6,17,2735
5,50,21,4,17,2736
3,3426,23,6,17,2737
4,544,20,3,17,2738
3,2180,19,2,17,2739
5,57,18,1,17,2740
2,1283,22,5,17,2741
4,1308,18,1,17,2742
3,3725,23,6,17,2743
5,2344,22,5,17,2744
4,504,18,1,17,2745
3,1526,23,6,17,2746
5,75,23,6,17,2747
5,1124,18,1,17,2748
5,1810,19,2,17,2749
3,2236,18,1,17,2750
3,1404,19,2,17,2751
4,1348,20,3,17,2752
3,2123,20,3,17,2753
2,1107,24,7,17,2754
4,42,18,1,17,2755
4,45,19,2,17,2756
5,2326,21,4,17,2757
2,235,24,7,17,2758
2,1033,20,3,17,2759
4,59,62,45,17,2760
4,1580,24,7,17,2761
5,1865,20,3,17,2762
5,1867,19,2,17,2763
5,2708,18,1,17,2764
5,1659,23,6,17,2765
5,760,22,5,17,2766
3,80,26,9,17,2767
4,849,19,2,17,2768
3,3167,19,2,17,2769
2,411,22,5,17,2770
3,1267,19,2,17,2771
3,1942,22,5,17,2772
4,846,18,1,17,2773
3,804,24,7,17,2774
5,176,30,13,17,2775
3,731,19,2,17,2776
5,632,19,2,17,2777
5,637,19,2,17,2778
3,2631,19,2,17,2779
5,1634,21,4,17,2780
3,223,20,3,17,2781
4,776,24,7,17,2782
3,1141,18,1,17,2783
5,226,19,2,17,2784
5,742,21,4,17,2785
3,336,18,1,17,2786
3,280,19,2,17,2787
3,2465,36,19,17,2788
3,3041,18,1,17,2789
5,1641,18,1,17,2790
5,589,18,1,17,2791
5,1760,30,13,17,2792
2,1739,22,5,17,2793
5,283,19,2,17,2794
4,988,18,1,17,2795
5,2221,19,2,17,2796
5,2216,19,2,17,2797
1,831,18,1,17,2798
3,1307,35,18,17,2799
4,863,62,45,17,2800
3,3207,35,18,17,2801
3,565,36,19,17,2802
5,281,20,3,17,2803
3,42,22,5,17,2804
3,2809,22,5,17,2805
3,2704,24,7,17,2806
5,263,22,5,17,2807
3,909,22,5,17,2808
2,1215,32,16,16,2809
5,2306,24,8,16,2810
1,428,18,2,16,2811
5,2849,69,53,16,2812
4,69,20,4,16,2813
2,210,20,4,16,2814
5,1943,20,4,16,2815
2,343,32,16,16,2816
5,3136,17,1,16,2817
2,1265,80,64,16,2818
5,1826,32,16,16,2819
1,821,18,2,16,2820
5,2220,24,8,16,2821
3,1748,20,4,16,2822
5,2310,18,2,16,2823
5,1365,37,21,16,2824
1,434,17,1,16,2825
2,1082,20,4,16,2826
3,500,18,2,16,2827
1,1085,148,132,16,2828
3,729,28,12,16,2829
3,307,20,4,16,2830
4,1093,18,2,16,2831
2,1111,17,1,16,2832
5,242,32,16,16,2833
4,383,23,7,16,2834
5,1265,69,53,16,2835
5,2755,28,12,16,2836
4,1595,17,1,16,2837
4,397,24,8,16,2838
5,636,24,8,16,2839
2,693,29,13,16,2840
5,1171,28,12,16,2841
2,929,26,10,16,2842
5,722,24,8,16,2843
2,393,80,64,16,2844
4,192,19,3,16,2845
3,2896,25,9,16,2846
1,629,19,3,16,2847
1,1869,26,10,16,2848
4,1187,23,7,16,2849
3,2400,18,2,16,2850
2,239,17,1,16,2851
5,2465,32,16,16,2852
1,1244,19,3,16,2853
5,171,18,2,16,2854
1,2029,21,5,16,2855
3,996,25,9,16,2856
2,1565,29,13,16,2857
4,725,46,30,16,2858
3,975,17,1,16,2859
1,2185,148,132,16,2860
5,881,32,16,16,2861
4,289,18,2,16,2862
2,57,26,10,16,2863
5,359,20,4,16,2864
4,1201,24,8,16,2865
1,1921,18,2,16,2866
4,996,19,3,16,2867
1,1194,22,6,16,2868
1,2092,17,1,16,2869
3,2875,17,1,16,2870
5,1755,18,2,16,2871
1,94,22,6,16,2872
5,726,18,2,16,2873
4,1529,46,30,16,2874
1,1729,19,3,16,2875
5,1552,17,1,16,2876
3,3648,20,4,16,2877
1,1528,18,2,16,2878
3,2207,20,4,16,2879
4,791,17,1,16,2880
4,873,20,4,16,2881
1,929,21,5,16,2882
3,2629,28,12,16,2883
5,2949,37,21,16,2884
1,144,19,3,16,2885
1,992,17,1,16,2886
1,1534,17,1,16,2887
1,769,26,10,16,2888
1,356,27,12,15,2889
1,633,17,2,15,2890
5,455,16,1,15,2891
3,2066,18,3,15,2892
3,2740,145,130,15,2893
4,957,16,1,15,2894
1,24,18,3,15,2895
4,153,16,1,15,2896
1,1529,16,1,15,2897
3,840,145,130,15,2898
5,1413,17,2,15,2899
3,2601,18,3,15,2900
3,1793,71,56,15,2901
3,701,18,3,15,2902
3,1317,21,6,15,2903
3,2110,20,5,15,2904
3,3181,18,3,15,2905
2,1415,16,1,15,2906
3,211,17,2,15,2907
3,210,20,5,15,2908
3,1417,18,3,15,2909
3,166,18,3,15,2910
5,2498,18,3,15,2911
1,1336,39,24,15,2912
3,3439,22,7,15,2913
3,1281,18,3,15,2914
3,1292,24,9,15,2915
3,3192,24,9,15,2916
5,2997,17,2,15,2917
5,864,21,6,15,2918
3,3217,21,6,15,2919
5,2448,21,6,15,2920
1,477,18,3,15,2921
1,236,39,24,15,2922
3,3317,18,3,15,2923
1,815,16,1,15,2924
4,1210,19,4,15,2925
5,914,18,3,15,2926
1,822,16,1,15,2927
3,3519,17,2,15,2928
3,222,17,2,15,2929
1,429,16,1,15,2930
5,3141,18,3,15,2931
3,1077,19,4,15,2932
3,2111,17,2,15,2933
5,2325,24,9,15,2934
2,1072,72,57,15,2935
4,1603,19,4,15,2936
3,1619,17,2,15,2937
1,1456,27,12,15,2938
3,2122,17,2,15,2939
3,2977,19,4,15,2940
1,1124,18,3,15,2941
5,651,16,1,15,2942
3,2228,21,6,15,2943
4,406,19,4,15,2944
5,213,22,7,15,2945
3,328,21,6,15,2946
5,48,16,1,15,2947
3,1539,22,7,15,2948
3,3693,71,56,15,2949
4,799,19,4,15,2950
5,741,24,9,15,2951
1,861,18,3,15,2952
1,744,34,19,15,2953
1,781,68,53,15,2954
1,1915,16,1,15,2955
1,1577,18,3,15,2956
5,2039,16,1,15,2957
2,543,16,1,15,2958
5,2235,16,1,15,2959
1,1961,18,3,15,2960
1,1922,16,1,15,2961
5,1557,18,3,15,2962
1,1844,34,19,15,2963
2,200,72,57,15,2964
5,1797,22,7,15,2965
1,1881,68,53,15,2966
5,1632,16,1,15,2967
1,1733,17,2,15,2968
5,989,21,7,14,2969
2,581,50,36,14,2970
5,2353,333,319,14,2971
5,2193,59,45,14,2972
5,769,333,319,14,2973
5,2706,15,1,14,2974
1,803,19,5,14,2975
1,1903,19,5,14,2976
4,348,58,44,14,2977
3,3331,20,6,14,2978
3,1194,19,5,14,2979
5,1625,17,3,14,2980
3,216,16,2,14,2981
3,2116,16,2,14,2982
5,1869,17,3,14,2983
3,3092,23,9,14,2984
5,227,17,3,14,2985
3,3474,20,6,14,2986
4,1342,17,3,14,2987
3,1609,16,2,14,2988
3,3094,19,5,14,2989
5,285,17,3,14,2990
3,1192,23,9,14,2991
1,795,139,125,14,2992
4,1435,16,2,14,2993
1,2175,25,11,14,2994
3,2912,20,6,14,2995
5,1811,17,3,14,2996
3,1637,16,2,14,2997
3,2870,17,3,14,2998
3,1574,20,6,14,2999
5,41,17,3,14,3000
3,2921,15,1,14,3001
4,412,16,2,14,3002
1,659,15,1,14,3003
2,1680,15,1,14,3004
3,3350,15,1,14,3005
3,2945,16,2,14,3006
1,1371,18,4,14,3007
2,156,82,68,14,3008
4,1486,18,4,14,3009
1,1515,15,1,14,3010
1,1895,139,125,14,3011
3,1450,15,1,14,3012
3,1431,20,6,14,3013
1,1294,15,1,14,3014
4,1447,15,1,14,3015
3,278,15,1,14,3016
2,1028,82,68,14,3017
3,1045,16,2,14,3018
2,1544,15,1,14,3019
3,1021,15,1,14,3020
1,1759,15,1,14,3021
3,3537,16,2,14,3022
3,3536,21,7,14,3023
2,1325,17,3,14,3024
5,720,15,1,14,3025
3,2456,30,16,14,3026
3,661,15,1,14,3027
3,441,58,44,14,3028
4,643,15,1,14,3029
1,1137,21,7,14,3030
5,2573,21,7,14,3031
4,1152,58,44,14,3032
1,194,15,1,14,3033
3,2517,16,2,14,3034
3,3509,16,2,14,3035
2,453,17,3,14,3036
3,617,16,2,14,3037
2,672,15,1,14,3038
1,1075,25,11,14,3039
5,2304,15,1,14,3040
3,556,30,16,14,3041
3,2561,15,1,14,3042
5,609,59,45,14,3043
5,1122,15,1,14,3044
4,682,18,4,14,3045
1,415,15,1,14,3046
3,403,19,5,14,3047
3,428,21,7,14,3048
3,1636,21,7,14,3049
3,2328,21,7,14,3050
4,631,16,2,14,3051
3,2178,15,1,14,3052
4,520,15,1,14,3053
3,970,17,3,14,3054
1,271,18,4,14,3055
4,1324,15,1,14,3056
2,808,15,1,14,3057
3,2303,19,5,14,3058
4,538,17,3,14,3059
1,37,21,7,14,3060
3,2341,58,44,14,3061
3,1012,20,6,14,3062
4,1216,16,2,14,3063
2,1453,50,36,14,3064
5,1344,18,5,13,3065
5,2928,18,5,13,3066
5,1112,18,5,13,3067
3,1695,16,3,13,3068
3,2137,15,2,13,3069
4,1058,18,5,13,3070
3,3727,23,10,13,3071
3,2537,18,5,13,3072
3,3595,16,3,13,3073
2,631,15,2,13,3074
5,2826,16,3,13,3075
3,1827,23,10,13,3076
3,2763,19,6,13,3077
4,589,20,7,13,3078
3,2449,22,9,13,3079
3,1947,17,4,13,3080
3,2021,46,33,13,3081
3,1941,14,1,13,3082
3,2337,19,6,13,3083
5,2176,15,2,13,3084
5,1033,16,3,13,3085
2,1503,15,2,13,3086
1,447,29,16,13,3087
5,1548,15,2,13,3088
4,1393,20,7,13,3089
2,1647,16,3,13,3090
5,2164,18,5,13,3091
3,2525,28,15,13,3092
2,1649,79,66,13,3093
3,3489,14,1,13,3094
5,3132,15,2,13,3095
3,237,15,2,13,3096
3,1007,24,11,13,3097
2,347,14,1,13,3098
5,1242,16,3,13,3099
1,1946,14,1,13,3100
2,775,16,3,13,3101
5,1735,17,4,13,3102
1,1845,14,1,13,3103
5,495,30,17,13,3104
5,757,15,2,13,3105
3,1171,14,1,13,3106
3,3071,14,1,13,3107
5,1424,22,9,13,3108
5,2696,18,5,13,3109
3,1263,14,1,13,3110
5,1962,16,3,13,3111
5,3008,22,9,13,3112
3,625,28,15,13,3113
1,968,16,3,13,3114
3,3163,14,1,13,3115
2,777,79,66,13,3116
1,970,18,5,13,3117
5,524,19,6,13,3118
5,378,16,3,13,3119
3,863,19,6,13,3120
3,637,18,5,13,3121
5,2207,15,2,13,3122
3,3185,16,3,13,3123
1,2070,18,5,13,3124
5,2617,16,3,13,3125
1,2068,16,3,13,3126
3,437,19,6,13,3127
1,846,14,1,13,3128
3,1285,16,3,13,3129
5,623,15,2,13,3130
5,2341,15,2,13,3131
3,2907,24,11,13,3132
3,1589,14,1,13,3133
5,592,15,2,13,3134
5,580,18,5,13,3135
1,1547,29,16,13,3136
4,872,14,1,13,3137
3,41,14,1,13,3138
3,47,17,4,13,3139
2,1219,14,1,13,3140
4,254,18,5,13,3141
1,745,14,1,13,3142
5,2108,19,6,13,3143
4,68,14,1,13,3144
5,96,15,2,13,3145
3,549,22,9,13,3146
4,21,16,3,13,3147
3,1372,17,4,13,3148
3,3272,17,4,13,3149
5,151,17,4,13,3150
5,1680,15,2,13,3151
5,2079,30,17,13,3152
1,2125,14,1,13,3153
4,825,16,3,13,3154
1,1025,14,1,13,3155
3,1380,15,2,13,3156
3,1387,14,1,13,3157
3,3280,15,2,13,3158
3,121,46,33,13,3159
3,3287,14,1,13,3160
3,3273,15,3,12,3161
1,414,17,5,12,3162
2,1071,14,2,12,3163
5,3042,14,2,12,3164
2,1331,18,6,12,3165
5,2930,14,2,12,3166
4,1003,18,6,12,3167
2,643,14,2,12,3168
3,2892,13,1,12,3169
1,1818,21,9,12,3170
4,875,22,10,12,3171
4,869,77,65,12,3172
2,1200,20,8,12,3173
1,1597,23,11,12,3174
1,2173,16,4,12,3175
3,2830,14,2,12,3176
2,637,13,1,12,3177
1,1856,42,30,12,3178
3,2772,13,1,12,3179
5,1187,16,4,12,3180
1,392,13,1,12,3181
3,2716,14,2,12,3182
1,254,15,3,12,3183
5,3018,22,10,12,3184
1,2195,22,10,12,3185
3,3224,22,10,12,3186
5,1933,13,1,12,3187
2,755,15,3,12,3188
1,433,16,4,12,3189
5,1635,70,58,12,3190
5,349,13,1,12,3191
3,930,14,2,12,3192
3,992,13,1,12,3193
1,1687,14,2,12,3194
5,286,26,14,12,3195
2,328,20,8,12,3196
1,1642,15,3,12,3197
3,872,13,1,12,3198
5,223,13,1,12,3199
3,1324,22,10,12,3200
1,798,16,4,12,3201
3,1373,15,3,12,3202
1,772,14,2,12,3203
5,101,29,17,12,3204
1,1680,14,2,12,3205
5,685,14,2,12,3206
1,756,42,30,12,3207
3,595,16,4,12,3208
1,1095,22,10,12,3209
3,526,13,1,12,3210
3,554,16,4,12,3211
1,1108,20,8,12,3212
1,1073,16,4,12,3213
3,482,14,2,12,3214
3,631,19,7,12,3215
5,681,16,4,12,3216
2,459,18,6,12,3217
1,1142,264,252,12,3218
5,1685,29,17,12,3219
3,816,14,2,12,3220
1,1677,13,1,12,3221
3,363,14,2,12,3222
1,1233,13,1,12,3223
1,1242,21,9,12,3224
1,1354,15,3,12,3225
2,1515,14,2,12,3226
1,577,13,1,12,3227
4,1415,13,1,12,3228
2,1567,17,5,12,3229
2,99,14,2,12,3230
5,1870,26,14,12,3231
1,542,15,3,12,3232
3,2263,14,2,12,3233
2,131,17,5,12,3234
1,497,23,11,12,3235
3,2382,14,2,12,3236
3,2426,13,1,12,3237
3,2454,16,4,12,3238
3,2495,16,4,12,3239
3,2531,19,7,12,3240
1,580,14,2,12,3241
1,587,14,2,12,3242
3,1503,15,3,12,3243
5,865,13,1,12,3244
5,2459,15,3,12,3245
3,1542,17,5,12,3246
5,51,70,58,12,3247
5,1807,13,1,12,3248
2,199,14,2,12,3249
1,718,21,9,12,3250
5,2449,13,1,12,3251
2,1608,15,3,12,3252
5,875,15,3,12,3253
5,2771,16,4,12,3254
3,1687,13,1,12,3255
4,1474,15,3,12,3256
2,1627,15,3,12,3257
4,1461,15,3,12,3258
3,1805,14,2,12,3259
2,1509,13,1,12,3260
3,3587,13,1,12,3261
2,1003,17,5,12,3262
2,971,14,2,12,3263
4,657,15,3,12,3264
5,1346,14,2,12,3265
5,1434,22,10,12,3266
1,42,264,252,12,3267
1,1533,16,4,12,3268
1,1492,13,1,12,3269
5,2269,14,2,12,3270
1,1514,17,5,12,3271
1,133,13,1,12,3272
4,611,13,1,12,3273
3,3442,17,5,12,3274
3,3403,15,3,12,3275
5,1458,14,2,12,3276
3,3705,14,2,12,3277
5,2265,16,4,12,3278
2,695,17,5,12,3279
4,199,18,6,12,3280
4,71,22,10,12,3281
1,1872,14,2,12,3282
1,8,20,8,12,3283
2,736,15,3,12,3284
1,142,21,9,12,3285
4,670,15,3,12,3286
4,65,77,65,12,3287
1,1898,16,4,12,3288
4,530,13,2,11,3289
1,622,12,1,11,3290
1,362,22,11,11,3291
2,517,18,7,11,3292
3,2886,13,2,11,3293
3,2882,20,9,11,3294
5,683,13,2,11,3295
3,870,108,97,11,3296
3,1592,13,2,11,3297
1,1513,12,1,11,3298
5,2751,13,2,11,3299
3,338,12,1,11,3300
5,1167,13,2,11,3301
4,1232,13,2,11,3302
4,304,29,18,11,3303
4,1334,13,2,11,3304
1,73,16,5,11,3305
3,2221,72,61,11,3306
4,70,14,3,11,3307
2,1637,44,33,11,3308
3,321,72,61,11,3309
5,1231,12,1,11,3310
5,646,14,3,11,3311
1,1722,12,1,11,3312
3,3016,12,1,11,3313
5,2267,13,2,11,3314
3,3012,21,10,11,3315
1,2126,15,4,11,3316
1,1026,15,4,11,3317
3,3418,13,2,11,3318
3,702,14,3,11,3319
5,2721,12,1,11,3320
1,2131,16,5,11,3321
3,2238,12,1,11,3322
3,2981,12,1,11,3323
1,342,14,3,11,3324
4,428,13,2,11,3325
3,1381,16,5,11,3326
3,2942,16,5,11,3327
4,874,14,3,11,3328
2,1227,14,3,11,3329
1,958,13,2,11,3330
5,2815,12,1,11,3331
3,1972,19,8,11,3332
3,1510,18,7,11,3333
5,2505,17,6,11,3334
2,1389,18,7,11,3335
3,1112,21,10,11,3336
5,3137,13,2,11,3337
5,2230,14,3,11,3338
4,1108,29,18,11,3339
3,1116,12,1,11,3340
3,72,19,8,11,3341
3,3511,14,3,11,3342
1,491,20,9,11,3343
3,2482,14,3,11,3344
3,3631,14,3,11,3345
1,1743,19,8,11,3346
3,1157,15,4,11,3347
3,2074,13,2,11,3348
5,85,15,4,11,3349
3,1219,12,1,11,3350
5,2086,13,2,11,3351
1,1173,16,5,11,3352
1,157,16,5,11,3353
2,823,14,3,11,3354
1,1031,16,5,11,3355
3,174,13,2,11,3356
3,982,20,9,11,3357
2,355,14,3,11,3358
3,986,13,2,11,3359
2,4,20,9,11,3360
4,1027,12,1,11,3361
5,1553,13,2,11,3362
5,1137,12,1,11,3363
2,876,20,9,11,3364
3,1081,12,1,11,3365
1,413,12,1,11,3366
3,2602,14,3,11,3367
1,1257,16,5,11,3368
3,1518,13,2,11,3369
3,1042,16,5,11,3370
1,1197,16,5,11,3371
1,1798,13,2,11,3372
3,3492,13,2,11,3373
5,502,13,2,11,3374
3,2770,108,97,11,3375
3,582,14,3,11,3376
1,1591,20,9,11,3377
3,1833,44,33,11,3378
3,3733,44,33,11,3379
1,97,16,5,11,3380
1,1462,22,11,11,3381
2,1695,14,3,11,3382
1,643,19,8,11,3383
4,739,12,1,11,3384
4,1530,21,10,11,3385
5,921,17,6,11,3386
4,726,21,10,11,3387
1,1442,14,3,11,3388
5,3061,15,4,11,3389
4,1543,12,1,11,3390
1,189,28,17,11,3391
5,1477,15,4,11,3392
3,3281,16,5,11,3393
5,1669,15,4,11,3394
2,765,44,33,11,3395
1,2058,13,2,11,3396
1,698,13,2,11,3397
3,3119,12,1,11,3398
4,223,12,1,11,3399
3,1731,14,3,11,3400
3,1611,14,3,11,3401
3,3410,18,7,11,3402
1,1289,28,17,11,3403
3,3057,15,4,11,3404
5,1032,11,1,10,3405
4,728,51,41,10,3406
2,1674,13,3,10,3407
5,202,12,2,10,3408
3,2417,13,3,10,3409
1,1309,11,1,10,3410
4,992,15,5,10,3411
3,2736,15,5,10,3412
3,1964,14,4,10,3413
3,2418,18,8,10,3414
5,1674,12,2,10,3415
3,518,18,8,10,3416
5,90,12,2,10,3417
1,1526,37,27,10,3418
3,1615,11,1,10,3419
1,391,11,1,10,3420
1,1261,18,8,10,3421
5,1081,11,1,10,3422
1,25,18,8,10,3423
5,262,14,4,10,3424
3,34,16,6,10,3425
3,605,31,21,10,3426
3,2791,21,11,10,3427
3,1934,16,6,10,3428
5,1330,11,1,10,3429
3,517,13,3,10,3430
3,945,11,1,10,3431
4,1353,13,3,10,3432
5,1332,11,1,10,3433
3,2760,16,6,10,3434
3,901,12,2,10,3435
1,470,11,1,10,3436
4,1279,34,24,10,3437
5,753,13,3,10,3438
3,3633,11,1,10,3439
3,3216,46,36,10,3440
1,1570,11,1,10,3441
4,1532,51,41,10,3442
3,1530,42,32,10,3443
3,3263,11,1,10,3444
5,1999,22,12,10,3445
5,251,13,3,10,3446
4,437,19,9,10,3447
5,252,13,3,10,3448
1,161,18,8,10,3449
3,64,14,4,10,3450
3,1733,11,1,10,3451
5,2914,11,1,10,3452
5,2337,13,3,10,3453
1,426,37,27,10,3454
5,2916,11,1,10,3455
1,209,11,1,10,3456
1,1286,34,24,10,3457
3,1015,19,9,10,3458
5,2217,11,1,10,3459
5,2803,11,1,10,3460
3,2045,23,13,10,3461
3,3795,49,39,10,3462
4,475,34,24,10,3463
5,559,18,8,10,3464
5,1846,14,4,10,3465
5,2143,18,8,10,3466
5,2665,11,1,10,3467
1,401,15,5,10,3468
3,2505,31,21,10,3469
5,2904,13,3,10,3470
3,3515,11,1,10,3471
3,2801,12,2,10,3472
4,549,13,3,10,3473
3,891,21,11,10,3474
5,1786,12,2,10,3475
3,3319,12,2,10,3476
5,1320,13,3,10,3477
3,1895,49,39,10,3478
1,1923,16,6,10,3479
1,823,16,6,10,3480
3,3327,18,8,10,3481
3,1316,46,36,10,3482
3,1694,11,1,10,3483
3,836,15,5,10,3484
5,1835,13,3,10,3485
5,415,22,12,10,3486
1,1268,64,54,10,3487
4,1241,19,9,10,3488
2,397,25,15,10,3489
3,1419,12,2,10,3490
1,186,34,24,10,3491
5,2616,11,1,10,3492
3,373,93,83,10,3493
3,3430,42,32,10,3494
5,1219,11,1,10,3495
5,633,11,1,10,3496
3,2915,19,9,10,3497
3,1427,18,8,10,3498
1,1125,18,8,10,3499
5,628,18,8,10,3500
5,1836,13,3,10,3501
3,145,23,13,10,3502
5,2212,18,8,10,3503
2,802,13,3,10,3504
3,1363,11,1,10,3505
3,2845,11,1,10,3506
3,3594,11,1,10,3507
1,168,64,54,10,3508
5,951,11,1,10,3509
3,860,16,6,10,3510
1,1491,11,1,10,3511
5,2535,11,1,10,3512
1,1501,15,5,10,3513
4,188,15,5,10,3514
2,1269,25,15,10,3515
3,2273,93,83,10,3516
3,3790,10,1,9,3517
5,1035,24,15,9,3518
5,1046,13,4,9,3519
3,1365,17,8,9,3520
1,751,12,3,9,3521
5,259,15,6,9,3522
3,1369,14,5,9,3523
3,2540,10,1,9,3524
3,2551,18,9,9,3525
2,1400,11,2,9,3526
5,1015,14,5,9,3527
1,809,10,1,9,3528
4,1099,10,1,9,3529
1,694,28,19,9,3530
3,245,10,1,9,3531
2,1486,12,3,9,3532
5,1852,12,3,9,3533
5,2499,13,4,9,3534
5,2874,10,1,9,3535
4,276,12,3,9,3536
5,2853,11,2,9,3537
5,139,14,5,9,3538
1,804,60,51,9,3539
5,2319,10,1,9,3540
3,2325,17,8,9,3541
5,581,14,5,9,3542
2,614,12,3,9,3543
3,2414,15,6,9,3544
3,1757,12,3,9,3545
3,514,15,6,9,3546
1,1187,10,1,9,3547
2,1056,14,5,9,3548
3,2215,14,5,9,3549
5,894,10,1,9,3550
5,903,16,7,9,3551
5,2165,14,5,9,3552
5,1490,17,8,9,3553
1,842,25,16,9,3554
2,291,10,1,9,3555
3,3302,18,9,9,3556
5,2478,10,1,9,3557
5,1290,10,1,9,3558
5,915,13,4,9,3559
3,1304,12,3,9,3560
2,528,11,2,9,3561
2,184,14,5,9,3562
3,2512,10,1,9,3563
1,898,13,4,9,3564
1,1998,13,4,9,3565
2,760,10,1,9,3566
2,495,13,4,9,3567
3,2326,11,2,9,3568
1,783,11,2,9,3569
3,2145,10,1,9,3570
4,98,15,6,9,3571
1,2043,11,2,9,3572
1,1904,60,51,9,3573
1,1747,10,1,9,3574
3,1402,18,9,9,3575
1,826,14,5,9,3576
4,29,16,7,9,3577
5,2241,13,4,9,3578
1,1794,28,19,9,3579
1,1851,12,3,9,3580
3,2889,18,9,9,3581
5,525,15,6,9,3582
5,676,44,35,9,3583
2,1632,10,1,9,3584
5,2619,24,15,9,3585
4,902,15,6,9,3586
5,680,24,15,9,3587
4,295,10,1,9,3588
1,87,10,1,9,3589
1,647,10,1,9,3590
3,2823,14,5,9,3591
3,883,10,1,9,3592
1,2026,13,4,9,3593
3,612,10,1,9,3594
3,3269,14,5,9,3595
3,1939,10,1,9,3596
5,2487,16,7,9,3597
3,1940,12,3,9,3598
4,958,13,4,9,3599
5,624,10,1,9,3600
3,1945,12,3,9,3601
1,964,11,2,9,3602
1,1883,11,2,9,3603
5,1843,15,6,9,3604
1,1909,10,1,9,3605
3,1890,10,1,9,3606
3,40,12,3,9,3607
4,833,16,7,9,3608
3,426,11,2,9,3609
3,425,17,8,9,3610
1,1029,25,16,9,3611
2,1027,12,3,9,3612
4,191,11,2,9,3613
3,651,18,9,9,3614
1,1926,14,5,9,3615
5,2450,10,1,9,3616
2,1163,10,1,9,3617
1,2129,25,16,9,3618
5,866,10,1,9,3619
3,640,10,1,9,3620
5,2208,10,1,9,3621
1,2107,11,2,9,3622
2,155,12,3,9,3623
5,2109,15,6,9,3624
1,1007,11,2,9,3625
5,3074,17,8,9,3626
1,287,10,1,9,3627
5,2599,14,5,9,3628
5,657,13,4,9,3629
3,3429,13,4,9,3630
2,1639,22,13,9,3631
3,802,15,6,9,3632
3,39,10,1,9,3633
3,2783,10,1,9,3634
3,923,14,5,9,3635
1,943,11,2,9,3636
1,1387,10,1,9,3637
3,989,18,9,9,3638
4,154,13,4,9,3639
5,2264,24,15,9,3640
1,2064,11,2,9,3641
4,995,11,2,9,3642
5,58,18,9,9,3643
1,1942,25,16,9,3644
5,617,21,12,9,3645
5,1642,18,9,9,3646
3,3657,12,3,9,3647
3,1529,13,4,9,3648
2,487,10,1,9,3649
1,926,13,4,9,3650
2,1359,10,1,9,3651
5,1269,11,2,9,3652
4,1080,12,3,9,3653
2,767,22,13,9,3654
2,1681,11,2,9,3655
5,1723,14,5,9,3656
2,1367,13,4,9,3657
5,268,12,3,9,3658
3,3265,17,8,9,3659
5,735,10,1,9,3660
5,2918,33,24,9,3661
5,2260,44,35,9,3662
3,45,12,3,9,3663
5,2201,21,12,9,3664
2,809,11,2,9,3665
3,3204,12,3,9,3666
3,315,14,5,9,3667
3,2702,15,6,9,3668
5,2630,13,4,9,3669
5,2140,13,4,9,3670
5,1334,33,24,9,3671
5,556,13,4,9,3672
5,1023,14,6,8,3673
3,3751,17,9,8,3674
3,1449,11,3,8,3675
3,1794,13,5,8,3676
3,1845,25,17,8,3677
1,1282,9,1,8,3678
3,1955,10,2,8,3679
3,1632,9,1,8,3680
4,404,12,4,8,3681
1,701,13,5,8,3682
3,2,16,8,8,3683
5,1833,11,3,8,3684
1,1235,11,3,8,3685
3,1425,9,1,8,3686
3,1476,9,1,8,3687
1,1617,14,6,8,3688
3,1851,17,9,8,3689
4,1488,43,35,8,3690
5,2752,10,2,8,3691
5,2281,12,4,8,3692
1,135,11,3,8,3693
5,1839,11,3,8,3694
1,778,13,5,8,3695
5,2841,23,15,8,3696
2,1542,10,2,8,3697
3,3694,13,5,8,3698
3,1438,19,11,8,3699
1,642,9,1,8,3700
5,2852,9,1,8,3701
4,1467,19,11,8,3702
1,1243,14,6,8,3703
3,1429,10,2,8,3704
3,1902,16,8,8,3705
5,2773,10,2,8,3706
1,1742,9,1,8,3707
1,1259,11,3,8,3708
5,1804,10,2,8,3709
5,3139,11,3,8,3710
3,1575,16,8,8,3711
3,1535,10,2,8,3712
5,1834,9,1,8,3713
4,1547,19,11,8,3714
3,55,10,2,8,3715
3,3745,25,17,8,3716
5,3053,21,13,8,3717
1,2188,26,18,8,3718
3,2739,19,11,8,3719
4,984,34,26,8,3720
3,914,13,5,8,3721
5,348,12,4,8,3722
1,2190,19,11,8,3723
5,1462,12,4,8,3724
4,149,9,1,8,3725
1,182,9,1,8,3726
2,1340,9,1,8,3727
3,1014,10,2,8,3728
5,1555,11,3,8,3729
5,1311,14,6,8,3730
1,159,11,3,8,3731
1,1801,13,5,8,3732
3,619,10,2,8,3733
5,2028,15,7,8,3734
5,1469,21,13,8,3735
5,255,11,3,8,3736
5,1932,12,4,8,3737
4,1102,14,6,8,3738
5,250,9,1,8,3739
5,249,11,3,8,3740
4,743,19,11,8,3741
2,1134,13,5,8,3742
3,2233,15,7,8,3743
3,414,13,5,8,3744
5,1257,23,15,8,3745
5,1316,10,2,8,3746
5,2607,14,6,8,3747
5,444,15,7,8,3748
2,468,9,1,8,3749
2,389,13,5,8,3750
3,2914,10,2,8,3751
3,3435,10,2,8,3752
5,1189,10,2,8,3753
3,839,19,11,8,3754
1,345,9,1,8,3755
4,180,34,26,8,3756
2,1261,13,5,8,3757
1,1907,11,3,8,3758
3,406,62,54,8,3759
4,298,14,6,8,3760
3,342,9,1,8,3761
5,697,12,4,8,3762
3,2814,13,5,8,3763
3,2793,10,2,8,3764
5,1168,10,2,8,3765
3,893,10,2,8,3766
4,953,9,1,8,3767
3,333,15,7,8,3768
3,3475,16,8,8,3769
3,2519,10,2,8,3770
5,468,10,2,8,3771
5,2154,9,1,8,3772
1,817,11,3,8,3773
5,582,10,2,8,3774
4,663,19,11,8,3775
1,1088,26,18,8,3776
3,3325,9,1,8,3777
3,1357,10,2,8,3778
1,807,11,3,8,3779
3,2306,62,54,8,3780
3,2314,13,5,8,3781
5,2166,10,2,8,3782
1,1878,13,5,8,3783
5,2895,14,6,8,3784
1,1090,19,11,8,3785
5,3046,12,4,8,3786
5,3153,21,13,8,3787
1,143,14,6,8,3788
1,1917,11,3,8,3789
4,1208,12,4,8,3790
4,684,43,35,8,3791
5,1569,21,13,8,3792
3,3275,9,1,8,3793
5,570,9,1,8,3794
3,2242,9,1,8,3795
1,1445,9,1,8,3796
3,3349,11,3,8,3797
3,3257,10,2,8,3798
3,3338,19,11,8,3799
5,2900,10,2,8,3800
3,2462,14,6,8,3801
5,1268,9,1,8,3802
2,670,10,2,8,3803
3,3376,9,1,8,3804
2,262,13,5,8,3805
3,562,14,6,8,3806
3,3329,10,2,8,3807
3,3532,9,1,8,3808
5,220,10,2,8,3809
1,517,14,6,8,3810
3,1375,9,1,8,3811
5,2052,10,2,8,3812
1,671,11,4,7,3813
2,754,17,10,7,3814
4,422,9,2,7,3815
5,654,12,5,7,3816
3,1707,9,2,7,3817
1,1665,11,4,7,3818
5,605,10,3,7,3819
1,1935,8,1,7,3820
5,621,11,4,7,3821
1,1918,12,5,7,3822
3,1625,9,2,7,3823
2,189,8,1,7,3824
2,779,21,14,7,3825
2,455,19,12,7,3826
5,1664,12,5,7,3827
5,12,8,1,7,3828
3,451,9,2,7,3829
1,1082,20,13,7,3830
3,1659,11,4,7,3831
3,653,8,1,7,3832
3,442,8,1,7,3833
3,439,12,5,7,3834
5,2552,9,2,7,3835
5,1461,13,6,7,3836
3,675,9,2,7,3837
5,647,21,14,7,3838
5,2541,10,3,7,3839
3,3740,8,1,7,3840
3,509,26,19,7,3841
3,1628,23,16,7,3842
5,1402,8,1,7,3843
3,748,14,7,7,3844
3,1260,14,7,7,3845
2,496,14,7,7,3846
5,3140,9,2,7,3847
1,1241,10,3,7,3848
5,3159,11,4,7,3849
3,1166,8,1,7,3850
1,1641,9,2,7,3851
3,1173,8,1,7,3852
2,224,8,1,7,3853
5,219,10,3,7,3854
3,1227,8,1,7,3855
5,2684,10,3,7,3856
3,1462,11,4,7,3857
5,2687,8,1,7,3858
2,229,8,1,7,3859
5,80,12,5,7,3860
1,1558,15,8,7,3861
1,835,8,1,7,3862
3,187,17,10,7,3863
5,2707,8,1,7,3864
4,382,9,2,7,3865
1,818,12,5,7,3866
5,2492,8,1,7,3867
4,53,8,1,7,3868
5,2231,21,14,7,3869
5,2189,10,3,7,3870
3,143,12,5,7,3871
4,375,9,2,7,3872
1,786,10,3,7,3873
1,896,13,6,7,3874
3,1139,9,2,7,3875
5,397,21,14,7,3876
4,140,13,6,7,3877
3,845,9,2,7,3878
2,380,12,5,7,3879
2,886,8,1,7,3880
5,2238,12,5,7,3881
2,475,15,8,7,3882
5,2205,11,4,7,3883
3,922,11,4,7,3884
1,1624,8,1,7,3885
5,337,9,2,7,3886
3,941,12,5,7,3887
5,52,10,3,7,3888
5,2653,8,1,7,3889
3,3788,8,1,7,3890
1,1886,10,3,7,3891
5,1636,10,3,7,3892
5,1803,10,3,7,3893
3,1016,9,2,7,3894
4,128,21,14,7,3895
3,1025,15,8,7,3896
5,297,11,4,7,3897
5,727,11,4,7,3898
3,1520,8,1,7,3899
3,1041,72,65,7,3900
3,1516,16,9,7,3901
3,1092,8,1,7,3902
3,1509,8,1,7,3903
5,245,11,4,7,3904
4,111,11,4,7,3905
5,908,8,1,7,3906
3,1840,8,1,7,3907
3,3607,9,2,7,3908
5,2986,8,1,7,3909
3,2992,8,1,7,3910
3,2553,8,1,7,3911
3,2841,12,5,7,3912
4,915,11,4,7,3913
3,2648,14,7,7,3914
5,968,9,2,7,3915
3,2087,17,10,7,3916
3,2822,11,4,7,3917
4,932,21,14,7,3918
4,1460,10,3,7,3919
5,1103,8,1,7,3920
3,3416,16,9,7,3921
2,975,18,11,7,3922
3,3039,9,2,7,3923
4,1226,9,2,7,3924
2,1626,17,10,7,3925
4,944,13,6,7,3926
1,1748,9,2,7,3927
1,2182,20,13,7,3928
5,1575,11,4,7,3929
3,3066,8,1,7,3930
3,2339,12,5,7,3931
3,1888,8,1,7,3932
5,1345,8,1,7,3933
2,1347,15,8,7,3934
1,344,9,2,7,3935
2,1252,12,5,7,3936
3,2043,12,5,7,3937
1,357,15,8,7,3938
5,1340,12,5,7,3939
5,1123,8,1,7,3940
1,565,11,4,7,3941
5,1556,9,2,7,3942
3,2916,9,2,7,3943
3,2925,15,8,7,3944
5,1921,9,2,7,3945
5,1319,8,1,7,3946
1,141,10,3,7,3947
3,3420,8,1,7,3948
2,1368,14,7,7,3949
2,14,8,1,7,3950
5,2861,56,49,7,3951
2,74,9,2,7,3952
3,2941,72,65,7,3953
3,2575,9,2,7,3954
5,1881,11,4,7,3955
5,3113,9,2,7,3956
3,2409,26,19,7,3957
4,857,8,1,7,3958
3,3073,8,1,7,3959
5,957,10,3,7,3960
3,3127,8,1,7,3961
2,170,10,3,7,3962
3,3409,8,1,7,3963
5,1069,8,1,7,3964
4,656,10,3,7,3965
2,1101,8,1,7,3966
1,648,9,2,7,3967
3,3528,23,16,7,3968
2,1327,19,12,7,3969
2,1096,8,1,7,3970
2,946,9,2,7,3971
5,3045,13,6,7,3972
4,1548,9,2,7,3973
3,2745,9,2,7,3974
1,541,9,2,7,3975
5,1277,56,49,7,3976
1,1771,11,4,7,3977
5,1529,9,2,7,3978
1,1457,15,8,7,3979
5,2924,12,5,7,3980
1,1996,13,6,7,3981
4,1186,9,2,7,3982
4,1179,9,2,7,3983
3,3362,11,4,7,3984
3,3525,9,2,7,3985
1,524,8,1,7,3986
5,2929,8,1,7,3987
2,1061,8,1,7,3988
3,3559,11,4,7,3989
3,2342,8,1,7,3990
2,1042,10,3,7,3991
2,1651,21,14,7,3992
4,744,9,2,7,3993
5,2311,11,4,7,3994
5,1100,10,3,7,3995
5,2903,8,1,7,3996
1,1444,9,2,7,3997
5,1596,8,1,7,3998
3,3160,14,7,7,3999
1,458,15,8,7,4000
5,1829,11,4,7,4001
2,103,18,11,7,4002
3,2351,9,2,7,4003
5,1981,21,14,7,4004
1,944,12,6,6,4005
2,358,8,2,6,4006
3,972,8,2,6,4007
1,41,17,11,6,4008
1,1494,9,3,6,4009
3,1028,7,1,6,4010
4,585,11,5,6,4011
3,2675,10,4,6,4012
4,1021,14,8,6,4013
3,2659,7,1,6,4014
1,38,9,3,6,4015
3,2621,7,1,6,4016
3,300,9,3,6,4017
1,904,23,17,6,4018
5,292,10,4,6,4019
4,99,7,1,6,4020
2,1708,8,2,6,4021
5,246,13,7,6,4022
2,1401,7,1,6,4023
2,30,7,1,6,4024
2,1422,8,2,6,4025
2,827,9,3,6,4026
2,967,10,4,6,4027
2,831,8,2,6,4028
3,2595,55,49,6,4029
2,832,8,2,6,4030
3,2429,8,2,6,4031
2,1433,9,3,6,4032
2,311,7,1,6,4033
2,737,14,8,6,4034
2,836,8,2,6,4035
4,1177,12,6,6,4036
1,2009,7,1,6,4037
3,244,11,5,6,4038
3,1114,7,1,6,4039
1,1876,11,5,6,4040
3,2591,7,1,6,4041
4,1084,7,1,6,4042
4,120,15,9,6,4043
5,2658,10,4,6,4044
5,2663,12,6,6,4045
3,2580,21,15,6,4046
5,261,7,1,6,4047
3,2566,7,1,6,4048
1,909,7,1,6,4049
4,578,8,2,6,4050
3,1106,17,11,6,4051
3,2544,12,6,6,4052
5,324,10,4,6,4053
1,1176,18,12,6,4054
2,1390,9,3,6,4055
1,442,7,1,6,4056
3,3448,14,8,6,4057
5,1151,8,2,6,4058
3,3014,7,1,6,4059
5,1665,11,5,6,4060
5,3165,8,2,6,4061
2,1143,17,11,6,4062
5,1466,7,1,6,4063
4,747,7,1,6,4064
3,644,12,6,6,4065
4,193,9,3,6,4066
1,1138,9,3,6,4067
1,2116,7,1,6,4068
5,1235,9,3,6,4069
3,666,7,1,6,4070
3,680,21,15,6,4071
3,430,7,1,6,4072
4,815,7,1,6,4073
2,1179,17,11,6,4074
1,1141,17,11,6,4075
3,691,7,1,6,4076
3,695,55,49,6,4077
2,1183,7,1,6,4078
4,738,11,5,6,4079
3,3397,12,6,6,4080
4,217,14,8,6,4081
2,1092,31,25,6,4082
3,3318,15,9,6,4083
1,2044,12,6,6,4084
5,3050,7,1,6,4085
3,529,8,2,6,4086
2,681,7,1,6,4087
3,3308,7,1,6,4088
5,590,8,2,6,4089
5,585,7,1,6,4090
5,1672,8,2,6,4091
4,280,7,1,6,4092
1,1653,8,2,6,4093
1,1573,8,2,6,4094
2,1100,7,1,6,4095
4,697,10,4,6,4096
1,1919,7,1,6,4097
3,3233,7,1,6,4098
3,479,17,11,6,4099
3,3396,9,3,6,4100
5,2962,12,6,6,4101
3,3006,17,11,6,4102
3,2703,14,8,6,4103
5,2959,7,1,6,4104
1,1148,7,1,6,4105
4,903,7,1,6,4106
2,1010,31,25,6,4107
5,1177,8,2,6,4108
4,600,9,3,6,4109
4,924,15,9,6,4110
2,376,10,4,6,4111
5,1174,7,1,6,4112
2,999,7,1,6,4113
1,1153,7,1,6,4114
3,2743,11,5,6,4115
2,807,7,1,6,4116
4,987,16,10,6,4117
1,394,9,3,6,4118
4,997,9,3,6,4119
5,2626,10,4,6,4120
3,2707,10,4,6,4121
3,318,12,6,6,4122
5,1908,10,4,6,4123
3,843,11,5,6,4124
2,1248,10,4,6,4125
3,2872,8,2,6,4126
3,759,7,1,6,4127
1,1016,7,1,6,4128
3,721,7,1,6,4129
5,1208,9,3,6,4130
1,1834,9,3,6,4131
3,3424,7,1,6,4132
5,1688,7,1,6,4133
5,659,10,4,6,4134
1,1827,9,3,6,4135
3,775,10,4,6,4136
4,614,7,1,6,4137
5,447,9,3,6,4138
3,386,7,1,6,4139
3,2928,7,1,6,4140
3,803,14,8,6,4141
2,1230,8,2,6,4142
3,807,10,4,6,4143
1,175,14,8,6,4144
4,183,16,10,6,4145
2,307,17,11,6,4146
5,600,9,3,6,4147
1,149,9,3,6,4148
5,856,7,1,6,4149
1,776,11,5,6,4150
5,104,7,1,6,4151
2,228,7,1,6,4152
2,95,10,4,6,4153
3,3628,7,1,6,4154
5,832,10,4,6,4155
1,1226,11,5,6,4156
1,553,8,2,6,4157
4,453,9,3,6,4158
1,1542,7,1,6,4159
5,2735,8,2,6,4160
3,3629,14,8,6,4161
4,11,7,1,6,4162
2,1553,7,1,6,4163
5,2184,9,3,6,4164
3,113,7,1,6,4165
4,426,8,2,6,4166
3,2144,11,5,6,4167
3,1408,7,1,6,4168
3,1852,9,3,6,4169
4,1501,10,4,6,4170
5,873,8,2,6,4171
3,3752,9,3,6,4172
3,2218,12,6,6,4173
3,2200,9,3,6,4174
5,2761,8,2,6,4175
5,1586,9,3,6,4176
5,1876,10,4,6,4177
5,2758,7,1,6,4178
3,1418,15,9,6,4179
5,2169,7,1,6,4180
5,821,8,2,6,4181
5,2416,10,4,6,4182
2,529,7,1,6,4183
4,402,9,3,6,4184
5,1830,13,7,6,4185
1,727,9,3,6,4186
5,2457,8,2,6,4187
5,838,7,1,6,4188
5,1375,7,1,6,4189
4,1418,7,1,6,4190
1,126,11,5,6,4191
2,138,31,25,6,4192
3,1524,7,1,6,4193
3,2013,7,1,6,4194
5,1845,7,1,6,4195
3,1548,14,8,6,4196
5,1378,12,6,6,4197
2,127,7,1,6,4198
2,1592,8,2,6,4199
3,3658,15,9,6,4200
2,579,7,1,6,4201
2,1609,14,8,6,4202
1,76,18,12,6,4203
4,1404,9,3,6,4204
3,1496,9,3,6,4205
5,88,8,2,6,4206
5,2421,8,2,6,4207
5,2422,7,1,6,4208
4,1382,8,2,6,4209
4,1389,11,5,6,4210
5,81,11,5,6,4211
3,2053,8,2,6,4212
2,720,8,2,6,4213
3,1497,12,6,6,4214
5,837,8,2,6,4215
5,2174,8,2,6,4216
1,1249,9,3,6,4217
1,734,9,3,6,4218
2,220,31,25,6,4219
5,2488,14,8,6,4220
2,945,9,3,6,4221
5,2819,9,3,6,4222
3,1333,7,1,6,4223
3,1729,14,8,6,4224
1,2004,23,17,6,4225
3,2379,17,11,6,4226
5,1074,10,4,6,4227
3,2286,7,1,6,4228
5,2243,10,4,6,4229
3,1728,7,1,6,4230
4,1206,9,3,6,4231
4,1250,7,1,6,4232
2,1729,52,46,6,4233
5,1042,10,4,6,4234
2,561,9,3,6,4235
4,1230,8,2,6,4236
4,1257,9,3,6,4237
2,902,7,1,6,4238
1,819,7,1,6,4239
3,2330,7,1,6,4240
5,2,9,3,6,4241
5,2031,9,3,6,4242
5,2792,9,3,6,4243
4,1542,11,5,6,4244
2,1699,9,3,6,4245
2,271,17,11,6,4246
1,53,7,1,6,4247
5,2440,7,1,6,4248
3,1758,15,9,6,4249
2,1703,8,2,6,4250
4,1551,7,1,6,4251
2,1704,8,2,6,4252
5,2405,8,2,6,4253
5,1079,12,6,6,4254
2,857,52,46,6,4255
1,473,8,2,6,4256
4,446,7,1,6,4257
1,48,7,1,6,4258
2,1710,7,1,6,4259
4,373,12,6,6,4260
2,550,8,2,6,4261
1,1275,14,8,6,4262
2,1451,7,1,6,4263
2,73,9,3,6,4264
2,838,7,1,6,4265
2,1679,7,1,6,4266
5,1581,8,2,6,4267
3,153,8,2,6,4268
5,904,14,8,6,4269
2,518,9,3,6,4270
4,693,13,8,5,4271
4,671,6,1,5,4272
3,543,14,9,5,4273
4,1575,7,2,5,4274
1,1655,8,3,5,4275
4,822,69,64,5,4276
5,2748,8,3,5,4277
3,3687,8,3,5,4278
5,3118,7,2,5,4279
3,3025,13,8,5,4280
3,2998,8,3,5,4281
5,2816,6,1,5,4282
4,466,6,1,5,4283
3,3295,7,2,5,4284
5,3073,8,3,5,4285
3,1965,11,6,5,4286
3,1948,6,1,5,4287
3,720,6,1,5,4288
5,53,29,24,5,4289
3,711,8,3,5,4290
3,697,6,1,5,4291
3,1572,8,3,5,4292
3,2973,15,10,5,4293
3,3011,8,3,5,4294
3,1973,8,3,5,4295
4,829,14,9,5,4296
5,2036,10,5,5,4297
5,10,16,11,5,4298
1,107,6,1,5,4299
4,416,7,2,5,4300
4,699,10,5,5,4301
1,1052,6,1,5,4302
5,562,7,2,5,4303
3,3260,8,3,5,4304
1,190,9,4,5,4305
1,99,21,16,5,4306
3,3716,14,9,5,4307
5,475,23,18,5,4308
1,231,6,1,5,4309
1,1735,10,5,5,4310
3,1865,6,1,5,4311
5,1982,13,8,5,4312
1,635,10,5,5,4313
3,622,8,3,5,4314
3,3402,6,1,5,4315
3,589,7,2,5,4316
3,1816,14,9,5,4317
5,547,7,2,5,4318
4,1497,13,8,5,4319
4,1503,10,5,5,4320
5,2561,6,1,5,4321
4,202,60,55,5,4322
4,771,7,2,5,4323
2,424,6,1,5,4324
4,1475,6,1,5,4325
3,1916,7,2,5,4326
3,3284,7,2,5,4327
5,2578,6,1,5,4328
4,226,18,13,5,4329
3,1658,7,2,5,4330
3,1582,10,5,5,4331
1,655,6,1,5,4332
3,3190,7,2,5,4333
3,3058,9,4,5,4334
5,2042,6,1,5,4335
1,291,8,3,5,4336
1,1084,12,7,5,4337
4,196,7,2,5,4338
5,2980,8,3,5,4339
3,3415,7,2,5,4340
3,3765,6,1,5,4341
3,1787,8,3,5,4342
3,3369,6,1,5,4343
3,3271,6,1,5,4344
1,1986,6,1,5,4345
1,316,6,1,5,4346
3,1502,6,1,5,4347
3,737,6,1,5,4348
3,1073,15,10,5,4349
3,2287,6,1,5,4350
5,2059,23,18,5,4351
3,2285,8,3,5,4352
3,1098,8,3,5,4353
4,364,10,5,5,4354
3,1360,8,3,5,4355
5,2146,7,2,5,4356
3,2281,9,4,5,4357
3,1371,6,1,5,4358
4,525,6,1,5,4359
1,422,7,2,5,4360
3,2261,8,3,5,4361
4,332,6,1,5,4362
3,2198,6,1,5,4363
4,1270,6,1,5,4364
1,519,17,12,5,4365
3,1384,7,2,5,4366
3,2232,7,2,5,4367
3,2597,6,1,5,4368
5,1784,6,1,5,4369
3,2223,8,3,5,4370
3,1395,7,2,5,4371
3,1026,13,8,5,4372
3,2611,8,3,5,4373
1,409,9,4,5,4374
3,2620,6,1,5,4375
1,512,8,3,5,4376
3,1111,8,3,5,4377
1,808,7,2,5,4378
3,2522,8,3,5,4379
5,200,6,1,5,4380
2,295,8,3,5,4381
3,2389,11,6,5,4382
1,480,7,2,5,4383
4,1168,10,5,5,4384
3,2443,14,9,5,4385
1,886,6,1,5,4386
4,102,7,2,5,4387
3,3558,7,2,5,4388
5,165,6,1,5,4389
2,274,16,11,5,4390
2,315,11,6,5,4391
3,1158,9,4,5,4392
4,559,8,3,5,4393
3,1290,7,2,5,4394
1,894,10,5,5,4395
1,1755,6,1,5,4396
4,1136,6,1,5,4397
3,2489,7,2,5,4398
5,2905,6,1,5,4399
3,2344,25,20,5,4400
4,1115,6,1,5,4401
3,1125,13,8,5,4402
4,1220,7,2,5,4403
3,2335,6,1,5,4404
3,2637,6,1,5,4405
4,1030,18,13,5,4406
2,408,10,5,5,4407
3,1515,7,2,5,4408
1,373,8,3,5,4409
4,906,7,2,5,4410
5,1749,6,1,5,4411
4,182,10,5,5,4412
3,3635,7,2,5,4413
5,398,13,8,5,4414
4,620,6,1,5,4415
1,359,10,5,5,4416
3,2908,7,2,5,4417
3,2911,7,2,5,4418
5,2614,8,3,5,4419
3,2030,6,1,5,4420
3,2926,13,8,5,4421
3,1008,7,2,5,4422
3,789,10,5,5,4423
1,1673,7,2,5,4424
5,436,9,4,5,4425
2,402,13,8,5,4426
4,1424,6,1,5,4427
1,2152,6,1,5,4428
3,1527,9,4,5,4429
5,452,10,5,5,4430
1,1994,10,5,5,4431
5,458,6,1,5,4432
1,573,7,2,5,4433
3,3427,9,4,5,4434
3,2842,14,9,5,4435
4,1391,7,2,5,4436
1,1908,7,2,5,4437
2,378,7,2,5,4438
3,2193,8,3,5,4439
4,587,7,2,5,4440
1,400,16,11,5,4441
4,1006,60,55,5,4442
4,1329,6,1,5,4443
4,311,6,1,5,4444
5,2632,7,2,5,4445
3,942,14,9,5,4446
3,2689,10,5,5,4447
3,3482,10,5,5,4448
4,1000,7,2,5,4449
5,2020,9,4,5,4450
4,25,14,9,5,4451
4,18,69,64,5,4452
4,986,10,5,5,4453
5,2131,7,2,5,4454
3,1469,6,1,5,4455
1,2184,12,7,5,4456
3,3472,8,3,5,4457
3,2781,6,1,5,4458
1,555,8,3,5,4459
1,167,7,2,5,4460
4,1363,8,3,5,4461
3,881,6,1,5,4462
5,89,10,5,5,4463
3,1735,7,2,5,4464
3,1011,7,2,5,4465
2,1187,11,6,5,4466
3,16,7,2,5,4467
3,48,6,1,5,4468
2,673,8,3,5,4469
5,1534,7,2,5,4470
2,664,10,5,5,4471
1,1267,7,2,5,4472
2,1146,16,11,5,4473
2,1167,8,3,5,4474
5,2328,10,5,5,4475
1,1619,17,12,5,4476
5,1232,6,1,5,4477
2,1589,8,3,5,4478
3,387,6,1,5,4479
3,385,8,3,5,4480
5,744,10,5,5,4481
1,1459,10,5,5,4482
5,648,14,9,5,4483
3,130,6,1,5,4484
1,1500,16,11,5,4485
5,2287,11,6,5,4486
1,1522,7,2,5,4487
1,1509,9,4,5,4488
5,2232,14,9,5,4489
2,717,8,3,5,4490
5,762,11,6,5,4491
3,444,25,20,5,4492
2,498,8,3,5,4493
3,73,8,3,5,4494
5,2513,11,6,5,4495
3,65,11,6,5,4496
3,435,6,1,5,4497
5,1321,6,1,5,4498
1,1473,8,3,5,4499
5,1637,29,24,5,4500
3,381,9,4,5,4501
5,2346,11,6,5,4502
5,1594,16,11,5,4503
2,1641,6,1,5,4504
3,323,8,3,5,4505
5,703,11,6,5,4506
5,1048,7,2,5,4507
5,1030,8,3,5,4508
1,1331,6,1,5,4509
5,977,6,1,5,4510
2,1250,7,2,5,4511
2,1536,10,5,5,4512
3,298,6,1,5,4513
2,1545,8,3,5,4514
5,994,6,1,5,4515
1,1612,8,3,5,4516
3,293,8,3,5,4517
5,699,7,2,5,4518
5,949,8,3,5,4519
1,1290,9,4,5,4520
3,332,7,2,5,4521
5,2533,8,3,5,4522
2,1383,7,2,5,4523
5,941,6,1,5,4524
2,1370,8,3,5,4525
2,1668,17,12,5,4526
1,1391,8,3,5,4527
5,929,11,6,5,4528
2,1296,6,1,5,4529
3,361,8,3,5,4530
5,1164,8,3,5,4531
2,1280,10,5,5,4532
2,1274,13,8,5,4533
1,1416,6,1,5,4534
5,2283,7,2,5,4535
5,2525,6,1,5,4536
1,1199,21,16,5,4537
5,1396,8,3,5,4538
5,1673,10,5,5,4539
1,1207,6,1,5,4540
5,1489,8,3,5,4541
1,1580,7,2,5,4542
2,796,17,12,5,4543
3,489,11,6,5,4544
2,769,6,1,5,4545
2,511,7,2,5,4546
1,667,8,4,4,4547
3,258,6,2,4,4548
5,413,36,32,4,4549
2,443,19,15,4,4550
2,646,7,3,4,4551
2,1257,6,2,4,4552
3,257,6,2,4,4553
2,1247,7,3,4,4554
2,385,6,2,4,4555
5,2347,5,1,4,4556
5,2406,5,1,4,4557
5,2944,5,1,4,4558
1,526,9,5,4,4559
3,1097,5,1,4,4560
3,1224,6,2,4,4561
3,824,5,1,4,4562
5,1486,6,2,4,4563
1,840,5,1,4,4564
4,165,5,1,4,4565
4,971,9,5,4,4566
4,969,5,1,4,4567
3,842,6,2,4,4568
3,1753,5,1,4,4569
5,739,18,14,4,4570
4,167,9,5,4,4571
5,2356,5,1,4,4572
3,1744,6,2,4,4573
3,2817,13,9,4,4574
2,1506,8,4,4,4575
5,2130,9,5,4,4576
1,1940,5,1,4,4577
1,1600,8,4,4,4578
3,1031,5,1,4,4579
5,408,7,3,4,4580
5,905,5,1,4,4581
1,672,5,1,4,4582
5,1801,5,1,4,4583
2,1518,7,3,4,4584
5,1815,15,11,4,4585
4,1299,5,1,4,4586
3,2972,8,4,4,4587
1,1276,7,3,4,4588
3,2980,5,1,4,4589
5,577,7,3,4,4590
1,1751,5,1,4,4591
3,246,17,13,4,4592
4,838,5,1,4,4593
3,283,5,1,4,4594
5,2245,5,1,4,4595
3,242,5,1,4,4596
3,2997,5,1,4,4597
2,188,7,3,4,4598
3,1643,7,3,4,4599
5,247,23,19,4,4600
1,696,13,9,4,4601
1,1110,6,2,4,4602
3,1044,10,6,4,4603
3,558,7,3,4,4604
5,1937,8,4,4,4605
5,1934,5,1,4,4606
5,2408,8,4,4,4607
3,2217,6,2,4,4608
5,2776,10,6,4,4609
5,1192,10,6,4,4610
5,2489,5,1,4,4611
3,1960,5,1,4,4612
1,354,11,7,4,4613
5,2774,8,4,4,4614
2,1225,6,2,4,4615
2,1224,9,5,4,4616
3,1223,20,16,4,4617
1,687,5,1,4,4618
3,2931,5,1,4,4619
3,793,6,2,4,4620
3,2939,9,5,4,4621
5,2200,5,1,4,4622
3,2944,10,6,4,4623
3,1310,5,1,4,4624
5,1190,8,4,4,4625
5,394,5,1,4,4626
3,2742,6,2,4,4627
3,2530,5,1,4,4628
4,285,7,3,4,4629
3,1039,9,5,4,4630
5,353,8,4,4,4631
3,2458,7,3,4,4632
4,1143,7,3,4,4633
2,774,6,2,4,4634
2,577,5,1,4,4635
5,2387,5,1,4,4636
4,1239,5,1,4,4637
2,1646,6,2,4,4638
3,2499,14,10,4,4639
3,506,5,1,4,4640
5,158,7,3,4,4641
5,1045,6,2,4,4642
2,1402,5,1,4,4643
1,919,7,3,4,4644
2,1656,15,11,4,4645
5,350,5,1,4,4646
3,917,13,9,4,4647
1,1772,5,1,4,4648
3,1943,6,2,4,4649
3,1922,10,6,4,4650
2,1449,5,1,4,4651
5,2896,11,7,4,4652
3,317,6,2,4,4653
2,1446,6,2,4,4654
5,2629,6,2,4,4655
2,143,9,5,4,4656
3,2406,5,1,4,4657
1,467,5,1,4,4658
1,500,8,4,4,4659
5,2161,7,3,4,4660
2,1631,17,13,4,4661
1,1767,8,4,4,4662
2,1439,5,1,4,4663
5,781,5,1,4,4664
5,1639,8,4,4,4665
5,2268,5,1,4,4666
4,1504,10,6,4,4667
2,634,8,4,4,4668
2,26,7,3,4,4669
5,1599,5,1,4,4670
2,1329,6,2,4,4671
1,651,5,1,4,4672
5,2141,8,4,4,4673
3,1080,5,1,4,4674
3,1768,10,6,4,4675
3,2693,6,2,4,4676
5,684,5,1,4,4677
5,1154,18,14,4,4678
2,1315,19,15,4,4679
5,2436,5,1,4,4680
5,2365,5,1,4,4681
1,1567,5,1,4,4682
4,990,6,2,4,4683
3,2724,5,1,4,4684
5,1720,6,2,4,4685
3,3048,5,1,4,4686
3,1784,6,2,4,4687
4,1035,10,6,4,4688
1,404,6,2,4,4689
1,1796,13,9,4,4690
3,2305,5,1,4,4691
2,784,15,11,4,4692
5,2149,6,2,4,4693
1,1787,5,1,4,4694
3,1837,10,6,4,4695
4,1089,7,3,4,4696
2,375,7,3,4,4697
5,1831,23,19,4,4698
3,2638,6,2,4,4699
4,186,6,2,4,4700
2,622,5,1,4,4701
2,1494,5,1,4,4702
3,1072,8,4,4,4703
5,2920,44,40,4,4704
2,567,5,1,4,4705
4,1531,8,4,4,4706
4,1310,5,1,4,4707
5,879,5,1,4,4708
3,2183,5,1,4,4709
3,60,5,1,4,4710
2,250,16,12,4,4711
5,803,5,1,4,4712
5,2842,6,2,4,4713
4,34,5,1,4,4714
3,3518,6,2,4,4715
2,966,5,1,4,4716
5,2738,18,14,4,4717
3,83,5,1,4,4718
5,2463,5,1,4,4719
3,3543,7,3,4,4720
2,457,6,2,4,4721
2,530,5,1,4,4722
5,520,5,1,4,4723
3,1983,5,1,4,4724
4,537,5,1,4,4725
5,1360,5,1,4,4726
5,1401,5,1,4,4727
5,1336,44,40,4,4728
1,1871,7,3,4,4729
3,3457,8,4,4,4730
3,3419,5,1,4,4731
1,1867,6,2,4,4732
5,1742,7,3,4,4733
3,2130,11,7,4,4734
2,94,5,1,4,4735
5,1312,11,7,4,4736
2,697,5,1,4,4737
3,1519,5,1,4,4738
1,176,7,3,4,4739
5,616,5,1,4,4740
4,624,8,4,4,4741
5,1411,5,1,4,4742
2,1015,9,5,4,4743
1,2019,7,3,4,4744
3,3443,7,3,4,4745
3,67,5,1,4,4746
3,3451,12,8,4,4747
5,2820,8,4,4,4748
2,1569,5,1,4,4749
3,2056,7,3,4,4750
2,292,9,5,4,4751
3,3684,6,2,4,4752
5,979,5,1,4,4753
5,763,5,1,4,4754
3,3737,10,6,4,4755
3,1413,5,1,4,4756
2,898,7,3,4,4757
4,435,5,1,4,4758
3,1401,6,2,4,4759
5,2563,5,1,4,4760
4,1428,8,4,4,4761
3,599,14,10,4,4762
1,82,5,1,4,4763
5,201,7,3,4,4764
5,546,9,5,4,4765
5,1785,7,3,4,4766
3,1396,12,8,4,4767
5,2081,6,2,4,4768
5,2299,8,4,4,4769
5,772,5,1,4,4770
1,1504,6,2,4,4771
1,767,6,2,4,4772
4,506,5,1,4,4773
1,1995,7,3,4,4774
3,630,5,1,4,4775
5,3108,13,9,4,4776
1,771,7,3,4,4777
4,495,5,1,4,4778
5,217,5,1,4,4779
5,822,5,1,4,4780
5,557,8,4,4,4781
3,3644,6,2,4,4782
3,3653,5,1,4,4783
5,2835,5,1,4,4784
3,3668,10,6,4,4785
5,824,8,4,4,4786
5,3117,5,1,4,4787
3,156,7,3,4,4788
5,3070,6,2,4,4789
3,1162,5,1,4,4790
4,339,7,3,4,4791
5,1433,10,6,4,4792
5,3017,10,6,4,4793
3,22,10,6,4,4794
5,1251,5,1,4,4795
5,852,5,1,4,4796
5,715,8,4,4,4797
3,405,5,1,4,4798
5,476,14,10,4,4799
5,1992,7,3,4,4800
3,3248,6,2,4,4801
3,1557,8,4,4,4802
5,1258,6,2,4,4803
4,727,8,4,4,4804
2,1128,5,1,4,4805
3,2131,22,18,4,4806
3,3210,5,1,4,4807
2,1122,16,12,4,4808
2,281,5,1,4,4809
3,738,6,2,4,4810
5,1643,6,2,4,4811
5,1978,5,1,4,4812
3,2157,6,2,4,4813
5,1236,8,4,4,4814
3,1618,6,2,4,4815
5,15,5,1,4,4816
5,661,5,1,4,4817
3,3062,5,1,4,4818
5,1014,10,6,4,4819
5,2985,5,1,4,4820
2,1164,9,5,4,4821
3,1967,5,1,4,4822
5,2995,5,1,4,4823
2,1153,5,1,4,4824
2,256,5,1,4,4825
3,3123,20,16,4,4826
3,3124,6,2,4,4827
5,2104,5,1,4,4828
5,2598,10,6,4,4829
3,2158,6,2,4,4830
1,1182,5,1,4,4831
3,43,6,2,4,4832
1,10,6,2,4,4833
3,3301,6,2,4,4834
4,1341,5,1,4,4835
3,2146,17,13,4,4836
5,136,6,2,4,4837
5,2060,14,10,4,4838
5,497,6,2,4,4839
1,1626,9,5,4,4840
3,3313,5,1,4,4841
5,59,6,2,4,4842
5,231,15,11,4,4843
5,1524,13,9,4,4844
5,2323,18,14,4,4845
2,353,6,2,4,4846
5,565,6,2,4,4847
2,352,9,5,4,4848
2,759,17,13,4,4849
4,231,10,6,4,4850
2,1060,7,3,4,4851
3,1543,7,3,4,4852
2,574,6,2,4,4853
3,2142,5,1,4,4854
1,1454,11,7,4,4855
3,3296,12,8,4,4856
3,1348,6,2,4,4857
3,230,11,7,4,4858
5,1533,5,1,4,4859
5,1997,36,32,4,4860
4,700,10,6,4,4861
5,55,8,4,4,4862
3,1551,12,8,4,4863
3,1148,5,1,4,4864
1,895,7,3,4,4865
3,231,22,18,4,4866
1,611,7,4,3,4867
5,1756,4,1,3,4868
5,963,4,1,3,4869
4,1438,7,4,3,4870
3,1958,4,1,3,4871
2,1598,5,2,3,4872
5,972,12,9,3,4873
5,976,4,1,3,4874
1,593,4,1,3,4875
1,613,4,1,3,4876
2,1595,4,1,3,4877
3,1954,5,2,3,4878
3,1944,4,1,3,4879
5,978,9,6,3,4880
2,1611,5,2,3,4881
5,172,4,1,3,4882
1,609,5,2,3,4883
1,1709,5,2,3,4884
3,1918,4,1,3,4885
3,1334,4,1,3,4886
3,58,4,1,3,4887
2,756,4,1,3,4888
5,1802,5,2,3,4889
3,54,5,2,3,4890
5,2501,4,1,3,4891
5,140,4,1,3,4892
3,44,4,1,3,4893
5,141,4,1,3,4894
3,1554,7,4,3,4895
2,206,4,1,3,4896
1,725,5,2,3,4897
5,143,4,1,3,4898
3,1590,16,13,3,4899
3,18,4,1,3,4900
3,1598,8,5,3,4901
1,1628,5,2,3,4902
1,742,5,2,3,4903
5,71,4,1,3,4904
3,112,4,1,3,4905
5,812,5,2,3,4906
3,1405,12,9,3,4907
5,2190,5,2,3,4908
1,1711,7,4,3,4909
1,1713,4,1,3,4910
3,114,11,8,3,4911
1,1213,7,4,3,4912
5,2456,5,2,3,4913
5,2732,6,3,3,4914
3,1467,5,2,3,4915
5,95,12,9,3,4916
1,758,6,3,3,4917
3,1490,4,1,3,4918
1,1245,4,1,3,4919
5,872,5,2,3,4920
3,1630,5,2,3,4921
2,1628,4,1,3,4922
3,1631,14,11,3,4923
4,1545,5,2,3,4924
4,1539,8,5,3,4925
3,1802,5,2,3,4926
5,2797,4,1,3,4927
3,1831,6,3,3,4928
5,2800,7,4,3,4929
3,1856,5,2,3,4930
5,784,4,1,3,4931
4,1490,4,1,3,4932
4,1489,4,1,3,4933
2,1644,8,5,3,4934
2,154,7,4,3,4935
2,572,9,6,3,4936
5,1766,5,2,3,4937
2,145,103,100,3,4938
3,1763,7,4,3,4939
5,917,4,1,3,4940
3,1738,4,1,3,4941
1,683,4,1,3,4942
1,702,4,1,3,4943
3,1653,5,2,3,4944
3,169,6,3,3,4945
1,690,8,5,3,4946
5,2772,4,1,3,4947
1,820,5,2,3,4948
3,1683,22,19,3,4949
5,2787,5,2,3,4950
3,1688,5,2,3,4951
3,1700,5,2,3,4952
2,556,7,4,3,4953
2,270,9,6,3,4954
2,1713,6,3,3,4955
4,1561,5,2,3,4956
4,1591,7,4,3,4957
2,623,13,10,3,4958
5,2831,4,1,3,4959
3,2012,4,1,3,4960
2,686,4,1,3,4961
1,2035,4,1,3,4962
1,1468,5,2,3,4963
1,2033,9,6,3,4964
1,1470,5,2,3,4965
5,3060,4,1,3,4966
3,3367,5,2,3,4967
5,3062,7,4,3,4968
3,3390,4,1,3,4969
4,634,7,4,3,4970
1,1483,4,1,3,4971
2,1026,7,4,3,4972
2,1017,103,100,3,4973
1,2018,4,1,3,4974
1,1488,5,2,3,4975
3,3454,7,4,3,4976
1,1495,6,3,3,4977
3,3490,16,13,3,4978
3,3498,8,5,3,4979
3,3530,5,2,3,4980
3,3531,14,11,3,4981
1,145,4,1,3,4982
3,3553,5,2,3,4983
1,2005,6,3,3,4984
4,527,17,14,3,4985
1,2041,4,1,3,4986
2,1078,4,1,3,4987
1,2047,4,1,3,4988
4,735,8,5,3,4989
1,1437,8,5,3,4990
1,314,6,3,3,4991
1,295,4,1,3,4992
4,787,7,4,3,4993
4,757,5,2,3,4994
1,2089,7,4,3,4995
5,1247,4,1,3,4996
2,1142,9,6,3,4997
1,1443,6,3,3,4998
4,741,5,2,3,4999
1,248,4,1,3,5000
5,3023,4,1,3,5001
3,3305,12,9,3,5002
5,3028,4,1,3,5003
3,3234,4,1,3,5004
5,3037,4,1,3,5005
1,1858,6,3,3,5006
5,1532,7,4,3,5007
5,2334,5,2,3,5008
1,1453,4,1,3,5009
5,1530,4,1,3,5010
5,1528,4,1,3,5011
4,686,4,1,3,5012
4,685,4,1,3,5013
3,3583,22,19,3,5014
2,713,5,2,3,5015
3,3588,5,2,3,5016
5,2066,4,1,3,5017
1,46,5,2,3,5018
2,739,5,2,3,5019
4,105,5,2,3,5020
5,2064,5,2,3,5021
5,1439,4,1,3,5022
5,1444,4,1,3,5023
5,2065,5,2,3,5024
4,135,12,9,3,5025
1,36,7,4,3,5026
4,313,29,26,3,5027
4,150,4,1,3,5028
5,1453,4,1,3,5029
4,73,4,1,3,5030
1,22,4,1,3,5031
4,290,5,2,3,5032
5,2075,35,32,3,5033
4,211,6,3,3,5034
1,1920,5,2,3,5035
2,772,8,5,3,5036
4,278,4,1,3,5037
5,1476,4,1,3,5038
4,271,4,1,3,5039
5,1478,7,4,3,5040
4,246,9,6,3,5041
2,841,6,3,3,5042
1,1556,10,7,3,5043
3,3600,5,2,3,5044
5,3133,6,3,3,5045
4,499,4,1,3,5046
3,3638,4,1,3,5047
2,723,4,1,3,5048
5,3112,4,1,3,5049
3,3663,7,4,3,5050
5,3114,4,1,3,5051
5,3116,7,4,3,5052
1,113,7,4,3,5053
3,3702,5,2,3,5054
3,3731,6,3,3,5055
2,726,5,2,3,5056
3,3756,5,2,3,5057
4,372,4,1,3,5058
1,1545,4,1,3,5059
2,880,11,8,3,5060
1,1549,5,2,3,5061
5,1393,6,3,3,5062
4,403,5,2,3,5063
1,70,11,8,3,5064
5,2084,5,2,3,5065
4,28,10,7,3,5066
1,1554,7,4,3,5067
4,378,4,1,3,5068
4,37,5,2,3,5069
5,2977,6,3,3,5070
3,3052,4,1,3,5071
2,1172,9,6,3,5072
3,2451,4,1,3,5073
2,1458,4,1,3,5074
4,1207,5,2,3,5075
3,2370,4,1,3,5076
2,1444,9,6,3,5077
1,1606,6,3,3,5078
4,1182,4,1,3,5079
5,2396,5,2,3,5080
4,1176,4,1,3,5081
5,1897,4,1,3,5082
2,1428,7,4,3,5083
3,2435,4,1,3,5084
1,456,10,7,3,5085
2,1469,4,1,3,5086
1,454,7,4,3,5087
1,1348,4,1,3,5088
3,2506,7,4,3,5089
1,449,5,2,3,5090
4,1117,29,26,3,5091
5,1102,4,1,3,5092
1,1783,4,1,3,5093
1,445,4,1,3,5094
5,2150,4,1,3,5095
4,1094,5,2,3,5096
1,1790,8,5,3,5097
3,2361,4,1,3,5098
3,2333,5,2,3,5099
4,1082,4,1,3,5100
4,1303,4,1,3,5101
3,2014,11,8,3,5102
2,1585,5,2,3,5103
2,586,4,1,3,5104
3,2069,6,3,3,5105
2,1558,4,1,3,5106
5,1006,4,1,3,5107
1,543,4,1,3,5108
4,1331,17,14,3,5109
3,2160,4,1,3,5110
3,2161,5,2,3,5111
3,2175,4,1,3,5112
3,2210,4,1,3,5113
3,2324,4,1,3,5114
1,528,5,2,3,5115
5,2246,4,1,3,5116
2,1507,7,4,3,5117
3,2262,15,12,3,5118
2,1497,8,5,3,5119
3,2279,8,5,3,5120
2,1495,13,10,3,5121
3,2289,13,10,3,5122
3,2307,8,5,3,5123
3,2311,4,1,3,5124
1,506,6,3,3,5125
2,1373,4,1,3,5126
5,182,5,2,3,5127
3,3038,6,3,3,5128
3,2963,4,1,3,5129
5,1188,4,1,3,5130
2,1239,6,3,3,5131
2,1236,9,6,3,5132
4,877,4,1,3,5133
2,1232,8,5,3,5134
2,1229,8,5,3,5135
3,2917,5,2,3,5136
1,353,4,1,3,5137
1,1825,5,2,3,5138
5,1203,5,2,3,5139
2,1213,7,4,3,5140
1,343,6,3,3,5141
1,370,5,2,3,5142
4,841,5,2,3,5143
5,1213,4,1,3,5144
5,1216,7,4,3,5145
4,832,10,7,3,5146
3,2993,4,1,3,5147
3,2994,4,1,3,5148
2,1197,5,2,3,5149
1,337,8,5,3,5150
1,335,4,1,3,5151
1,1842,5,2,3,5152
1,1435,4,1,3,5153
1,368,5,2,3,5154
3,2863,9,6,3,5155
2,625,8,5,3,5156
5,1912,4,1,3,5157
4,1075,4,1,3,5158
4,1050,9,6,3,5159
2,8,11,8,3,5160
1,1802,4,1,3,5161
5,2247,4,1,3,5162
5,2368,4,1,3,5163
2,1326,4,1,3,5164
4,1015,6,3,3,5165
5,1148,6,3,3,5166
3,2686,6,3,3,5167
1,395,6,3,3,5168
3,2725,5,2,3,5169
4,909,5,2,3,5170
2,1306,5,2,3,5171
1,388,5,2,3,5172
2,635,7,4,3,5173
1,1395,4,1,3,5174
1,383,4,1,3,5175
4,954,4,1,3,5176
5,1549,6,3,3,5177
4,939,12,9,3,5178
3,2819,5,2,3,5179
1,1414,6,3,3,5180
2,1266,5,2,3,5181
2,300,9,6,3,5182
5,2547,4,1,3,5183
2,597,4,1,3,5184
5,1727,4,1,3,5185
5,1724,4,1,3,5186
2,501,4,1,3,5187
2,341,7,4,3,5188
5,2197,20,17,3,5189
3,275,4,1,3,5190
3,424,4,1,3,5191
3,551,4,1,3,5192
2,434,5,2,3,5193
5,500,5,2,3,5194
5,218,5,2,3,5195
1,933,9,6,3,5196
1,1643,4,1,3,5197
1,935,4,1,3,5198
3,470,4,1,3,5199
3,606,7,4,3,5200
5,2562,9,6,3,5201
5,2227,5,2,3,5202
1,941,4,1,3,5203
1,1136,7,4,3,5204
3,411,4,1,3,5205
2,357,8,5,3,5206
1,947,4,1,3,5207
3,535,4,1,3,5208
5,606,5,2,3,5209
5,313,4,1,3,5210
2,360,8,5,3,5211
5,491,35,32,3,5212
1,1122,4,1,3,5213
5,2590,4,1,3,5214
5,1725,4,1,3,5215
5,662,4,1,3,5216
3,919,5,2,3,5217
3,1152,4,1,3,5218
3,433,5,2,3,5219
5,1655,4,1,3,5220
1,905,6,3,3,5221
3,379,8,5,3,5222
5,750,5,2,3,5223
2,394,5,2,3,5224
2,325,5,2,3,5225
5,566,4,1,3,5226
5,613,20,17,3,5227
1,989,7,4,3,5228
3,1094,4,1,3,5229
3,1093,4,1,3,5230
3,260,4,1,3,5231
3,261,5,2,3,5232
3,825,5,2,3,5233
5,643,5,2,3,5234
5,2556,12,9,3,5235
1,1170,11,8,3,5236
1,1693,4,1,3,5237
3,1138,6,3,3,5238
3,786,6,3,3,5239
5,2560,4,1,3,5240
5,1679,12,9,3,5241
1,1146,5,2,3,5242
5,663,4,1,3,5243
3,362,15,12,3,5244
1,918,4,1,3,5245
3,1063,4,1,3,5246
3,389,13,10,3,5247
3,963,9,6,3,5248
3,1017,5,2,3,5249
2,454,4,1,3,5250
5,328,4,1,3,5251
5,480,5,2,3,5252
3,310,4,1,3,5253
3,461,4,1,3,5254
2,364,9,6,3,5255
5,2686,4,1,3,5256
3,407,8,5,3,5257
5,482,4,1,3,5258
2,367,6,3,3,5259
5,481,5,2,3,5260
4,1018,8,6,2,5261
4,1196,6,4,2,5262
1,1812,5,3,2,5263
4,977,6,4,2,5264
3,1846,5,3,2,5265
5,942,3,1,2,5266
4,1502,7,5,2,5267
3,3611,3,1,2,5268
4,489,3,1,2,5269
2,1305,37,35,2,5270
5,2893,3,1,2,5271
3,2727,4,2,2,5272
1,1967,4,2,2,5273
5,3080,3,1,2,5274
3,1859,3,1,2,5275
1,1506,5,3,2,5276
1,165,19,17,2,5277
5,964,4,2,2,5278
2,158,9,7,2,5279
3,1065,3,1,2,5280
2,569,5,3,2,5281
5,2279,4,2,2,5282
4,24,7,5,2,5283
3,2768,11,9,2,5284
1,1071,11,9,2,5285
3,480,4,2,2,5286
1,75,10,8,2,5287
3,3642,9,7,2,5288
3,2380,4,2,2,5289
1,56,4,2,2,5290
2,1671,3,1,2,5291
4,959,4,2,2,5292
3,1818,12,10,2,5293
3,2668,4,2,2,5294
3,2669,3,1,2,5295
2,1669,5,3,2,5296
3,276,3,1,2,5297
3,1821,3,1,2,5298
2,1664,3,1,2,5299
3,1829,5,3,2,5300
3,590,21,19,2,5301
4,12,3,1,2,5302
2,868,5,3,2,5303
1,631,3,1,2,5304
5,383,6,4,2,5305
3,953,10,8,2,5306
1,1389,3,1,2,5307
3,1911,9,7,2,5308
2,730,3,1,2,5309
5,2430,3,1,2,5310
3,474,4,2,2,5311
5,2218,4,2,2,5312
4,1462,8,6,2,5313
1,1873,3,1,2,5314
1,1974,3,1,2,5315
5,1341,3,1,2,5316
4,1013,8,6,2,5317
4,1456,3,1,2,5318
5,375,3,1,2,5319
3,1931,4,2,2,5320
2,878,15,13,2,5321
5,2925,3,1,2,5322
1,1689,3,1,2,5323
5,2807,5,3,2,5324
4,1482,4,2,2,5325
5,2548,4,2,2,5326
4,392,6,4,2,5327
2,1617,11,9,2,5328
3,583,10,8,2,5329
1,474,3,1,2,5330
5,954,4,2,2,5331
3,2709,6,4,2,5332
4,1480,3,1,2,5333
1,621,8,6,2,5334
1,66,3,1,2,5335
5,2366,6,4,2,5336
1,956,3,1,2,5337
5,955,3,1,2,5338
4,6,4,2,2,5339
2,573,4,2,2,5340
3,273,3,1,2,5341
1,482,3,1,2,5342
4,1289,3,1,2,5343
1,1602,14,12,2,5344
3,1711,3,1,2,5345
2,1463,3,1,2,5346
1,673,3,1,2,5347
4,492,3,1,2,5348
4,905,3,1,2,5349
3,2853,10,8,2,5350
5,1179,3,1,2,5351
5,1067,6,4,2,5352
4,911,5,3,2,5353
5,1051,3,1,2,5354
2,1718,3,1,2,5355
3,311,8,6,2,5356
4,72,6,4,2,5357
2,842,4,2,2,5358
3,369,3,1,2,5359
5,2558,4,2,2,5360
5,2886,3,1,2,5361
5,414,3,1,2,5362
4,920,8,6,2,5363
3,2336,3,1,2,5364
2,1030,9,7,2,5365
3,2774,5,3,2,5366
5,2253,11,9,2,5367
3,809,6,4,2,5368
1,1034,4,2,2,5369
3,1670,4,2,2,5370
2,181,3,1,2,5371
3,254,13,11,2,5372
1,1503,5,3,2,5373
2,1244,8,6,2,5374
1,365,4,2,2,5375
5,2308,5,3,2,5376
1,2171,11,9,2,5377
5,1309,3,1,2,5378
5,710,4,2,2,5379
5,1054,15,13,2,5380
5,3072,5,3,2,5381
1,371,20,18,2,5382
3,2867,4,2,2,5383
3,1692,3,1,2,5384
1,1731,3,1,2,5385
2,1714,4,2,2,5386
1,1753,3,1,2,5387
5,1496,3,1,2,5388
3,1076,5,3,2,5389
3,1769,4,2,2,5390
1,1505,8,6,2,5391
1,1958,3,1,2,5392
5,2618,3,1,2,5393
3,1777,6,4,2,5394
1,653,3,1,2,5395
4,1536,9,7,2,5396
5,1406,3,1,2,5397
3,1792,5,3,2,5398
1,502,14,12,2,5399
2,733,3,1,2,5400
3,2779,3,1,2,5401
2,860,3,1,2,5402
5,1041,3,1,2,5403
5,1827,3,1,2,5404
4,1528,7,5,2,5405
1,125,4,2,2,5406
5,2424,4,2,2,5407
5,409,3,1,2,5408
3,3436,3,1,2,5409
5,2129,3,1,2,5410
5,928,5,3,2,5411
3,2317,5,3,2,5412
2,846,3,1,2,5413
5,912,3,1,2,5414
3,2829,3,1,2,5415
5,564,5,3,2,5416
3,1742,9,7,2,5417
3,2828,3,1,2,5418
3,1089,5,3,2,5419
1,1,5,3,2,5420
5,2939,6,4,2,5421
5,1173,15,13,2,5422
5,1172,4,2,2,5423
5,2054,11,9,2,5424
3,827,4,2,2,5425
3,3432,4,2,2,5426
3,436,3,1,2,5427
4,937,6,4,2,5428
3,2374,4,2,2,5429
2,1330,3,1,2,5430
4,516,3,1,2,5431
3,2154,13,11,2,5432
1,1312,3,1,2,5433
4,535,4,2,2,5434
3,928,3,1,2,5435
2,354,6,4,2,5436
3,2490,21,19,2,5437
1,1313,11,9,2,5438
3,2150,3,1,2,5439
4,461,8,6,2,5440
1,1659,55,53,2,5441
2,955,5,3,2,5442
3,303,6,4,2,5443
3,2483,10,8,2,5444
4,512,7,5,2,5445
3,3692,5,3,2,5446
3,3570,4,2,2,5447
2,76,3,1,2,5448
5,2539,3,1,2,5449
4,1326,3,1,2,5450
2,1502,3,1,2,5451
4,1339,4,2,2,5452
2,949,4,2,2,5453
3,3551,4,2,2,5454
3,2099,9,7,2,5455
3,3718,12,10,2,5456
3,3545,3,1,2,5457
3,2105,3,1,2,5458
2,1398,3,1,2,5459
5,1000,3,1,2,5460
4,1116,3,1,2,5461
2,372,8,6,2,5462
5,1093,3,1,2,5463
1,1156,4,2,2,5464
5,1355,6,4,2,5465
5,2526,3,1,2,5466
2,93,3,1,2,5467
3,929,3,1,2,5468
5,1092,3,1,2,5469
3,2503,5,3,2,5470
1,1349,3,1,2,5471
5,2847,20,18,2,5472
5,1017,3,1,2,5473
5,355,3,1,2,5474
2,1391,4,2,2,5475
3,967,4,2,2,5476
4,1276,3,1,2,5477
5,2625,3,1,2,5478
3,2211,8,6,2,5479
1,1992,3,1,2,5480
4,1296,3,1,2,5481
5,634,4,2,2,5482
5,2867,5,3,2,5483
5,314,5,3,2,5484
4,472,3,1,2,5485
2,83,5,3,2,5486
3,3592,3,1,2,5487
4,1293,3,1,2,5488
3,3669,4,2,2,5489
1,1773,3,1,2,5490
1,525,3,1,2,5491
1,1325,3,1,2,5492
3,2433,3,1,2,5493
3,2428,8,6,2,5494
3,3677,6,4,2,5495
3,2203,6,4,2,5496
3,2173,3,1,2,5497
2,34,4,2,2,5498
5,2638,15,13,2,5499
3,2176,3,1,2,5500
4,1320,3,1,2,5501
2,591,3,1,2,5502
1,537,3,1,2,5503
4,522,3,1,2,5504
4,1316,7,5,2,5505
2,1441,5,3,2,5506
5,2390,4,2,2,5507
2,1524,5,3,2,5508
1,1318,5,3,2,5509
3,2192,9,7,2,5510
5,2409,14,12,2,5511
2,77,4,2,2,5512
1,1341,3,1,2,5513
3,2195,10,8,2,5514
2,948,3,1,2,5515
5,2564,3,1,2,5516
5,2906,4,2,2,5517
3,3721,3,1,2,5518
3,868,11,9,2,5519
5,3085,4,2,2,5520
3,1022,4,2,2,5521
3,2640,3,1,2,5522
4,572,7,5,2,5523
1,932,5,3,2,5524
4,485,3,1,2,5525
1,80,3,1,2,5526
5,1034,3,1,2,5527
3,1018,5,3,2,5528
3,250,3,1,2,5529
5,974,4,2,2,5530
4,1046,4,2,2,5531
1,589,3,1,2,5532
1,1980,4,2,2,5533
1,1679,3,1,2,5534
3,874,5,3,2,5535
1,973,5,3,2,5536
5,724,5,3,2,5537
3,3508,3,1,2,5538
3,2642,3,1,2,5539
2,1602,3,1,2,5540
5,980,3,1,2,5541
2,1445,4,2,2,5542
5,1710,3,1,2,5543
5,1144,5,3,2,5544
3,2664,16,14,2,5545
5,1721,17,15,2,5546
2,630,3,1,2,5547
5,1141,7,5,2,5548
5,2635,3,1,2,5549
3,1030,9,7,2,5550
3,1961,4,2,2,5551
1,403,5,3,2,5552
5,1140,5,3,2,5553
1,1166,3,1,2,5554
4,1031,6,4,2,5555
2,1605,3,1,2,5556
4,1032,4,2,2,5557
3,2650,5,3,2,5558
4,577,7,5,2,5559
2,6,15,13,2,5560
5,1593,4,2,2,5561
1,405,8,6,2,5562
2,906,4,2,2,5563
2,1382,4,2,2,5564
3,2399,3,1,2,5565
5,2087,3,1,2,5566
5,1898,5,3,2,5567
3,3529,8,6,2,5568
3,647,3,1,2,5569
2,965,3,1,2,5570
5,2651,6,4,2,5571
5,2148,5,3,2,5572
4,1381,7,5,2,5573
3,2049,6,4,2,5574
2,366,4,2,2,5575
1,559,55,53,2,5576
3,3729,5,3,2,5577
4,1376,7,5,2,5578
5,2844,5,3,2,5579
3,2082,6,4,2,5580
5,2294,4,2,2,5581
3,2547,3,1,2,5582
4,1087,3,1,2,5583
3,2581,7,5,2,5584
1,579,3,1,2,5585
3,3759,3,1,2,5586
5,545,3,1,2,5587
3,2624,5,3,2,5588
1,406,5,3,2,5589
2,458,3,1,2,5590
3,292,9,7,2,5591
4,1060,3,1,2,5592
3,2269,3,1,2,5593
5,1501,4,2,2,5594
3,295,10,8,2,5595
5,695,4,2,2,5596
4,1265,8,6,2,5597
4,1076,3,1,2,5598
3,603,5,3,2,5599
1,568,3,1,2,5600
3,879,3,1,2,5601
3,3524,3,1,2,5602
3,3746,5,3,2,5603
5,625,4,2,2,5604
1,1175,10,8,2,5605
5,1322,4,2,2,5606
5,825,14,12,2,5607
4,828,7,5,2,5608
3,740,3,1,2,5609
3,61,4,2,2,5610
3,768,4,2,2,5611
1,741,6,4,2,5612
3,769,3,1,2,5613
5,1799,31,29,2,5614
4,283,3,1,2,5615
3,1536,3,1,2,5616
4,214,8,6,2,5617
5,228,5,3,2,5618
5,2237,3,1,2,5619
3,1332,6,4,2,5620
3,1532,4,2,2,5621
3,533,3,1,2,5622
5,1223,5,3,2,5623
5,840,4,2,2,5624
4,209,8,6,2,5625
2,1064,3,1,2,5626
3,3348,3,1,2,5627
3,742,3,1,2,5628
3,3346,3,1,2,5629
4,312,3,1,2,5630
5,503,3,1,2,5631
4,816,3,1,2,5632
1,1101,5,3,2,5633
1,2095,3,1,2,5634
4,810,4,2,2,5635
5,137,17,15,2,5636
5,1464,3,1,2,5637
3,3036,13,11,2,5638
3,764,16,14,2,5639
5,3057,3,1,2,5640
3,205,3,1,2,5641
3,1495,3,1,2,5642
4,658,8,6,2,5643
1,995,3,1,2,5644
1,874,3,1,2,5645
3,528,8,6,2,5646
1,1668,3,1,2,5647
1,1471,20,18,2,5648
4,227,6,4,2,5649
1,1841,6,4,2,5650
4,698,7,5,2,5651
5,1748,4,2,2,5652
3,2976,5,3,2,5653
4,228,4,2,2,5654
5,846,3,1,2,5655
5,152,3,1,2,5656
5,1302,3,1,2,5657
5,1939,3,1,2,5658
5,2538,4,2,2,5659
1,249,3,1,2,5660
1,1637,3,1,2,5661
5,1449,7,5,2,5662
1,2134,4,2,2,5663
1,1574,3,1,2,5664
5,1998,3,1,2,5665
4,133,6,4,2,5666
1,1625,3,1,2,5667
5,1473,3,1,2,5668
3,2989,5,3,2,5669
5,470,11,9,2,5670
2,433,37,35,2,5671
1,892,3,1,2,5672
1,2032,5,3,2,5673
2,510,4,2,2,5674
1,2056,3,1,2,5675
4,155,4,2,2,5676
2,1053,3,1,2,5677
5,110,3,1,2,5678
5,645,3,1,2,5679
3,1423,3,1,2,5680
5,2512,5,3,2,5681
2,745,11,9,2,5682
1,1458,3,1,2,5683
1,213,11,9,2,5684
4,173,6,4,2,5685
5,215,31,29,2,5686
3,1430,3,1,2,5687
5,1959,3,1,2,5688
5,2725,7,5,2,5689
5,2229,3,1,2,5690
1,1582,3,1,2,5691
3,750,5,3,2,5692
5,204,6,4,2,5693
5,3048,3,1,2,5694
5,2990,3,1,2,5695
3,499,3,1,2,5696
5,207,4,2,2,5697
5,1678,3,1,2,5698
3,417,5,3,2,5699
5,2677,3,1,2,5700
1,880,4,2,2,5701
2,797,5,3,2,5702
5,2724,5,3,2,5703
5,2676,3,1,2,5704
1,289,3,1,2,5705
5,2601,3,1,2,5706
2,1157,26,24,2,5707
5,1788,6,4,2,5708
5,1791,4,2,2,5709
5,106,3,1,2,5710
5,126,3,1,2,5711
2,1097,3,1,2,5712
5,2496,3,1,2,5713
5,1283,5,3,2,5714
3,3323,3,1,2,5715
5,1967,6,4,2,5716
3,149,6,4,2,5717
5,1781,8,6,2,5718
5,2072,3,1,2,5719
1,755,3,1,2,5720
1,773,3,1,2,5721
5,1690,3,1,2,5722
4,678,4,2,2,5723
3,1487,3,1,2,5724
1,1465,4,2,2,5725
3,3330,3,1,2,5726
4,676,3,1,2,5727
5,94,3,1,2,5728
5,1617,3,1,2,5729
5,197,8,6,2,5730
5,2584,3,1,2,5731
1,218,5,3,2,5732
5,806,4,2,2,5733
2,519,4,2,2,5734
2,526,3,1,2,5735
2,225,3,1,2,5736
2,1165,3,1,2,5737
2,792,3,1,2,5738
5,2728,5,3,2,5739
1,212,3,1,2,5740
1,1225,4,2,2,5741
3,1448,3,1,2,5742
3,3120,5,3,2,5743
3,1446,3,1,2,5744
3,31,4,2,2,5745
3,1220,5,3,2,5746
2,799,3,1,2,5747
5,9,4,2,2,5748
5,2757,15,13,2,5749
5,2756,4,2,2,5750
5,1812,5,3,2,5751
1,225,3,1,2,5752
4,116,8,6,2,5753
4,876,6,4,2,5754
3,2918,5,3,2,5755
4,724,7,5,2,5756
5,2209,4,2,2,5757
2,1226,6,4,2,5758
5,167,6,4,2,5759
3,724,5,3,2,5760
1,1721,8,6,2,5761
5,669,11,9,2,5762
2,1732,3,1,2,5763
5,164,4,2,2,5764
4,652,3,1,2,5765
1,1180,3,1,2,5766
3,1645,3,1,2,5767
5,1694,3,1,2,5768
1,1855,3,1,2,5769
5,653,3,1,2,5770
5,1751,6,4,2,5771
1,1446,4,2,2,5772
2,652,5,3,2,5773
1,712,5,3,2,5774
3,1608,3,1,2,5775
3,3387,3,1,2,5776
3,199,9,7,2,5777
5,1488,5,3,2,5778
5,1260,5,3,2,5779
1,867,4,2,2,5780
2,192,3,1,2,5781
4,101,3,1,2,5782
4,256,3,1,2,5783
5,170,3,1,2,5784
2,293,3,1,2,5785
5,2763,3,1,2,5786
3,11,9,7,2,5787
4,732,9,7,2,5788
5,782,6,4,2,5789
3,1629,8,6,2,5790
4,242,4,2,2,5791
1,858,3,1,2,5792
3,182,6,4,2,5793
3,2922,4,2,2,5794
3,1136,13,11,2,5795
1,358,3,1,2,5796
1,346,4,2,2,5797
2,285,26,24,2,5798
5,1754,3,1,2,5799
5,3033,7,5,2,5800
5,1736,3,1,2,5801
3,2965,3,1,2,5802
5,488,3,1,2,5803
5,1993,3,1,2,5804
1,1265,19,17,2,5805
2,1740,5,3,2,5806
3,1624,3,1,2,5807
3,681,7,5,2,5808
3,3395,3,1,2,5809
2,1238,4,2,2,5810
5,243,3,1,2,5811
1,241,3,1,2,5812
5,1263,20,18,2,5813
3,1651,4,2,2,5814
3,3232,6,4,2,5815
3,2930,9,7,2,5816
1,2073,5,3,2,5817
4,272,3,1,2,5818
5,33,3,1,2,5819
4,107,5,3,2,5820
3,3621,2,1,1,5821
3,330,4,3,1,5822
5,487,5,4,1,5823
5,1682,2,1,1,5824
2,53,2,1,1,5825
1,450,2,1,1,5826
3,2509,8,7,1,5827
4,501,5,4,1,5828
3,448,4,3,1,5829
3,2498,2,1,1,5830
5,1245,2,1,1,5831
3,3226,2,1,1,5832
3,2502,2,1,1,5833
5,2887,3,2,1,5834
5,1356,2,1,1,5835
5,658,5,4,1,5836
5,1563,3,2,1,5837
3,2510,3,2,1,5838
3,628,5,4,1,5839
2,711,7,6,1,5840
3,398,2,1,1,5841
5,1961,3,2,1,5842
3,2364,19,18,1,5843
3,643,3,2,1,5844
2,1403,2,1,1,5845
3,895,3,2,1,5846
3,409,2,1,1,5847
4,496,2,1,1,5848
3,2546,4,3,1,5849
5,1288,2,1,1,5850
2,604,3,2,1,5851
2,1386,2,1,1,5852
5,1349,2,1,1,5853
5,2884,2,1,1,5854
4,1096,2,1,1,5855
2,1385,2,1,1,5856
5,2883,3,2,1,5857
2,964,4,3,1,5858
5,1891,9,8,1,5859
3,2348,4,3,1,5860
3,337,2,1,1,5861
1,1015,3,2,1,5862
1,1649,2,1,1,5863
3,2554,2,1,1,5864
1,235,2,1,1,5865
4,1219,3,2,1,5866
4,557,2,1,1,5867
3,3236,3,2,1,5868
3,3101,2,1,1,5869
3,3303,5,4,1,5870
3,3238,2,1,1,5871
3,3626,8,7,1,5872
5,3095,4,3,1,5873
3,3110,4,3,1,5874
4,553,5,4,1,5875
5,358,12,11,1,5876
2,373,2,1,1,5877
3,3550,2,1,1,5878
4,551,4,3,1,5879
3,412,4,3,1,5880
3,3548,2,1,1,5881
4,1109,16,15,1,5882
3,2528,5,4,1,5883
3,3293,7,6,1,5884
5,1562,2,1,1,5885
4,760,2,1,1,5886
3,2543,3,2,1,5887
3,3246,2,1,1,5888
3,3294,2,1,1,5889
1,1756,2,1,1,5890
3,3544,2,1,1,5891
3,413,3,2,1,5892
4,1214,7,6,1,5893
1,2050,5,4,1,5894
5,1561,3,2,1,5895
3,3111,4,3,1,5896
3,646,4,3,1,5897
5,2386,3,2,1,5898
5,478,2,1,1,5899
1,2100,2,1,1,5900
3,2452,4,3,1,5901
3,3602,2,1,1,5902
3,3194,2,1,1,5903
3,3604,3,2,1,5904
1,1009,2,1,1,5905
5,3020,2,1,1,5906
4,731,3,2,1,5907
2,1426,12,11,1,5908
5,2155,2,1,1,5909
3,2398,2,1,1,5910
1,2077,2,1,1,5911
4,730,6,5,1,5912
5,655,2,1,1,5913
4,1161,2,1,1,5914
3,2453,3,2,1,5915
2,1144,2,1,1,5916
3,2562,2,1,1,5917
1,463,2,1,1,5918
1,2071,4,3,1,5919
2,1145,2,1,1,5920
4,1155,3,2,1,5921
3,911,2,1,1,5922
5,1259,2,1,1,5923
3,3166,2,1,1,5924
1,1760,3,2,1,5925
4,1160,2,1,1,5926
1,137,2,1,1,5927
1,278,2,1,1,5928
3,3189,2,1,1,5929
5,2395,14,13,1,5930
5,1498,2,1,1,5931
3,2424,3,2,1,5932
4,736,5,4,1,5933
4,1174,5,4,1,5934
5,490,2,1,1,5935
2,426,3,2,1,5936
5,1567,3,2,1,5937
3,918,5,4,1,5938
3,915,3,2,1,5939
2,1434,2,1,1,5940
5,1084,3,2,1,5941
1,464,2,1,1,5942
5,3102,2,1,1,5943
2,1132,2,1,1,5944
3,3182,2,1,1,5945
5,3100,2,1,1,5946
3,3601,5,4,1,5947
5,2898,2,1,1,5948
1,136,2,1,1,5949
2,1113,5,4,1,5950
1,1774,4,3,1,5951
3,3180,4,3,1,5952
4,734,6,5,1,5953
1,2082,6,5,1,5954
1,472,2,1,1,5955
1,245,3,2,1,5956
5,1370,4,3,1,5957
3,2478,148,147,1,5958
4,722,2,1,1,5959
3,3274,2,1,1,5960
5,1364,2,1,1,5961
1,455,3,2,1,5962
3,3610,2,1,1,5963
1,272,2,1,1,5964
3,3214,10,9,1,5965
2,674,6,5,1,5966
2,1150,3,2,1,5967
4,696,5,4,1,5968
5,701,15,14,1,5969
3,3579,2,1,1,5970
3,3218,2,1,1,5971
3,3278,2,1,1,5972
4,1131,6,5,1,5973
5,2302,3,2,1,5974
2,1455,22,21,1,5975
5,2588,2,1,1,5976
1,1758,3,2,1,5977
1,274,3,2,1,5978
4,534,5,4,1,5979
4,1202,3,2,1,5980
4,502,3,2,1,5981
2,950,4,3,1,5982
3,3608,2,1,1,5983
3,3150,2,1,1,5984
5,1996,2,1,1,5985
5,2899,2,1,1,5986
2,1447,2,1,1,5987
5,2528,2,1,1,5988
5,2333,2,1,1,5989
5,3098,3,2,1,5990
1,2086,2,1,1,5991
1,1777,2,1,1,5992
2,1420,2,1,1,5993
4,1147,2,1,1,5994
2,606,2,1,1,5995
1,1345,3,2,1,5996
4,702,2,1,1,5997
5,1572,16,15,1,5998
2,1147,2,1,1,5999
5,2537,3,2,1,6000
5,2332,2,1,1,6001
1,2090,7,6,1,6002
1,1778,2,1,1,6003
1,2091,2,1,1,6004
1,963,2,1,1,6005
1,1779,2,1,1,6006
1,266,2,1,1,6007
3,399,2,1,1,6008
2,1123,11,10,1,6009
2,1043,2,1,1,6010
3,887,2,1,1,6011
5,1210,2,1,1,6012
1,1412,3,2,1,6013
1,1335,2,1,1,6014
1,1490,2,1,1,6015
1,1838,4,3,1,6016
1,1839,3,2,1,6017
1,2139,5,4,1,6018
4,610,2,1,1,6019
3,2974,2,1,1,6020
5,1917,2,1,1,6021
2,1206,2,1,1,6022
4,955,2,1,1,6023
5,1303,3,2,1,6024
3,2767,2,1,1,6025
4,956,2,1,1,6026
3,2784,4,3,1,6027
3,662,2,1,1,6028
4,950,2,1,1,6029
5,2345,3,2,1,6030
1,1832,9,8,1,6031
3,2787,2,1,1,6032
4,615,2,1,1,6033
2,1013,5,4,1,6034
4,653,2,1,1,6035
5,1692,2,1,1,6036
3,833,5,4,1,6037
3,2795,3,2,1,6038
1,1039,5,4,1,6039
4,942,2,1,1,6040
4,941,4,3,1,6041
5,1693,4,3,1,6042
4,940,2,1,1,6043
3,384,2,1,1,6044
4,603,4,3,1,6045
2,1379,2,1,1,6046
4,980,2,1,1,6047
5,1699,5,4,1,6048
3,2741,8,7,1,6049
3,2986,2,1,1,6050
3,3463,2,1,1,6051
5,1217,3,2,1,6052
3,3464,3,2,1,6053
4,981,5,4,1,6054
4,960,5,4,1,6055
3,2733,5,4,1,6056
2,1301,3,2,1,6057
5,1543,2,1,1,6058
3,3357,3,2,1,6059
2,1005,2,1,1,6060
5,1942,12,11,1,6061
2,1298,3,2,1,6062
1,390,2,1,1,6063
5,2364,2,1,1,6064
3,2746,3,2,1,6065
3,846,3,2,1,6066
5,1299,3,2,1,6067
4,975,2,1,1,6068
5,1300,2,1,1,6069
3,357,2,1,1,6070
5,677,2,1,1,6071
3,360,3,2,1,6072
4,601,3,2,1,6073
4,602,2,1,1,6074
1,1394,2,1,1,6075
3,841,8,7,1,6076
4,961,4,3,1,6077
2,383,3,2,1,6078
1,982,6,5,1,6079
5,2933,2,1,1,6080
1,2178,3,2,1,6081
3,3391,5,4,1,6082
3,2869,3,2,1,6083
2,1234,4,3,1,6084
3,2865,6,5,1,6085
3,3414,6,5,1,6086
5,1314,2,1,1,6087
1,2170,2,1,1,6088
3,376,2,1,1,6089
1,2176,3,2,1,6090
5,1315,2,1,1,6091
3,2858,2,1,1,6092
3,672,4,3,1,6093
4,904,2,1,1,6094
3,2855,3,2,1,6095
4,908,8,7,1,6096
3,674,4,3,1,6097
3,3408,3,2,1,6098
1,1824,2,1,1,6099
3,811,4,3,1,6100
5,2948,2,1,1,6101
4,891,3,2,1,6102
2,1245,2,1,1,6103
4,639,2,1,1,6104
5,2121,2,1,1,6105
3,2903,31,30,1,6106
4,880,2,1,1,6107
4,638,3,2,1,6108
1,986,2,1,1,6109
5,2120,2,1,1,6110
4,636,2,1,1,6111
3,3398,2,1,1,6112
4,883,2,1,1,6113
2,1024,2,1,1,6114
2,1255,3,2,1,6115
5,2954,4,3,1,6116
1,1598,2,1,1,6117
2,653,3,2,1,6118
3,2811,2,1,1,6119
3,2815,3,2,1,6120
4,642,4,3,1,6121
3,2818,5,4,1,6122
2,1048,2,1,1,6123
2,1020,2,1,1,6124
2,644,2,1,1,6125
1,991,2,1,1,6126
5,2940,2,1,1,6127
5,1200,2,1,1,6128
3,2934,7,6,1,6129
1,1826,2,1,1,6130
5,412,2,1,1,6131
5,1516,2,1,1,6132
3,2844,2,1,1,6133
1,2024,4,3,1,6134
2,1221,4,3,1,6135
1,1147,2,1,1,6136
5,3076,20,19,1,6137
3,2929,3,2,1,6138
3,3388,2,1,1,6139
1,990,7,6,1,6140
3,821,2,1,1,6141
4,917,2,1,1,6142
4,916,2,1,1,6143
3,796,2,1,1,6144
3,798,3,2,1,6145
5,1518,2,1,1,6146
5,1178,2,1,1,6147
3,2721,2,1,1,6148
1,977,2,1,1,6149
3,771,2,1,1,6150
3,3085,2,1,1,6151
5,1900,7,6,1,6152
4,1052,7,6,1,6153
4,1053,3,2,1,6154
3,3083,2,1,1,6155
1,294,2,1,1,6156
2,692,2,1,1,6157
5,1136,2,1,1,6158
3,3320,4,3,1,6159
4,784,4,3,1,6160
3,3087,2,1,1,6161
3,3312,2,1,1,6162
3,3513,9,8,1,6163
4,1065,5,4,1,6164
1,1378,2,1,1,6165
3,3081,2,1,1,6166
5,2989,2,1,1,6167
4,1048,3,2,1,6168
5,1238,22,21,1,6169
1,1671,2,1,1,6170
3,3315,2,1,1,6171
5,462,2,1,1,6172
5,691,2,1,1,6173
5,2303,2,1,1,6174
5,1661,3,2,1,6175
2,1166,3,2,1,6176
3,3070,2,1,1,6177
2,1077,3,2,1,6178
5,2981,10,9,1,6179
5,688,2,1,1,6180
2,1076,2,1,1,6181
4,1033,2,1,1,6182
4,1072,2,1,1,6183
4,1073,2,1,1,6184
1,2007,2,1,1,6185
5,1683,3,2,1,6186
4,1090,2,1,1,6187
1,430,3,2,1,6188
3,2572,4,3,1,6189
1,2048,5,4,1,6190
3,2574,4,3,1,6191
2,968,5,4,1,6192
5,1116,5,4,1,6193
3,884,4,3,1,6194
2,463,2,1,1,6195
5,2377,2,1,1,6196
5,1560,2,1,1,6197
5,1558,3,2,1,6198
5,2991,7,6,1,6199
3,2584,13,12,1,6200
1,1366,2,1,1,6201
4,562,2,1,1,6202
5,694,4,3,1,6203
3,2588,2,1,1,6204
1,420,5,4,1,6205
2,1363,2,1,1,6206
1,418,2,1,1,6207
2,624,2,1,1,6208
1,2109,2,1,1,6209
1,416,2,1,1,6210
1,1800,5,4,1,6211
2,1357,2,1,1,6212
5,2372,3,2,1,6213
1,1372,2,1,1,6214
1,1374,3,2,1,6215
1,971,4,3,1,6216
5,2336,2,1,1,6217
3,3063,3,2,1,6218
3,353,2,1,1,6219
1,397,7,6,1,6220
1,2197,2,1,1,6221
5,2926,4,3,1,6222
1,1807,2,1,1,6223
3,684,13,12,1,6224
5,2604,4,3,1,6225
3,2698,3,2,1,6226
3,2696,2,1,1,6227
5,1525,3,2,1,6228
2,1182,3,2,1,6229
2,703,3,2,1,6230
4,1001,3,2,1,6231
4,588,7,6,1,6232
3,688,2,1,1,6233
2,990,2,1,1,6234
5,2623,2,1,1,6235
2,1316,2,1,1,6236
5,2138,3,2,1,6237
5,3082,2,1,1,6238
1,2014,2,1,1,6239
3,3007,5,4,1,6240
2,1312,5,4,1,6241
3,2711,4,3,1,6242
3,3478,3,2,1,6243
4,669,2,1,1,6244
3,3003,3,2,1,6245
3,3002,9,8,1,6246
3,770,2,1,1,6247
2,996,2,1,1,6248
5,1514,3,2,1,6249
2,1000,3,2,1,6250
4,994,4,3,1,6251
2,1323,2,1,1,6252
2,989,2,1,1,6253
1,1000,2,1,1,6254
3,3333,2,1,1,6255
1,312,3,2,1,6256
3,3499,2,1,1,6257
3,757,2,1,1,6258
3,2657,2,1,1,6259
3,2658,4,3,1,6260
3,758,4,3,1,6261
4,797,2,1,1,6262
2,1335,2,1,1,6263
4,1022,2,1,1,6264
1,2115,3,2,1,6265
1,1862,2,1,1,6266
5,457,2,1,1,6267
5,2975,2,1,1,6268
3,2670,2,1,1,6269
3,2671,2,1,1,6270
5,1511,4,3,1,6271
3,867,2,1,1,6272
4,674,2,1,1,6273
5,1234,3,2,1,6274
3,3034,2,1,1,6275
4,583,2,1,1,6276
5,2210,2,1,1,6277
5,377,3,2,1,6278
3,3031,2,1,1,6279
1,1497,7,6,1,6280
5,1342,4,3,1,6281
3,3030,2,1,1,6282
3,654,2,1,1,6283
5,2261,2,1,1,6284
3,3340,2,1,1,6285
5,1574,2,1,1,6286
5,2168,2,1,1,6287
1,2063,2,1,1,6288
3,1814,4,3,1,6289
3,1823,2,1,1,6290
5,554,3,2,1,6291
3,1820,4,3,1,6292
1,644,2,1,1,6293
2,1670,2,1,1,6294
5,109,4,3,1,6295
5,2275,2,1,1,6296
2,451,2,1,1,6297
3,1755,6,5,1,6298
3,1433,2,1,1,6299
4,1513,3,2,1,6300
5,1828,3,2,1,6301
3,1807,2,1,1,6302
5,2435,4,3,1,6303
3,1803,3,2,1,6304
5,108,2,1,1,6305
5,1729,2,1,1,6306
1,1965,7,6,1,6307
1,1222,6,5,1,6308
2,1665,2,1,1,6309
1,637,2,1,1,6310
3,1848,7,6,1,6311
2,1661,8,7,1,6312
4,177,5,4,1,6313
4,176,2,1,1,6314
5,2801,3,2,1,6315
3,1839,2,1,1,6316
1,641,2,1,1,6317
3,270,2,1,1,6318
5,3147,3,2,1,6319
3,1835,2,1,1,6320
4,1506,2,1,1,6321
1,914,2,1,1,6322
5,1397,10,9,1,6323
5,823,2,1,1,6324
3,115,2,1,1,6325
3,1440,2,1,1,6326
3,269,2,1,1,6327
5,1618,2,1,1,6328
4,1538,6,5,1,6329
1,1960,5,4,1,6330
3,1183,2,1,1,6331
1,656,2,1,1,6332
4,1540,5,4,1,6333
5,1407,7,6,1,6334
1,762,2,1,1,6335
4,370,5,4,1,6336
5,99,3,2,1,6337
1,658,3,2,1,6338
5,98,2,1,1,6339
5,923,4,3,1,6340
3,578,148,147,1,6341
3,1086,2,1,1,6342
1,1640,3,2,1,6343
3,1457,3,2,1,6344
1,1634,2,1,1,6345
5,214,9,8,1,6346
1,654,2,1,1,6347
3,1187,2,1,1,6348
4,1526,2,1,1,6349
4,171,2,1,1,6350
3,1074,2,1,1,6351
3,1791,5,4,1,6352
3,108,26,25,1,6353
3,1790,2,1,1,6354
5,933,3,2,1,6355
5,833,2,1,1,6356
4,1534,6,5,1,6357
5,1405,2,1,1,6358
4,1535,3,2,1,6359
5,2794,2,1,1,6360
3,1185,2,1,1,6361
5,2517,3,2,1,6362
5,3146,2,1,1,6363
5,944,2,1,1,6364
3,1420,4,3,1,6365
2,141,5,4,1,6366
1,74,4,3,1,6367
4,1446,4,3,1,6368
2,575,2,1,1,6369
5,1391,2,1,1,6370
3,1927,2,1,1,6371
3,1926,3,2,1,6372
4,1457,2,1,1,6373
3,1393,7,6,1,6374
1,1550,2,1,1,6375
5,291,2,1,1,6376
3,274,3,2,1,6377
3,1394,2,1,1,6378
1,1737,2,1,1,6379
3,3796,4,3,1,6380
1,1887,2,1,1,6381
3,1938,2,1,1,6382
5,2046,2,1,1,6383
3,1909,4,3,1,6384
4,410,7,6,1,6385
5,2720,2,1,1,6386
2,793,2,1,1,6387
4,1440,2,1,1,6388
3,1029,3,2,1,6389
5,811,14,13,1,6390
5,296,2,1,1,6391
2,1610,2,1,1,6392
4,1442,3,2,1,6393
3,1034,7,6,1,6394
3,206,2,1,1,6395
1,790,6,5,1,6396
3,3778,2,1,1,6397
3,1952,2,1,1,6398
4,1443,2,1,1,6399
5,584,2,1,1,6400
5,2278,4,3,1,6401
5,203,9,8,1,6402
5,2483,3,2,1,6403
5,953,3,2,1,6404
1,924,4,3,1,6405
5,115,5,4,1,6406
3,128,2,1,1,6407
3,1864,2,1,1,6408
5,3144,2,1,1,6409
5,3145,3,2,1,6410
2,334,2,1,1,6411
3,1860,6,5,1,6412
3,1412,2,1,1,6413
2,731,3,2,1,6414
3,1415,2,1,1,6415
4,1500,5,4,1,6416
2,1655,4,3,1,6417
3,1854,4,3,1,6418
3,498,2,1,1,6419
5,1787,9,8,1,6420
3,1878,2,1,1,6421
4,1473,2,1,1,6422
1,628,2,1,1,6423
1,787,2,1,1,6424
3,1403,5,4,1,6425
1,617,4,3,1,6426
2,241,5,4,1,6427
4,398,3,2,1,6428
3,1896,4,3,1,6429
4,1478,2,1,1,6430
2,148,2,1,1,6431
5,3142,3,2,1,6432
1,624,2,1,1,6433
1,1890,6,5,1,6434
1,626,2,1,1,6435
2,798,2,1,1,6436
5,284,4,3,1,6437
2,152,2,1,1,6438
2,562,2,1,1,6439
3,1181,2,1,1,6440
4,415,3,2,1,6441
3,1130,2,1,1,6442
1,1726,2,1,1,6443
1,1724,2,1,1,6444
5,1604,2,1,1,6445
4,112,2,1,1,6446
3,1613,9,8,1,6447
4,113,2,1,1,6448
5,874,2,1,1,6449
3,1508,3,2,1,6450
1,1555,3,2,1,6451
5,20,2,1,1,6452
5,2762,2,1,1,6453
5,2458,2,1,1,6454
1,1564,2,1,1,6455
3,9,4,3,1,6456
3,1599,2,1,1,6457
3,1131,2,1,1,6458
1,1076,3,2,1,6459
2,548,2,1,1,6460
1,707,2,1,1,6461
4,151,2,1,1,6462
1,907,2,1,1,6463
3,1650,2,1,1,6464
4,100,2,1,1,6465
3,1648,2,1,1,6466
3,553,3,2,1,6467
5,2242,5,4,1,6468
3,1644,2,1,1,6469
5,749,2,1,1,6470
1,700,5,4,1,6471
5,880,2,1,1,6472
2,828,3,2,1,6473
4,104,8,7,1,6474
4,152,2,1,1,6475
5,571,2,1,1,6476
5,244,3,2,1,6477
5,2668,3,2,1,6478
3,1170,2,1,1,6479
3,1134,2,1,1,6480
1,732,9,8,1,6481
3,1563,2,1,1,6482
3,219,2,1,1,6483
1,887,2,1,1,6484
1,1717,4,3,1,6485
4,327,6,5,1,6486
3,1163,3,2,1,6487
3,38,2,1,1,6488
1,739,3,2,1,6489
3,225,2,1,1,6490
1,738,4,3,1,6491
5,1740,4,3,1,6492
4,136,2,1,1,6493
5,233,2,1,1,6494
3,52,2,1,1,6495
4,137,4,3,1,6496
3,1564,3,2,1,6497
1,1078,3,2,1,6498
5,1436,2,1,1,6499
5,752,2,1,1,6500
5,1798,9,8,1,6501
5,1737,2,1,1,6502
3,1514,6,5,1,6503
4,146,2,1,1,6504
5,34,2,1,1,6505
1,724,2,1,1,6506
1,885,2,1,1,6507
5,851,4,3,1,6508
1,726,2,1,1,6509
3,1578,3,2,1,6510
3,26,3,2,1,6511
2,204,2,1,1,6512
3,27,2,1,1,6513
5,2239,2,1,1,6514
2,205,3,2,1,6515
5,748,2,1,1,6516
1,1563,2,1,1,6517
5,3158,2,1,1,6518
5,3151,3,2,1,6519
3,1721,2,1,1,6520
3,552,4,3,1,6521
2,491,2,1,1,6522
5,2784,2,1,1,6523
5,3161,2,1,1,6524
5,3160,3,2,1,6525
3,1488,2,1,1,6526
4,76,2,1,1,6527
3,1710,2,1,1,6528
3,1708,2,1,1,6529
5,899,3,2,1,6530
5,761,3,2,1,6531
3,1704,3,2,1,6532
4,79,2,1,1,6533
3,1702,2,1,1,6534
5,2464,2,1,1,6535
4,1564,2,1,1,6536
5,1734,4,3,1,6537
3,1726,8,7,1,6538
3,263,2,1,1,6539
2,429,3,2,1,6540
2,850,2,1,1,6541
1,660,3,2,1,6542
2,171,2,1,1,6543
2,1700,3,2,1,6544
3,94,2,1,1,6545
5,91,5,4,1,6546
1,1236,2,1,1,6547
2,847,2,1,1,6548
1,1237,2,1,1,6549
1,1690,2,1,1,6550
4,305,16,15,1,6551
3,1736,2,1,1,6552
1,1615,2,1,1,6553
3,1701,5,4,1,6554
1,47,2,1,1,6555
2,738,2,1,1,6556
3,1679,2,1,1,6557
4,87,3,2,1,6558
5,2272,2,1,1,6559
4,1588,4,3,1,6560
3,1498,2,1,1,6561
1,1174,4,3,1,6562
5,3156,16,15,1,6563
5,77,3,2,1,6564
3,1107,5,4,1,6565
2,554,12,11,1,6566
4,343,2,1,1,6567
1,1949,4,3,1,6568
4,1601,2,1,1,6569
5,1817,2,1,1,6570
5,2186,2,1,1,6571
5,2062,2,1,1,6572
4,351,3,2,1,6573
3,214,2,1,1,6574
4,357,2,1,1,6575
1,1728,2,1,1,6576
2,1719,2,1,1,6577
4,157,4,3,1,6578
2,176,2,1,1,6579
1,674,4,3,1,6580
4,356,2,1,1,6581
3,1102,9,8,1,6582
2,1722,2,1,1,6583
3,1491,5,4,1,6584
1,677,2,1,1,6585
1,678,2,1,1,6586
5,835,3,2,1,6587
1,679,2,1,1,6588
3,1103,3,2,1,6589
4,156,5,4,1,6590
2,531,2,1,1,6591
2,485,2,1,1,6592
3,1201,2,1,1,6593
1,1070,2,1,1,6594
5,602,2,1,1,6595
3,2209,2,1,1,6596
4,1300,2,1,1,6597
3,183,13,12,1,6598
4,1305,5,4,1,6599
2,1525,3,2,1,6600
5,626,2,1,1,6601
3,2196,2,1,1,6602
4,1306,3,2,1,6603
1,534,2,1,1,6604
2,273,2,1,1,6605
5,1875,2,1,1,6606
2,272,2,1,1,6607
3,2186,2,1,1,6608
5,1020,4,3,1,6609
5,537,2,1,1,6610
3,1289,2,1,1,6611
3,185,2,1,1,6612
3,201,2,1,1,6613
3,1280,4,3,1,6614
3,2237,2,1,1,6615
4,268,2,1,1,6616
2,1516,2,1,1,6617
3,2230,4,3,1,6618
5,316,7,6,1,6619
4,269,2,1,1,6620
2,275,2,1,1,6621
3,969,3,2,1,6622
4,1290,3,2,1,6623
3,1282,2,1,1,6624
3,965,6,5,1,6625
5,2407,2,1,1,6626
5,536,2,1,1,6627
4,1295,2,1,1,6628
3,1294,2,1,1,6629
3,2174,3,2,1,6630
3,3707,2,1,1,6631
5,156,4,3,1,6632
4,456,2,1,1,6633
5,150,4,3,1,6634
4,1338,5,4,1,6635
3,610,3,2,1,6636
3,1314,10,9,1,6637
5,2417,2,1,1,6638
3,3703,3,2,1,6639
1,549,2,1,1,6640
2,1546,6,5,1,6641
2,92,4,3,1,6642
5,788,3,2,1,6643
5,307,9,8,1,6644
1,1518,2,1,1,6645
1,1520,5,4,1,6646
3,2125,2,1,1,6647
4,457,2,1,1,6648
1,607,2,1,1,6649
5,718,3,2,1,6650
1,948,5,4,1,6651
2,440,5,4,1,6652
3,2170,2,1,1,6653
3,2169,2,1,1,6654
4,229,2,1,1,6655
5,153,2,1,1,6656
1,540,3,2,1,6657
3,2163,2,1,1,6658
4,462,2,1,1,6659
3,3690,2,1,1,6660
3,3691,5,4,1,6661
1,1987,2,1,1,6662
5,2507,4,3,1,6663
1,1516,2,1,1,6664
5,2192,5,4,1,6665
4,1288,3,2,1,6666
4,709,3,2,1,6667
2,278,3,2,1,6668
5,780,2,1,1,6669
3,2309,2,1,1,6670
5,333,2,1,1,6671
5,1576,3,2,1,6672
1,860,5,4,1,6673
1,1699,2,1,1,6674
4,248,7,6,1,6675
3,197,13,12,1,6676
5,1577,2,1,1,6677
5,2872,2,1,1,6678
2,294,3,2,1,6679
3,1250,2,1,1,6680
3,2299,2,1,1,6681
3,2298,2,1,1,6682
4,491,2,1,1,6683
3,524,3,2,1,6684
1,1683,5,4,1,6685
3,2312,4,3,1,6686
3,2313,3,2,1,6687
1,1754,2,1,1,6688
4,1222,3,2,1,6689
5,3109,3,2,1,6690
1,498,2,1,1,6691
5,1889,6,5,1,6692
3,198,3,2,1,6693
2,1473,2,1,1,6694
5,2631,4,3,1,6695
5,1047,4,3,1,6696
2,601,2,1,1,6697
2,1476,3,2,1,6698
3,944,2,1,1,6699
2,1478,2,1,1,6700
3,3636,2,1,1,6701
4,249,3,2,1,6702
3,196,3,2,1,6703
1,511,6,5,1,6704
5,1039,2,1,1,6705
2,925,2,1,1,6706
3,2260,3,2,1,6707
4,484,3,2,1,6708
3,2257,2,1,1,6709
2,78,4,3,1,6710
2,507,2,1,1,6711
3,2253,2,1,1,6712
3,1266,2,1,1,6713
3,309,2,1,1,6714
1,950,5,4,1,6715
5,2700,5,4,1,6716
4,480,2,1,1,6717
4,1284,2,1,1,6718
4,261,5,4,1,6719
3,464,19,18,1,6720
3,958,2,1,1,6721
5,1880,2,1,1,6722
1,865,7,6,1,6723
3,955,3,2,1,6724
2,362,4,3,1,6725
1,849,4,3,1,6726
1,122,6,5,1,6727
3,2284,2,1,1,6728
1,1189,2,1,1,6729
4,244,3,2,1,6730
4,486,3,2,1,6731
1,515,2,1,1,6732
3,2276,2,1,1,6733
2,1496,2,1,1,6734
4,1260,2,1,1,6735
4,1261,2,1,1,6736
3,3655,6,5,1,6737
4,1266,2,1,1,6738
2,96,5,4,1,6739
1,1200,4,3,1,6740
4,138,2,1,1,6741
2,118,2,1,1,6742
1,1530,3,2,1,6743
3,1211,4,3,1,6744
1,89,2,1,1,6745
3,2048,4,3,1,6746
5,2829,2,1,1,6747
3,2050,3,2,1,6748
5,802,3,2,1,6749
5,3127,2,1,1,6750
2,349,4,3,1,6751
3,3739,2,1,1,6752
1,583,5,4,1,6753
2,128,3,2,1,6754
3,1003,31,30,1,6755
2,117,2,1,1,6756
2,1575,3,2,1,6757
3,598,2,1,1,6758
4,1392,7,6,1,6759
5,793,2,1,1,6760
3,1994,2,1,1,6761
5,305,6,5,1,6762
5,2074,2,1,1,6763
2,1596,2,1,1,6764
4,1387,2,1,1,6765
1,1741,2,1,1,6766
5,2071,5,4,1,6767
3,3735,2,1,1,6768
1,588,2,1,1,6769
1,590,2,1,1,6770
3,1318,2,1,1,6771
3,3748,7,6,1,6772
3,1374,2,1,1,6773
3,2028,2,1,1,6774
3,3760,6,5,1,6775
1,571,2,1,1,6776
2,783,4,3,1,6777
5,719,2,1,1,6778
2,310,3,2,1,6779
5,2285,15,14,1,6780
4,1419,2,1,1,6781
2,1583,7,6,1,6782
3,296,2,1,1,6783
4,1414,2,1,1,6784
2,583,22,21,1,6785
5,608,5,4,1,6786
3,602,2,1,1,6787
3,3754,4,3,1,6788
5,1492,20,19,1,6789
4,197,3,2,1,6790
2,251,11,10,1,6791
3,150,3,2,1,6792
2,124,2,1,1,6793
3,1210,4,3,1,6794
4,292,2,1,1,6795
4,1407,4,3,1,6796
4,1406,2,1,1,6797
3,148,4,3,1,6798
3,2008,26,25,1,6799
5,2041,2,1,1,6800
3,3764,2,1,1,6801
4,1405,3,2,1,6802
3,1346,2,1,1,6803
2,514,2,1,1,6804
2,1564,2,1,1,6805
3,1326,2,1,1,6806
5,2818,3,2,1,6807
3,2097,13,12,1,6808
3,2098,3,2,1,6809
3,2101,2,1,1,6810
1,1744,2,1,1,6811
4,1361,2,1,1,6812
4,418,3,2,1,6813
2,1603,3,2,1,6814
3,609,8,7,1,6815
5,145,2,1,1,6816
3,2106,2,1,1,6817
2,724,2,1,1,6818
4,1357,5,4,1,6819
3,3714,4,3,1,6820
3,2096,3,2,1,6821
1,100,4,3,1,6822
3,1378,2,1,1,6823
4,1355,4,3,1,6824
3,2114,2,1,1,6825
4,218,2,1,1,6826
4,190,4,3,1,6827
1,1572,2,1,1,6828
1,1097,2,1,1,6829
2,260,2,1,1,6830
5,1675,5,4,1,6831
3,2119,2,1,1,6832
5,1004,2,1,1,6833
5,1868,4,3,1,6834
2,513,2,1,1,6835
1,1688,2,1,1,6836
5,2419,3,2,1,6837
3,3723,2,1,1,6838
1,1707,2,1,1,6839
5,2843,2,1,1,6840
2,789,8,7,1,6841
4,286,2,1,1,6842
2,444,2,1,1,6843
5,2822,22,21,1,6844
2,133,2,1,1,6845
3,2083,13,12,1,6846
3,2085,2,1,1,6847
1,1985,2,1,1,6848
1,1611,6,5,1,6849
3,2015,2,1,1,6850
3,286,2,1,1,6851
1,599,2,1,1,6852
3,1338,2,1,1,6853
4,1366,2,1,1,6854
3,1336,3,2,1,6855
3,3720,4,3,1,6856
5,504,1,1,0,6857
5,2586,2,2,0,6858
4,707,1,1,0,6859
5,2214,1,1,0,6860
4,666,1,1,0,6861
5,2258,1,1,0,6862
5,3164,1,1,0,6863
5,610,1,1,0,6864
5,2068,1,1,0,6865
4,294,1,1,0,6866
5,3039,1,1,0,6867
5,505,1,1,0,6868
4,314,1,1,0,6869
4,672,1,1,0,6870
5,2322,4,4,0,6871
5,1279,1,1,0,6872
5,3054,3,3,0,6873
5,2002,5,5,0,6874
5,598,1,1,0,6875
5,578,4,4,0,6876
4,692,1,1,0,6877
5,2543,1,1,0,6878
4,317,2,2,0,6879
5,1451,1,1,0,6880
4,315,1,1,0,6881
5,3038,1,1,0,6882
5,2270,1,1,0,6883
5,1272,1,1,0,6884
5,2006,1,1,0,6885
5,2000,1,1,0,6886
5,607,35,35,0,6887
5,2550,1,1,0,6888
5,1468,2,2,0,6889
5,588,3,3,0,6890
5,2100,1,1,0,6891
5,1274,1,1,0,6892
5,2099,1,1,0,6893
5,1522,3,3,0,6894
4,701,1,1,0,6895
4,284,1,1,0,6896
5,1267,1,1,0,6897
4,310,6,6,0,6898
5,2589,1,1,0,6899
4,307,1,1,0,6900
5,1470,3,3,0,6901
5,1454,1,1,0,6902
5,2583,1,1,0,6903
5,1480,1,1,0,6904
5,2545,1,1,0,6905
5,604,1,1,0,6906
5,1526,2,2,0,6907
4,302,1,1,0,6908
4,300,1,1,0,6909
5,652,1,1,0,6910
5,1455,1,1,0,6911
5,1662,1,1,0,6912
4,296,1,1,0,6913
5,1275,1,1,0,6914
5,2582,1,1,0,6915
5,2017,1,1,0,6916
5,489,2,2,0,6917
5,1452,1,1,0,6918
4,706,1,1,0,6919
4,257,2,2,0,6920
5,3052,2,2,0,6921
5,2331,1,1,0,6922
5,2544,1,1,0,6923
5,1527,1,1,0,6924
4,705,1,1,0,6925
4,704,1,1,0,6926
5,1677,2,2,0,6927
4,270,2,2,0,6928
4,258,2,2,0,6929
4,260,6,6,0,6930
5,2073,2,2,0,6931
4,267,1,1,0,6932
5,2016,1,1,0,6933
5,3049,3,3,0,6934
5,1266,1,1,0,6935
5,2098,1,1,0,6936
5,1465,3,3,0,6937
4,675,1,1,0,6938
5,586,1,1,0,6939
4,265,1,1,0,6940
5,2263,1,1,0,6941
4,318,1,1,0,6942
5,517,1,1,0,6943
5,518,1,1,0,6944
4,441,1,1,0,6945
5,1495,5,5,0,6946
4,442,2,2,0,6947
4,558,1,1,0,6948
5,2092,1,1,0,6949
4,443,1,1,0,6950
4,444,1,1,0,6951
5,2292,1,1,0,6952
5,1351,1,1,0,6953
5,2296,1,1,0,6954
4,556,1,1,0,6955
5,3126,1,1,0,6956
4,554,1,1,0,6957
5,519,1,1,0,6958
4,552,4,4,0,6959
5,1384,2,2,0,6960
5,3125,1,1,0,6961
4,449,1,1,0,6962
5,3124,4,4,0,6963
4,451,1,1,0,6964
5,1354,4,4,0,6965
4,452,1,1,0,6966
4,546,1,1,0,6967
5,2030,1,1,0,6968
4,454,1,1,0,6969
4,540,1,1,0,6970
4,440,1,1,0,6971
5,3087,1,1,0,6972
5,1386,4,4,0,6973
5,3086,1,1,0,6974
5,2043,1,1,0,6975
5,1502,1,1,0,6976
5,3084,1,1,0,6977
4,570,4,4,0,6978
4,569,1,1,0,6979
5,2282,1,1,0,6980
5,3135,1,1,0,6981
4,421,1,1,0,6982
4,567,1,1,0,6983
5,1385,1,1,0,6984
5,1348,1,1,0,6985
4,566,1,1,0,6986
5,2284,1,1,0,6987
4,565,1,1,0,6988
4,564,1,1,0,6989
4,563,1,1,0,6990
5,516,1,1,0,6991
5,2040,1,1,0,6992
4,561,1,1,0,6993
5,2286,4,4,0,6994
5,2290,1,1,0,6995
4,434,1,1,0,6996
4,560,2,2,0,6997
5,1500,1,1,0,6998
5,544,2,2,0,6999
5,3129,1,1,0,7000
5,542,1,1,0,7001
5,1359,1,1,0,7002
4,455,1,1,0,7003
4,458,1,1,0,7004
5,3123,1,1,0,7005
5,1380,1,1,0,7006
5,532,1,1,0,7007
4,514,1,1,0,7008
5,2090,1,1,0,7009
5,631,2,2,0,7010
5,1379,2,2,0,7011
4,510,1,1,0,7012
5,1368,3,3,0,7013
5,1369,4,4,0,7014
4,487,4,4,0,7015
4,488,1,1,0,7016
5,3111,1,1,0,7017
5,2089,1,1,0,7018
5,3110,2,2,0,7019
5,2569,2,2,0,7020
4,490,1,1,0,7021
5,630,1,1,0,7022
5,629,1,1,0,7023
5,2570,5,5,0,7024
5,3104,2,2,0,7025
5,3105,2,2,0,7026
5,3106,3,3,0,7027
4,497,3,3,0,7028
5,1681,2,2,0,7029
4,494,1,1,0,7030
5,2572,1,1,0,7031
5,1371,3,3,0,7032
4,481,40,40,0,7033
5,534,1,1,0,7034
5,1367,4,4,0,7035
4,518,1,1,0,7036
4,533,1,1,0,7037
5,1363,1,1,0,7038
4,526,1,1,0,7039
5,3122,1,1,0,7040
5,1383,1,1,0,7041
5,3097,1,1,0,7042
5,1381,1,1,0,7043
5,3121,1,1,0,7044
5,2037,1,1,0,7045
5,3120,1,1,0,7046
5,2297,2,2,0,7047
5,2298,4,4,0,7048
5,2088,1,1,0,7049
5,2034,1,1,0,7050
5,2565,1,1,0,7051
4,471,1,1,0,7052
4,517,1,1,0,7053
5,3099,3,3,0,7054
5,2300,1,1,0,7055
5,2566,1,1,0,7056
5,522,1,1,0,7057
5,2540,1,1,0,7058
5,1366,1,1,0,7059
4,476,1,1,0,7060
4,477,1,1,0,7061
4,478,1,1,0,7062
5,2044,5,5,0,7063
5,515,1,1,0,7064
5,2096,1,1,0,7065
5,2580,1,1,0,7066
5,506,1,1,0,7067
4,640,1,1,0,7068
5,612,1,1,0,7069
4,342,1,1,0,7070
4,344,3,3,0,7071
5,2579,1,1,0,7072
4,346,1,1,0,7073
5,1520,2,2,0,7074
5,1308,1,1,0,7075
4,353,1,1,0,7076
4,632,1,1,0,7077
4,355,1,1,0,7078
5,1310,1,1,0,7079
4,629,5,5,0,7080
5,2215,2,2,0,7081
5,568,1,1,0,7082
4,358,1,1,0,7083
5,1422,1,1,0,7084
5,642,1,1,0,7085
4,627,1,1,0,7086
4,626,129,129,0,7087
5,3155,1,1,0,7088
5,2274,1,1,0,7089
5,1318,2,2,0,7090
5,1418,1,1,0,7091
5,3150,1,1,0,7092
4,360,1,1,0,7093
5,1666,2,2,0,7094
4,338,1,1,0,7095
5,1503,1,1,0,7096
4,337,1,1,0,7097
4,664,2,2,0,7098
5,1450,1,1,0,7099
4,320,1,1,0,7100
4,322,1,1,0,7101
4,323,1,1,0,7102
5,1663,2,2,0,7103
5,1448,1,1,0,7104
4,660,4,4,0,7105
5,2555,2,2,0,7106
4,326,1,1,0,7107
4,329,1,1,0,7108
5,2581,1,1,0,7109
4,330,1,1,0,7110
5,1442,4,4,0,7111
4,655,1,1,0,7112
5,2095,1,1,0,7113
4,654,1,1,0,7114
5,3064,1,1,0,7115
5,2259,1,1,0,7116
5,1304,1,1,0,7117
4,331,1,1,0,7118
4,651,1,1,0,7119
4,649,1,1,0,7120
5,1521,2,2,0,7121
4,335,2,2,0,7122
4,641,1,1,0,7123
4,336,1,1,0,7124
4,361,1,1,0,7125
4,362,1,1,0,7126
5,508,1,1,0,7127
5,2058,1,1,0,7128
4,598,1,1,0,7129
5,2048,1,1,0,7130
5,618,3,3,0,7131
4,597,5,5,0,7132
4,595,1,1,0,7133
5,2093,1,1,0,7134
4,593,1,1,0,7135
5,1328,1,1,0,7136
5,1331,2,2,0,7137
4,388,1,1,0,7138
4,389,1,1,0,7139
5,2575,1,1,0,7140
5,1513,1,1,0,7141
4,396,2,2,0,7142
4,400,1,1,0,7143
4,401,1,1,0,7144
5,2276,3,3,0,7145
5,1394,1,1,0,7146
5,2574,1,1,0,7147
5,553,1,1,0,7148
5,551,1,1,0,7149
5,549,1,1,0,7150
5,622,1,1,0,7151
4,405,1,1,0,7152
4,411,1,1,0,7153
5,1387,1,1,0,7154
4,579,2,2,0,7155
4,599,1,1,0,7156
5,3148,1,1,0,7157
5,1327,2,2,0,7158
5,1515,3,3,0,7159
4,363,1,1,0,7160
5,509,1,1,0,7161
5,2094,1,1,0,7162
5,510,1,1,0,7163
5,2577,1,1,0,7164
4,366,4,4,0,7165
4,367,1,1,0,7166
5,3149,2,2,0,7167
4,622,1,1,0,7168
4,368,1,1,0,7169
4,371,2,2,0,7170
5,2019,1,1,0,7171
5,614,1,1,0,7172
5,514,1,1,0,7173
4,493,1,1,0,7174
5,2576,1,1,0,7175
4,374,1,1,0,7176
5,641,1,1,0,7177
5,3079,5,5,0,7178
4,377,3,3,0,7179
5,511,1,1,0,7180
5,2542,1,1,0,7181
4,606,5,5,0,7182
4,605,1,1,0,7183
5,512,1,1,0,7184
4,604,1,1,0,7185
4,617,1,1,0,7186
5,1753,1,1,0,7187
5,484,1,1,0,7188
4,1444,1,1,0,7189
4,1436,1,1,0,7190
5,1640,1,1,0,7191
5,971,2,2,0,7192
5,2521,1,1,0,7193
5,2813,2,2,0,7194
5,294,1,1,0,7195
5,293,1,1,0,7196
5,1842,1,1,0,7197
5,966,1,1,0,7198
5,2519,1,1,0,7199
4,1445,1,1,0,7200
4,1468,2,2,0,7201
5,2812,1,1,0,7202
5,2426,1,1,0,7203
4,1453,1,1,0,7204
4,1455,1,1,0,7205
4,1458,1,1,0,7206
4,1459,1,1,0,7207
5,2427,1,1,0,7208
5,290,1,1,0,7209
5,2809,1,1,0,7210
4,1464,4,4,0,7211
5,2814,1,1,0,7212
5,298,2,2,0,7213
5,1719,1,1,0,7214
4,1433,5,5,0,7215
5,986,5,5,0,7216
5,2837,2,2,0,7217
4,1408,1,1,0,7218
5,985,2,2,0,7219
4,1409,1,1,0,7220
4,1410,5,5,0,7221
5,1716,1,1,0,7222
5,982,1,1,0,7223
4,1421,1,1,0,7224
5,2833,2,2,0,7225
4,1426,1,1,0,7226
5,981,1,1,0,7227
5,1717,1,1,0,7228
5,2830,1,1,0,7229
5,299,1,1,0,7230
4,1430,129,129,0,7231
5,1851,1,1,0,7232
5,1849,1,1,0,7233
5,1848,1,1,0,7234
4,1431,1,1,0,7235
5,2825,1,1,0,7236
5,961,1,1,0,7237
4,1470,1,1,0,7238
4,711,1,1,0,7239
4,1521,4,4,0,7240
4,1509,1,1,0,7241
5,937,1,1,0,7242
4,1510,1,1,0,7243
5,2799,1,1,0,7244
5,1730,1,1,0,7245
4,1511,1,1,0,7246
4,1515,1,1,0,7247
4,1518,1,1,0,7248
4,1519,2,2,0,7249
4,1520,3,3,0,7250
4,1524,2,2,0,7251
5,960,1,1,0,7252
5,935,1,1,0,7253
5,934,1,1,0,7254
5,932,1,1,0,7255
5,1825,4,4,0,7256
5,1731,1,1,0,7257
5,931,2,2,0,7258
5,267,1,1,0,7259
5,930,1,1,0,7260
5,2516,1,1,0,7261
5,1732,1,1,0,7262
4,1508,1,1,0,7263
5,2660,1,1,0,7264
4,1505,1,1,0,7265
5,2802,1,1,0,7266
4,1476,1,1,0,7267
5,289,3,3,0,7268
5,959,1,1,0,7269
5,1840,1,1,0,7270
5,958,1,1,0,7271
5,2518,1,1,0,7272
5,956,1,1,0,7273
4,1479,1,1,0,7274
5,2806,2,2,0,7275
5,1726,1,1,0,7276
5,2805,1,1,0,7277
5,952,2,2,0,7278
5,950,1,1,0,7279
5,2804,3,3,0,7280
5,2657,1,1,0,7281
5,2433,1,1,0,7282
4,1496,1,1,0,7283
5,1832,1,1,0,7284
5,276,1,1,0,7285
5,943,1,1,0,7286
5,1728,1,1,0,7287
5,988,1,1,0,7288
5,990,1,1,0,7289
4,1403,1,1,0,7290
5,2856,1,1,0,7291
4,1297,1,1,0,7292
4,1298,1,1,0,7293
5,713,2,2,0,7294
5,1644,1,1,0,7295
4,1301,3,3,0,7296
5,2859,1,1,0,7297
5,2858,1,1,0,7298
5,312,1,1,0,7299
4,1314,1,1,0,7300
5,714,4,4,0,7301
4,1318,1,1,0,7302
5,991,1,1,0,7303
5,1874,1,1,0,7304
4,1321,1,1,0,7305
4,1322,1,1,0,7306
5,1585,1,1,0,7307
5,1013,1,1,0,7308
5,2643,1,1,0,7309
4,1330,1,1,0,7310
5,311,1,1,0,7311
5,2414,1,1,0,7312
5,716,1,1,0,7313
5,1022,1,1,0,7314
4,1294,1,1,0,7315
5,315,1,1,0,7316
4,1292,1,1,0,7317
5,1036,4,4,0,7318
4,1256,1,1,0,7319
4,1258,1,1,0,7320
4,1259,1,1,0,7321
5,1882,2,2,0,7322
4,1262,1,1,0,7323
5,2402,1,1,0,7324
5,1580,1,1,0,7325
5,2637,10,10,0,7326
4,1275,1,1,0,7327
5,2202,3,3,0,7328
4,1280,1,1,0,7329
4,1281,1,1,0,7330
4,1282,1,1,0,7331
4,1285,40,40,0,7332
5,2404,1,1,0,7333
5,2863,1,1,0,7334
5,317,1,1,0,7335
5,1878,1,1,0,7336
5,1877,1,1,0,7337
4,1291,4,4,0,7338
5,2851,1,1,0,7339
5,2850,1,1,0,7340
5,1873,3,3,0,7341
4,1369,1,1,0,7342
5,2845,1,1,0,7343
4,1371,1,1,0,7344
4,1373,1,1,0,7345
4,1374,4,4,0,7346
5,2172,3,3,0,7347
5,998,1,1,0,7348
5,2650,1,1,0,7349
5,306,1,1,0,7350
5,997,1,1,0,7351
5,1860,1,1,0,7352
4,1383,2,2,0,7353
5,1590,1,1,0,7354
5,996,1,1,0,7355
5,995,1,1,0,7356
4,1397,1,1,0,7357
5,2840,1,1,0,7358
5,993,1,1,0,7359
4,1399,1,1,0,7360
4,1401,5,5,0,7361
5,992,1,1,0,7362
4,1402,1,1,0,7363
4,1370,1,1,0,7364
4,1368,1,1,0,7365
5,1010,11,11,0,7366
4,1367,1,1,0,7367
4,1337,1,1,0,7368
5,310,1,1,0,7369
5,2527,1,1,0,7370
5,308,1,1,0,7371
5,2846,1,1,0,7372
5,1007,1,1,0,7373
4,1344,1,1,0,7374
5,2646,2,2,0,7375
5,1005,1,1,0,7376
4,1350,1,1,0,7377
5,2170,1,1,0,7378
5,2244,1,1,0,7379
5,2418,1,1,0,7380
4,1356,4,4,0,7381
5,1002,2,2,0,7382
5,999,1,1,0,7383
4,1358,1,1,0,7384
4,1360,1,1,0,7385
4,1362,1,1,0,7386
4,1364,2,2,0,7387
4,1365,1,1,0,7388
5,265,1,1,0,7389
5,264,1,1,0,7390
5,738,4,4,0,7391
5,808,1,1,0,7392
5,820,1,1,0,7393
5,818,1,1,0,7394
5,816,1,1,0,7395
5,211,1,1,0,7396
5,815,1,1,0,7397
5,814,4,4,0,7398
5,2486,1,1,0,7399
5,2722,2,2,0,7400
5,122,1,1,0,7401
5,2510,4,4,0,7402
5,2719,1,1,0,7403
5,2740,1,1,0,7404
5,2678,1,1,0,7405
5,2718,1,1,0,7406
5,196,1,1,0,7407
5,1624,9,9,0,7408
5,1780,1,1,0,7409
5,195,5,5,0,7410
5,2716,1,1,0,7411
5,132,1,1,0,7412
5,133,1,1,0,7413
5,796,1,1,0,7414
5,113,1,1,0,7415
5,112,2,2,0,7416
5,1795,1,1,0,7417
5,111,3,3,0,7418
5,2461,1,1,0,7419
5,2462,1,1,0,7420
5,78,1,1,0,7421
5,79,2,2,0,7422
5,2672,1,1,0,7423
5,2673,2,2,0,7424
5,2737,1,1,0,7425
5,2188,1,1,0,7426
5,82,2,2,0,7427
5,222,1,1,0,7428
5,221,1,1,0,7429
5,834,1,1,0,7430
5,2674,1,1,0,7431
5,93,2,2,0,7432
5,2736,2,2,0,7433
5,2470,1,1,0,7434
5,97,2,2,0,7435
5,2474,1,1,0,7436
5,830,1,1,0,7437
5,1796,2,2,0,7438
5,212,2,2,0,7439
5,795,1,1,0,7440
5,135,1,1,0,7441
5,794,1,1,0,7442
5,766,1,1,0,7443
5,783,1,1,0,7444
5,155,1,1,0,7445
5,2196,1,1,0,7446
5,161,1,1,0,7447
5,163,1,1,0,7448
5,166,1,1,0,7449
5,169,1,1,0,7450
5,1750,1,1,0,7451
5,1765,4,4,0,7452
5,2681,1,1,0,7453
5,778,1,1,0,7454
5,776,1,1,0,7455
5,1761,19,19,0,7456
5,774,1,1,0,7457
5,2698,3,3,0,7458
5,2194,1,1,0,7459
5,2695,2,2,0,7460
5,2694,1,1,0,7461
5,2691,2,2,0,7462
5,2690,3,3,0,7463
5,177,19,19,0,7464
5,786,2,2,0,7465
5,1772,1,1,0,7466
5,1779,5,5,0,7467
5,2191,35,35,0,7468
5,194,1,1,0,7469
5,192,1,1,0,7470
5,790,1,1,0,7471
5,1778,1,1,0,7472
5,191,1,1,0,7473
5,190,1,1,0,7474
5,142,1,1,0,7475
5,1776,1,1,0,7476
5,189,1,1,0,7477
5,144,1,1,0,7478
5,188,1,1,0,7479
5,1745,1,1,0,7480
5,1775,1,1,0,7481
5,1626,2,2,0,7482
5,146,1,1,0,7483
5,1774,1,1,0,7484
5,1747,1,1,0,7485
5,147,1,1,0,7486
5,148,1,1,0,7487
5,1773,1,1,0,7488
5,2504,1,1,0,7489
5,2460,1,1,0,7490
5,2741,1,1,0,7491
5,926,4,4,0,7492
4,1586,1,1,0,7493
5,1823,1,1,0,7494
5,258,1,1,0,7495
4,1574,1,1,0,7496
4,1578,1,1,0,7497
4,1579,1,1,0,7498
5,1601,1,1,0,7499
5,2779,1,1,0,7500
5,1822,2,2,0,7501
4,1582,1,1,0,7502
4,1585,1,1,0,7503
4,1587,1,1,0,7504
5,2742,1,1,0,7505
5,256,1,1,0,7506
4,1594,1,1,0,7507
5,2182,1,1,0,7508
5,1602,2,2,0,7509
4,1598,5,5,0,7510
5,2445,1,1,0,7511
5,890,1,1,0,7512
5,1816,1,1,0,7513
5,747,1,1,0,7514
5,2515,2,2,0,7515
5,902,1,1,0,7516
4,1571,1,1,0,7517
4,1570,1,1,0,7518
4,1569,1,1,0,7519
4,1550,2,2,0,7520
5,920,1,1,0,7521
4,1552,1,1,0,7522
4,1553,1,1,0,7523
4,1554,1,1,0,7524
4,1555,1,1,0,7525
4,1556,1,1,0,7526
5,2791,1,1,0,7527
4,1557,1,1,0,7528
4,1558,1,1,0,7529
5,2789,3,3,0,7530
5,1824,2,2,0,7531
5,2788,1,1,0,7532
4,1559,1,1,0,7533
5,2786,3,3,0,7534
4,1565,1,1,0,7535
4,1566,1,1,0,7536
4,1567,1,1,0,7537
4,1568,1,1,0,7538
5,2785,1,1,0,7539
5,2781,1,1,0,7540
5,1,1,1,0,7541
5,886,1,1,0,7542
5,248,1,1,0,7543
5,843,1,1,0,7544
5,1739,1,1,0,7545
5,240,2,2,0,7546
5,239,1,1,0,7547
5,1806,1,1,0,7548
5,238,2,2,0,7549
5,2746,1,1,0,7550
5,56,1,1,0,7551
5,1805,1,1,0,7552
5,2745,1,1,0,7553
5,232,1,1,0,7554
5,60,1,1,0,7555
5,842,1,1,0,7556
5,62,1,1,0,7557
5,2670,1,1,0,7558
5,754,1,1,0,7559
5,755,1,1,0,7560
5,2744,1,1,0,7561
5,2743,2,2,0,7562
5,2198,1,1,0,7563
5,72,1,1,0,7564
5,2236,1,1,0,7565
5,241,4,4,0,7566
5,2747,1,1,0,7567
5,6,1,1,0,7568
5,2452,2,2,0,7569
5,878,1,1,0,7570
5,751,1,1,0,7571
5,2767,1,1,0,7572
5,877,1,1,0,7573
5,876,1,1,0,7574
5,2766,1,1,0,7575
5,2447,1,1,0,7576
5,2514,1,1,0,7577
5,2764,1,1,0,7578
5,17,1,1,0,7579
5,18,2,2,0,7580
5,868,2,2,0,7581
5,2760,1,1,0,7582
5,863,1,1,0,7583
5,2669,1,1,0,7584
5,861,1,1,0,7585
5,2240,1,1,0,7586
5,849,1,1,0,7587
5,2750,1,1,0,7588
5,40,9,9,0,7589
5,42,2,2,0,7590
5,1038,1,1,0,7591
5,1883,1,1,0,7592
4,1255,1,1,0,7593
5,2118,1,1,0,7594
5,433,1,1,0,7595
4,851,1,1,0,7596
4,856,1,1,0,7597
5,1207,1,1,0,7598
5,1205,3,3,0,7599
4,860,1,1,0,7600
4,862,1,1,0,7601
5,2116,1,1,0,7602
4,864,1,1,0,7603
5,1204,1,1,0,7604
5,432,1,1,0,7605
4,821,2,2,0,7606
5,1202,3,3,0,7607
4,868,1,1,0,7608
5,1201,1,1,0,7609
5,1197,1,1,0,7610
5,2955,3,3,0,7611
5,1195,1,1,0,7612
5,1695,3,3,0,7613
5,668,2,2,0,7614
5,2254,3,3,0,7615
5,1696,2,2,0,7616
5,2255,3,3,0,7617
4,845,2,2,0,7618
5,435,1,1,0,7619
5,1215,1,1,0,7620
5,2963,2,2,0,7621
5,2338,1,1,0,7622
5,2339,1,1,0,7623
4,824,3,3,0,7624
5,1228,1,1,0,7625
5,1225,1,1,0,7626
5,1541,1,1,0,7627
5,1222,2,2,0,7628
5,1221,1,1,0,7629
5,1220,3,3,0,7630
5,1542,1,1,0,7631
5,1218,1,1,0,7632
5,450,1,1,0,7633
5,2606,1,1,0,7634
5,1940,3,3,0,7635
4,836,1,1,0,7636
4,837,1,1,0,7637
5,1656,1,1,0,7638
5,446,1,1,0,7639
4,839,1,1,0,7640
4,840,1,1,0,7641
5,1929,1,1,0,7642
4,881,1,1,0,7643
5,2953,4,4,0,7644
4,912,2,2,0,7645
4,913,4,4,0,7646
5,1176,1,1,0,7647
4,914,1,1,0,7648
5,2943,1,1,0,7649
5,1919,1,1,0,7650
4,921,2,2,0,7651
4,923,1,1,0,7652
4,929,3,3,0,7653
5,672,3,3,0,7654
4,933,1,1,0,7655
5,2350,1,1,0,7656
4,934,1,1,0,7657
4,935,1,1,0,7658
4,936,1,1,0,7659
5,2938,4,4,0,7660
5,2935,1,1,0,7661
4,943,1,1,0,7662
5,2226,1,1,0,7663
4,945,1,1,0,7664
4,946,1,1,0,7665
5,2932,1,1,0,7666
5,1920,1,1,0,7667
5,416,1,1,0,7668
5,2952,3,3,0,7669
5,1180,1,1,0,7670
5,1928,1,1,0,7671
5,2951,4,4,0,7672
5,1545,1,1,0,7673
5,2950,1,1,0,7674
5,422,1,1,0,7675
4,888,3,3,0,7676
5,2126,1,1,0,7677
5,1923,1,1,0,7678
5,2947,1,1,0,7679
5,1697,1,1,0,7680
5,1922,1,1,0,7681
4,892,1,1,0,7682
4,893,5,5,0,7683
5,670,3,3,0,7684
5,1183,1,1,0,7685
5,418,5,5,0,7686
4,896,2,2,0,7687
5,2128,2,2,0,7688
5,671,3,3,0,7689
5,2225,1,1,0,7690
5,1182,1,1,0,7691
5,1229,2,2,0,7692
5,2964,1,1,0,7693
4,949,3,3,0,7694
4,750,1,1,0,7695
5,2597,1,1,0,7696
5,1976,1,1,0,7697
5,2103,1,1,0,7698
5,3006,1,1,0,7699
5,1246,1,1,0,7700
4,746,2,2,0,7701
5,1971,1,1,0,7702
5,3002,1,1,0,7703
4,748,1,1,0,7704
4,749,1,1,0,7705
4,751,1,1,0,7706
5,1944,1,1,0,7707
4,752,1,1,0,7708
4,753,1,1,0,7709
5,1969,1,1,0,7710
5,1968,1,1,0,7711
4,754,1,1,0,7712
5,1966,1,1,0,7713
5,1536,1,1,0,7714
4,755,1,1,0,7715
5,656,1,1,0,7716
5,2106,1,1,0,7717
5,1979,1,1,0,7718
5,1983,1,1,0,7719
5,1249,2,2,0,7720
5,1984,1,1,0,7721
4,714,1,1,0,7722
5,1262,1,1,0,7723
5,3036,1,1,0,7724
5,3035,1,1,0,7725
4,715,2,2,0,7726
4,716,3,3,0,7727
5,3034,1,1,0,7728
4,717,4,4,0,7729
4,720,2,2,0,7730
5,1261,1,1,0,7731
5,3032,1,1,0,7732
5,2101,1,1,0,7733
5,3026,4,4,0,7734
5,2591,1,1,0,7735
5,2102,1,1,0,7736
5,2213,1,1,0,7737
5,1256,1,1,0,7738
5,2256,3,3,0,7739
5,1253,2,2,0,7740
5,474,1,1,0,7741
5,2594,11,11,0,7742
5,660,1,1,0,7743
5,1537,1,1,0,7744
4,761,1,1,0,7745
5,1951,1,1,0,7746
5,459,1,1,0,7747
5,2978,1,1,0,7748
5,1540,4,4,0,7749
5,2536,2,2,0,7750
5,456,1,1,0,7751
5,1950,1,1,0,7752
5,453,1,1,0,7753
5,2971,1,1,0,7754
4,806,1,1,0,7755
5,2970,4,4,0,7756
4,807,1,1,0,7757
5,2969,1,1,0,7758
4,808,1,1,0,7759
5,1949,2,2,0,7760
5,2968,2,2,0,7761
5,1948,1,1,0,7762
5,1947,1,1,0,7763
5,2967,1,1,0,7764
4,811,3,3,0,7765
5,2965,1,1,0,7766
5,1230,1,1,0,7767
4,794,5,5,0,7768
5,460,5,5,0,7769
4,762,1,1,0,7770
5,1952,2,2,0,7771
4,763,1,1,0,7772
4,764,1,1,0,7773
5,1538,1,1,0,7774
4,765,1,1,0,7775
4,766,1,1,0,7776
4,767,1,1,0,7777
4,770,1,1,0,7778
4,774,1,1,0,7779
4,775,1,1,0,7780
5,1958,2,2,0,7781
5,2335,1,1,0,7782
4,778,1,1,0,7783
5,1241,1,1,0,7784
5,1539,1,1,0,7785
4,781,1,1,0,7786
4,782,1,1,0,7787
4,783,1,1,0,7788
5,464,1,1,0,7789
4,790,1,1,0,7790
5,1954,1,1,0,7791
5,1953,1,1,0,7792
4,948,1,1,0,7793
5,400,1,1,0,7794
4,1253,1,1,0,7795
4,1159,1,1,0,7796
4,1139,2,2,0,7797
4,1140,1,1,0,7798
4,1141,1,1,0,7799
4,1142,1,1,0,7800
4,1146,1,1,0,7801
4,1148,3,3,0,7802
4,1150,1,1,0,7803
5,1088,1,1,0,7804
5,2392,1,1,0,7805
4,1157,1,1,0,7806
4,1162,1,1,0,7807
5,1106,3,3,0,7808
5,1086,1,1,0,7809
4,1164,1,1,0,7810
4,1165,1,1,0,7811
4,1166,1,1,0,7812
4,1167,1,1,0,7813
5,700,1,1,0,7814
5,1566,1,1,0,7815
4,1170,4,4,0,7816
5,1085,1,1,0,7817
4,1171,1,1,0,7818
5,1089,2,2,0,7819
5,2206,1,1,0,7820
5,1565,2,2,0,7821
4,1135,1,1,0,7822
4,1111,1,1,0,7823
5,2152,1,1,0,7824
4,1114,6,6,0,7825
5,1097,1,1,0,7826
4,1118,1,1,0,7827
5,1094,1,1,0,7828
5,356,3,3,0,7829
4,1119,1,1,0,7830
4,1121,2,2,0,7831
4,1122,1,1,0,7832
5,1090,1,1,0,7833
5,2624,1,1,0,7834
5,2902,2,2,0,7835
4,1124,1,1,0,7836
4,1126,1,1,0,7837
4,1127,1,1,0,7838
5,1706,1,1,0,7839
5,1564,1,1,0,7840
4,1130,1,1,0,7841
4,1133,1,1,0,7842
4,1134,1,1,0,7843
4,1172,1,1,0,7844
4,1175,2,2,0,7845
5,702,4,4,0,7846
5,708,1,1,0,7847
4,1209,1,1,0,7848
5,1892,1,1,0,7849
4,1215,1,1,0,7850
5,1066,1,1,0,7851
5,1890,1,1,0,7852
5,1062,2,2,0,7853
5,2399,1,1,0,7854
5,1059,1,1,0,7855
5,1053,10,10,0,7856
5,712,1,1,0,7857
4,1225,1,1,0,7858
5,2400,1,1,0,7859
5,335,1,1,0,7860
4,1238,1,1,0,7861
5,332,1,1,0,7862
4,1244,1,1,0,7863
4,1245,1,1,0,7864
4,1246,2,2,0,7865
4,1247,1,1,0,7866
4,1248,1,1,0,7867
5,1040,1,1,0,7868
5,336,1,1,0,7869
5,2888,1,1,0,7870
5,1571,1,1,0,7871
5,338,1,1,0,7872
4,1178,1,1,0,7873
5,1646,1,1,0,7874
5,345,1,1,0,7875
5,344,1,1,0,7876
5,2162,4,4,0,7877
4,1181,3,3,0,7878
5,706,1,1,0,7879
5,1896,1,1,0,7880
5,1895,1,1,0,7881
5,2894,1,1,0,7882
4,1192,1,1,0,7883
4,1193,1,1,0,7884
5,1076,1,1,0,7885
5,2398,4,4,0,7886
4,1200,2,2,0,7887
5,1894,1,1,0,7888
4,1204,1,1,0,7889
5,2892,1,1,0,7890
5,339,1,1,0,7891
4,1205,1,1,0,7892
5,1073,1,1,0,7893
5,360,1,1,0,7894
4,1106,1,1,0,7895
4,951,1,1,0,7896
5,1153,1,1,0,7897
5,1158,1,1,0,7898
5,1157,1,1,0,7899
5,387,1,1,0,7900
5,1156,1,1,0,7901
5,2622,1,1,0,7902
5,385,1,1,0,7903
5,2135,1,1,0,7904
5,2137,1,1,0,7905
5,1551,1,1,0,7906
5,384,1,1,0,7907
4,1002,1,1,0,7908
4,1104,1,1,0,7909
5,1152,2,2,0,7910
5,2367,1,1,0,7911
5,382,1,1,0,7912
4,1005,3,3,0,7913
5,686,1,1,0,7914
5,2534,1,1,0,7915
4,1009,1,1,0,7916
5,1901,1,1,0,7917
4,1011,1,1,0,7918
4,1012,2,2,0,7919
5,2133,1,1,0,7920
5,392,1,1,0,7921
5,679,1,1,0,7922
5,2620,4,4,0,7923
5,1166,1,1,0,7924
4,952,1,1,0,7925
5,2252,2,2,0,7926
5,399,1,1,0,7927
5,674,1,1,0,7928
5,675,1,1,0,7929
5,1916,1,1,0,7930
5,1163,1,1,0,7931
5,2358,1,1,0,7932
5,2360,1,1,0,7933
5,2362,1,1,0,7934
4,966,1,1,0,7935
4,968,1,1,0,7936
4,970,2,2,0,7937
4,973,1,1,0,7938
5,1162,1,1,0,7939
4,976,1,1,0,7940
5,1161,1,1,0,7941
5,1160,1,1,0,7942
5,395,1,1,0,7943
5,1159,2,2,0,7944
4,1017,1,1,0,7945
4,1019,1,1,0,7946
4,1025,1,1,0,7947
5,370,1,1,0,7948
5,2374,1,1,0,7949
5,368,2,2,0,7950
5,2378,1,1,0,7951
4,1088,1,1,0,7952
5,367,1,1,0,7953
5,2379,1,1,0,7954
5,1114,3,3,0,7955
5,2915,2,2,0,7956
5,2380,1,1,0,7957
5,366,1,1,0,7958
5,365,2,2,0,7959
5,2912,1,1,0,7960
5,364,1,1,0,7961
5,363,1,1,0,7962
4,1098,1,1,0,7963
4,1100,1,1,0,7964
5,1111,2,2,0,7965
5,2911,2,2,0,7966
5,1110,1,1,0,7967
5,1107,2,2,0,7968
5,698,1,1,0,7969
5,369,1,1,0,7970
5,2370,2,2,0,7971
4,1026,1,1,0,7972
5,1899,1,1,0,7973
4,1028,1,1,0,7974
4,1029,1,1,0,7975
5,374,2,2,0,7976
5,181,4,4,0,7977
4,1038,1,1,0,7978
4,1039,1,1,0,7979
5,690,1,1,0,7980
5,1138,2,2,0,7981
4,1041,1,1,0,7982
4,1044,1,1,0,7983
4,1051,1,1,0,7984
5,1135,1,1,0,7985
5,1134,1,1,0,7986
4,1061,2,2,0,7987
4,1062,2,2,0,7988
4,1064,6,6,0,7989
4,1069,1,1,0,7990
4,1071,1,1,0,7991
5,1132,1,1,0,7992
4,1074,2,2,0,7993
5,692,3,3,0,7994
4,1036,1,1,0,7995
1,0,1,1,0,7996
3,2316,1,1,0,7997
3,577,3,3,0,7998
3,588,5,5,0,7999
1,1188,1,1,0,8000
3,587,1,1,0,8001
1,1190,1,1,0,8002
3,585,1,1,0,8003
3,584,1,1,0,8004
3,580,1,1,0,8005
1,1204,1,1,0,8006
3,397,1,1,0,8007
3,575,1,1,0,8008
3,572,7,7,0,8009
3,568,2,2,0,8010
3,564,6,6,0,8011
1,1212,1,1,0,8012
3,546,1,1,0,8013
1,1216,1,1,0,8014
3,591,1,1,0,8015
3,594,2,2,0,8016
3,600,2,2,0,8017
3,604,1,1,0,8018
3,648,1,1,0,8019
3,642,2,2,0,8020
3,639,1,1,0,8021
3,636,1,1,0,8022
3,634,3,3,0,8023
1,1181,1,1,0,8024
3,627,1,1,0,8025
3,624,1,1,0,8026
3,623,1,1,0,8027
3,621,1,1,0,8028
1,1185,1,1,0,8029
3,620,1,1,0,8030
3,618,2,2,0,8031
3,616,2,2,0,8032
1,1186,1,1,0,8033
3,544,1,1,0,8034
3,538,1,1,0,8035
3,537,1,1,0,8036
3,468,2,2,0,8037
1,1224,1,1,0,8038
3,458,1,1,0,8039
3,456,1,1,0,8040
3,452,3,3,0,8041
3,447,1,1,0,8042
3,446,1,1,0,8043
1,1230,1,1,0,8044
3,438,2,2,0,8045
3,423,1,1,0,8046
3,422,1,1,0,8047
3,420,1,1,0,8048
3,419,2,2,0,8049
3,416,1,1,0,8050
3,410,1,1,0,8051
3,404,2,2,0,8052
1,1223,1,1,0,8053
3,472,3,3,0,8054
3,532,1,1,0,8055
3,475,1,1,0,8056
3,527,1,1,0,8057
3,525,1,1,0,8058
3,520,1,1,0,8059
3,519,1,1,0,8060
1,1219,5,5,0,8061
3,515,1,1,0,8062
1,1220,1,1,0,8063
3,505,1,1,0,8064
3,504,1,1,0,8065
3,502,1,1,0,8066
3,501,2,2,0,8067
3,486,7,7,0,8068
3,484,1,1,0,8069
3,481,1,1,0,8070
3,476,1,1,0,8071
3,649,1,1,0,8072
1,1172,5,5,0,8073
3,668,1,1,0,8074
1,1058,1,1,0,8075
1,1061,1,1,0,8076
3,828,1,1,0,8077
1,1062,2,2,0,8078
3,823,1,1,0,8079
3,822,1,1,0,8080
3,820,1,1,0,8081
3,819,2,2,0,8082
1,1064,1,1,0,8083
3,810,1,1,0,8084
3,808,1,1,0,8085
3,794,1,1,0,8086
1,1072,3,3,0,8087
3,791,2,2,0,8088
1,1074,1,1,0,8089
3,785,1,1,0,8090
1,1060,1,1,0,8091
1,1050,1,1,0,8092
3,783,2,2,0,8093
1,1048,1,1,0,8094
1,1018,1,1,0,8095
3,866,1,1,0,8096
3,865,1,1,0,8097
3,862,10,10,0,8098
1,1028,1,1,0,8099
1,1030,1,1,0,8100
3,856,1,1,0,8101
3,855,1,1,0,8102
1,1032,1,1,0,8103
3,854,1,1,0,8104
3,853,1,1,0,8105
3,852,1,1,0,8106
1,1035,1,1,0,8107
1,1040,1,1,0,8108
1,1047,3,3,0,8109
3,784,1,1,0,8110
1,1077,1,1,0,8111
3,669,1,1,0,8112
3,733,2,2,0,8113
1,1118,1,1,0,8114
3,728,1,1,0,8115
1,1126,1,1,0,8116
1,1152,1,1,0,8117
3,704,1,1,0,8118
3,699,2,2,0,8119
1,1154,1,1,0,8120
3,694,1,1,0,8121
1,1164,4,4,0,8122
3,692,1,1,0,8123
1,1165,1,1,0,8124
3,686,1,1,0,8125
3,685,1,1,0,8126
3,678,1,1,0,8127
3,670,2,2,0,8128
3,730,1,1,0,8129
1,1114,1,1,0,8130
3,780,1,1,0,8131
3,736,2,2,0,8132
3,779,2,2,0,8133
3,778,1,1,0,8134
3,776,1,1,0,8135
3,774,1,1,0,8136
3,773,1,1,0,8137
3,772,1,1,0,8138
3,763,2,2,0,8139
1,1094,3,3,0,8140
3,754,1,1,0,8141
3,753,1,1,0,8142
3,752,1,1,0,8143
3,751,1,1,0,8144
1,1100,1,1,0,8145
1,1106,1,1,0,8146
3,741,5,5,0,8147
3,401,5,5,0,8148
3,395,1,1,0,8149
1,1014,3,3,0,8150
3,120,1,1,0,8151
3,131,1,1,0,8152
3,129,1,1,0,8153
3,127,1,1,0,8154
1,1293,1,1,0,8155
3,126,1,1,0,8156
3,125,1,1,0,8157
3,124,1,1,0,8158
1,1295,1,1,0,8159
3,394,1,1,0,8160
1,1296,2,2,0,8161
3,116,1,1,0,8162
1,1300,1,1,0,8163
1,1301,2,2,0,8164
1,1302,4,4,0,8165
1,1303,2,2,0,8166
1,1304,1,1,0,8167
3,136,1,1,0,8168
3,137,1,1,0,8169
3,138,1,1,0,8170
3,139,1,1,0,8171
3,184,1,1,0,8172
3,179,1,1,0,8173
3,178,1,1,0,8174
3,177,1,1,0,8175
3,176,1,1,0,8176
3,172,32,32,0,8177
3,163,2,2,0,8178
3,162,1,1,0,8179
3,160,1,1,0,8180
3,158,6,6,0,8181
1,1285,1,1,0,8182
1,1287,1,1,0,8183
3,154,1,1,0,8184
1,1292,1,1,0,8185
3,146,3,3,0,8186
1,1305,1,1,0,8187
1,1306,1,1,0,8188
3,68,1,1,0,8189
1,1314,1,1,0,8190
3,4,1,1,0,8191
2,1742,1,1,0,8192
2,1738,4,4,0,8193
2,1731,2,2,0,8194
2,1730,2,2,0,8195
2,1727,1,1,0,8196
2,1726,1,1,0,8197
2,1725,4,4,0,8198
2,1724,1,1,0,8199
2,1723,1,1,0,8200
2,1721,1,1,0,8201
2,1720,1,1,0,8202
2,1716,1,1,0,8203
1,1320,1,1,0,8204
1,1321,1,1,0,8205
3,5,6,6,0,8206
1,1310,1,1,0,8207
3,66,3,3,0,8208
3,12,1,1,0,8209
3,62,5,5,0,8210
1,1307,1,1,0,8211
3,37,1,1,0,8212
3,36,2,2,0,8213
3,30,5,5,0,8214
3,29,1,1,0,8215
3,28,1,1,0,8216
3,25,1,1,0,8217
3,24,1,1,0,8218
1,1308,1,1,0,8219
3,23,2,2,0,8220
3,21,1,1,0,8221
3,20,1,1,0,8222
3,15,5,5,0,8223
3,13,1,1,0,8224
1,1280,1,1,0,8225
1,1279,2,2,0,8226
3,193,1,1,0,8227
3,347,1,1,0,8228
3,344,1,1,0,8229
3,343,1,1,0,8230
3,341,1,1,0,8231
3,340,1,1,0,8232
3,339,1,1,0,8233
3,335,1,1,0,8234
1,1238,1,1,0,8235
3,320,1,1,0,8236
1,1239,1,1,0,8237
1,1240,1,1,0,8238
3,314,1,1,0,8239
1,1250,1,1,0,8240
3,313,1,1,0,8241
3,312,1,1,0,8242
3,308,1,1,0,8243
3,345,1,1,0,8244
3,349,1,1,0,8245
3,304,1,1,0,8246
3,350,1,1,0,8247
3,393,1,1,0,8248
3,392,1,1,0,8249
3,390,13,13,0,8250
3,383,39,39,0,8251
3,374,1,1,0,8252
3,371,1,1,0,8253
3,368,1,1,0,8254
3,367,2,2,0,8255
3,364,1,1,0,8256
3,358,1,1,0,8257
3,356,1,1,0,8258
3,355,1,1,0,8259
3,354,1,1,0,8260
3,352,1,1,0,8261
1,1234,4,4,0,8262
3,306,2,2,0,8263
3,302,2,2,0,8264
3,200,1,1,0,8265
1,1256,4,4,0,8266
3,243,1,1,0,8267
3,241,1,1,0,8268
3,240,1,1,0,8269
1,1269,61,61,0,8270
3,234,1,1,0,8271
3,224,2,2,0,8272
3,220,2,2,0,8273
3,218,1,1,0,8274
1,1272,1,1,0,8275
3,217,1,1,0,8276
3,215,1,1,0,8277
3,213,1,1,0,8278
3,212,1,1,0,8279
1,1273,1,1,0,8280
3,207,1,1,0,8281
3,248,1,1,0,8282
3,252,1,1,0,8283
3,301,4,4,0,8284
3,262,1,1,0,8285
3,294,1,1,0,8286
3,291,1,1,0,8287
3,289,1,1,0,8288
3,288,1,1,0,8289
3,287,1,1,0,8290
3,285,1,1,0,8291
3,284,1,1,0,8292
3,281,1,1,0,8293
3,279,1,1,0,8294
3,277,1,1,0,8295
3,271,1,1,0,8296
3,267,1,1,0,8297
3,266,1,1,0,8298
3,265,1,1,0,8299
3,264,1,1,0,8300
1,1017,11,11,0,8301
3,878,1,1,0,8302
3,1905,6,6,0,8303
1,845,2,2,0,8304
1,841,1,1,0,8305
3,1602,1,1,0,8306
3,1600,1,1,0,8307
1,844,1,1,0,8308
3,1587,1,1,0,8309
3,1585,1,1,0,8310
3,1584,1,1,0,8311
3,1577,1,1,0,8312
3,1454,1,1,0,8313
1,848,1,1,0,8314
1,850,1,1,0,8315
3,1567,1,1,0,8316
3,1566,3,3,0,8317
3,1562,1,1,0,8318
1,851,2,2,0,8319
1,852,1,1,0,8320
1,830,1,1,0,8321
1,828,1,1,0,8322
3,1607,2,2,0,8323
3,1610,2,2,0,8324
3,1662,1,1,0,8325
3,1660,1,1,0,8326
3,1657,1,1,0,8327
1,800,2,2,0,8328
3,1655,1,1,0,8329
3,1652,1,1,0,8330
3,1649,1,1,0,8331
3,1647,1,1,0,8332
3,1646,1,1,0,8333
3,1642,1,1,0,8334
3,1622,2,2,0,8335
1,824,2,2,0,8336
3,1620,2,2,0,8337
3,1616,7,7,0,8338
1,825,5,5,0,8339
3,1560,1,1,0,8340
3,1559,9,9,0,8341
1,853,1,1,0,8342
3,1494,1,1,0,8343
3,1486,3,3,0,8344
1,872,1,1,0,8345
1,876,5,5,0,8346
1,878,1,1,0,8347
3,1480,2,2,0,8348
3,1479,1,1,0,8349
3,1478,1,1,0,8350
3,1474,1,1,0,8351
3,1472,1,1,0,8352
3,1470,1,1,0,8353
3,1468,1,1,0,8354
3,1466,1,1,0,8355
3,1464,1,1,0,8356
3,1463,1,1,0,8357
3,1460,1,1,0,8358
3,1492,1,1,0,8359
3,1499,1,1,0,8360
1,854,1,1,0,8361
1,866,1,1,0,8362
1,855,5,5,0,8363
1,862,1,1,0,8364
3,1547,1,1,0,8365
3,1546,1,1,0,8366
3,1544,1,1,0,8367
1,863,1,1,0,8368
3,1538,3,3,0,8369
3,1534,1,1,0,8370
3,1533,1,1,0,8371
3,1528,1,1,0,8372
3,1522,1,1,0,8373
3,1521,1,1,0,8374
3,1512,1,1,0,8375
3,1506,1,1,0,8376
3,1500,1,1,0,8377
3,1663,1,1,0,8378
3,1664,1,1,0,8379
3,1665,1,1,0,8380
3,1847,3,3,0,8381
3,1830,1,1,0,8382
1,735,1,1,0,8383
3,1822,3,3,0,8384
1,736,1,1,0,8385
3,1810,1,1,0,8386
1,737,1,1,0,8387
3,1806,1,1,0,8388
3,1804,1,1,0,8389
1,740,1,1,0,8390
1,743,1,1,0,8391
3,1798,1,1,0,8392
1,746,1,1,0,8393
1,750,1,1,0,8394
1,752,1,1,0,8395
1,761,1,1,0,8396
3,1836,1,1,0,8397
1,730,1,1,0,8398
1,763,2,2,0,8399
3,1857,1,1,0,8400
1,728,1,1,0,8401
3,1882,2,2,0,8402
3,1881,2,2,0,8403
3,1880,1,1,0,8404
3,1876,3,3,0,8405
3,1875,3,3,0,8406
3,1874,3,3,0,8407
3,1873,2,2,0,8408
1,729,1,1,0,8409
3,1872,3,3,0,8410
3,1867,1,1,0,8411
3,1866,1,1,0,8412
3,1862,7,7,0,8413
3,1861,4,4,0,8414
3,1858,1,1,0,8415
3,1778,1,1,0,8416
3,1773,1,1,0,8417
3,1667,1,1,0,8418
3,1724,1,1,0,8419
3,1722,1,1,0,8420
3,1715,1,1,0,8421
3,1714,1,1,0,8422
3,1713,1,1,0,8423
3,1712,1,1,0,8424
3,1705,2,2,0,8425
3,1703,4,4,0,8426
3,1682,2,2,0,8427
1,792,32,32,0,8428
3,1675,1,1,0,8429
3,1674,1,1,0,8430
3,1673,1,1,0,8431
3,1672,1,1,0,8432
3,1671,1,1,0,8433
3,1668,1,1,0,8434
1,782,2,2,0,8435
3,1725,5,5,0,8436
1,764,1,1,0,8437
3,1727,1,1,0,8438
3,1770,3,3,0,8439
3,1766,2,2,0,8440
3,1765,1,1,0,8441
3,1764,1,1,0,8442
3,1760,1,1,0,8443
3,1754,1,1,0,8444
3,1752,1,1,0,8445
3,1751,5,5,0,8446
3,1750,1,1,0,8447
3,1746,1,1,0,8448
1,766,1,1,0,8449
1,768,1,1,0,8450
3,1734,1,1,0,8451
1,770,1,1,0,8452
3,1730,1,1,0,8453
3,1456,1,1,0,8454
3,1452,1,1,0,8455
3,880,1,1,0,8456
3,1052,1,1,0,8457
1,978,1,1,0,8458
3,1061,1,1,0,8459
1,979,2,2,0,8460
3,1060,1,1,0,8461
3,1058,2,2,0,8462
3,1056,1,1,0,8463
3,1054,1,1,0,8464
1,984,2,2,0,8465
3,1443,3,3,0,8466
3,1049,1,1,0,8467
3,1046,1,1,0,8468
3,1040,1,1,0,8469
3,1038,2,2,0,8470
3,1037,1,1,0,8471
3,1032,2,2,0,8472
3,1024,1,1,0,8473
3,1070,2,2,0,8474
3,1071,2,2,0,8475
3,1078,2,2,0,8476
3,1079,5,5,0,8477
3,1126,1,1,0,8478
1,962,2,2,0,8479
1,966,1,1,0,8480
3,1115,1,1,0,8481
3,1113,3,3,0,8482
3,1108,19,19,0,8483
1,974,1,1,0,8484
3,1104,5,5,0,8485
3,1090,3,3,0,8486
3,1088,1,1,0,8487
3,1087,1,1,0,8488
3,1085,1,1,0,8489
3,1084,1,1,0,8490
3,1083,1,1,0,8491
3,1082,1,1,0,8492
1,987,1,1,0,8493
1,988,2,2,0,8494
3,1002,15,15,0,8495
3,938,1,1,0,8496
3,936,1,1,0,8497
3,935,4,4,0,8498
3,932,21,21,0,8499
3,927,1,1,0,8500
1,1004,1,1,0,8501
1,1006,6,6,0,8502
1,1008,2,2,0,8503
1,1010,2,2,0,8504
1,1011,1,1,0,8505
3,900,3,3,0,8506
3,899,1,1,0,8507
3,898,1,1,0,8508
3,892,1,1,0,8509
3,886,1,1,0,8510
3,882,1,1,0,8511
3,937,1,1,0,8512
3,939,1,1,0,8513
3,994,1,1,0,8514
3,948,1,1,0,8515
3,993,2,2,0,8516
1,997,1,1,0,8517
1,999,1,1,0,8518
3,968,2,2,0,8519
1,1001,2,2,0,8520
3,962,1,1,0,8521
3,961,3,3,0,8522
1,1002,2,2,0,8523
1,1003,7,7,0,8524
3,959,1,1,0,8525
3,956,2,2,0,8526
3,952,2,2,0,8527
3,951,1,1,0,8528
3,950,1,1,0,8529
3,949,1,1,0,8530
3,1128,1,1,0,8531
3,1129,1,1,0,8532
3,1140,1,1,0,8533
3,1359,1,1,0,8534
3,1355,2,2,0,8535
3,1354,1,1,0,8536
3,1353,1,1,0,8537
3,1352,1,1,0,8538
3,1342,1,1,0,8539
1,902,1,1,0,8540
3,1339,3,3,0,8541
3,1337,1,1,0,8542
1,903,1,1,0,8543
3,1325,1,1,0,8544
3,1313,1,1,0,8545
3,1312,1,1,0,8546
3,1301,1,1,0,8547
3,1300,1,1,0,8548
3,1299,2,2,0,8549
3,1356,1,1,0,8550
1,901,1,1,0,8551
1,915,2,2,0,8552
3,1368,2,2,0,8553
3,1434,1,1,0,8554
3,1432,1,1,0,8555
1,884,1,1,0,8556
3,1422,1,1,0,8557
3,1421,1,1,0,8558
3,1414,1,1,0,8559
1,888,1,1,0,8560
3,1398,1,1,0,8561
1,890,2,2,0,8562
3,1390,1,1,0,8563
3,1389,2,2,0,8564
3,1388,1,1,0,8565
1,900,1,1,0,8566
3,1376,1,1,0,8567
3,1370,1,1,0,8568
3,1298,2,2,0,8569
3,1295,1,1,0,8570
3,1142,1,1,0,8571
3,1203,6,6,0,8572
3,1198,4,4,0,8573
3,1197,3,3,0,8574
3,1196,2,2,0,8575
1,949,1,1,0,8576
3,1190,1,1,0,8577
1,951,1,1,0,8578
3,1186,1,1,0,8579
3,1184,1,1,0,8580
3,1182,1,1,0,8581
3,1175,1,1,0,8582
3,1174,1,1,0,8583
3,1156,1,1,0,8584
1,953,1,1,0,8585
1,954,2,2,0,8586
1,957,1,1,0,8587
3,1200,1,1,0,8588
3,1206,1,1,0,8589
3,1291,2,2,0,8590
3,1208,1,1,0,8591
3,1286,1,1,0,8592
3,1284,1,1,0,8593
3,1283,1,1,0,8594
3,1278,1,1,0,8595
3,1276,1,1,0,8596
3,1274,1,1,0,8597
1,934,4,4,0,8598
3,1241,1,1,0,8599
3,1240,1,1,0,8600
1,940,1,1,0,8601
1,945,1,1,0,8602
3,1217,1,1,0,8603
3,1216,1,1,0,8604
3,1214,2,2,0,8605
3,1212,13,13,0,8606
1,1326,1,1,0,8607
1,1327,1,1,0,8608
2,1707,1,1,0,8609
2,492,1,1,0,8610
2,509,1,1,0,8611
2,508,1,1,0,8612
1,1740,1,1,0,8613
1,1745,1,1,0,8614
2,502,1,1,0,8615
2,500,1,1,0,8616
1,1746,1,1,0,8617
2,490,1,1,0,8618
2,319,1,1,0,8619
1,1749,1,1,0,8620
2,486,1,1,0,8621
2,484,1,1,0,8622
2,479,1,1,0,8623
1,1752,2,2,0,8624
1,1761,1,1,0,8625
1,1762,2,2,0,8626
2,512,1,1,0,8627
1,1738,3,3,0,8628
2,516,1,1,0,8629
2,520,1,1,0,8630
2,565,1,1,0,8631
2,558,1,1,0,8632
1,1716,3,3,0,8633
1,1719,1,1,0,8634
2,552,1,1,0,8635
1,1720,1,1,0,8636
2,538,1,1,0,8637
2,537,1,1,0,8638
2,536,1,1,0,8639
1,1732,3,3,0,8640
2,527,2,2,0,8641
2,524,1,1,0,8642
2,523,1,1,0,8643
2,522,1,1,0,8644
2,521,1,1,0,8645
2,474,1,1,0,8646
1,1763,1,1,0,8647
2,470,1,1,0,8648
2,381,4,4,0,8649
2,369,2,2,0,8650
2,361,2,2,0,8651
2,359,1,1,0,8652
2,350,1,1,0,8653
2,345,1,1,0,8654
2,344,1,1,0,8655
2,342,2,2,0,8656
2,340,5,5,0,8657
2,338,1,1,0,8658
2,336,1,1,0,8659
2,335,1,1,0,8660
2,333,1,1,0,8661
1,1811,1,1,0,8662
1,1813,12,12,0,8663
2,324,2,2,0,8664
2,377,2,2,0,8665
1,1808,1,1,0,8666
2,467,1,1,0,8667
2,405,1,1,0,8668
2,466,1,1,0,8669
2,465,1,1,0,8670
2,464,1,1,0,8671
2,456,2,2,0,8672
2,449,1,1,0,8673
1,1765,3,3,0,8674
2,448,1,1,0,8675
2,438,1,1,0,8676
2,436,5,5,0,8677
1,1770,1,1,0,8678
2,430,2,2,0,8679
2,428,1,1,0,8680
1,1780,1,1,0,8681
1,1782,1,1,0,8682
2,410,1,1,0,8683
2,566,1,1,0,8684
2,568,4,4,0,8685
2,571,1,1,0,8686
2,705,1,1,0,8687
2,702,1,1,0,8688
2,701,1,1,0,8689
2,700,1,1,0,8690
1,1691,1,1,0,8691
2,698,1,1,0,8692
2,690,2,2,0,8693
2,684,1,1,0,8694
2,683,1,1,0,8695
2,682,1,1,0,8696
2,680,4,4,0,8697
2,678,1,1,0,8698
2,677,1,1,0,8699
2,676,1,1,0,8700
2,668,1,1,0,8701
2,663,1,1,0,8702
2,704,1,1,0,8703
2,706,1,1,0,8704
2,661,1,1,0,8705
1,1684,1,1,0,8706
2,746,1,1,0,8707
2,743,1,1,0,8708
2,742,1,1,0,8709
2,741,1,1,0,8710
2,734,1,1,0,8711
2,732,1,1,0,8712
2,729,1,1,0,8713
2,728,2,2,0,8714
1,1681,1,1,0,8715
2,719,8,8,0,8716
2,710,1,1,0,8717
2,709,1,1,0,8718
2,708,2,2,0,8719
2,707,2,2,0,8720
1,1682,1,1,0,8721
2,662,1,1,0,8722
2,659,1,1,0,8723
2,580,1,1,0,8724
2,608,1,1,0,8725
2,603,1,1,0,8726
2,602,1,1,0,8727
2,598,1,1,0,8728
1,1708,2,2,0,8729
2,596,1,1,0,8730
2,595,1,1,0,8731
2,594,1,1,0,8732
2,593,1,1,0,8733
2,592,1,1,0,8734
2,590,1,1,0,8735
1,1712,5,5,0,8736
2,588,1,1,0,8737
2,587,2,2,0,8738
1,1714,1,1,0,8739
2,582,1,1,0,8740
2,605,1,1,0,8741
2,609,1,1,0,8742
1,1696,1,1,0,8743
2,610,1,1,0,8744
1,1697,1,1,0,8745
1,1698,2,2,0,8746
1,1700,1,1,0,8747
2,642,1,1,0,8748
2,628,1,1,0,8749
1,1704,1,1,0,8750
2,626,2,2,0,8751
2,621,3,3,0,8752
2,619,1,1,0,8753
2,618,1,1,0,8754
2,617,1,1,0,8755
2,616,1,1,0,8756
1,1706,2,2,0,8757
2,612,1,1,0,8758
2,611,1,1,0,8759
2,320,1,1,0,8760
2,318,1,1,0,8761
2,1706,1,1,0,8762
1,2135,1,1,0,8763
1,2158,1,1,0,8764
1,2150,1,1,0,8765
1,2148,1,1,0,8766
1,2147,3,3,0,8767
1,2140,1,1,0,8768
1,1954,1,1,0,8769
1,1955,5,5,0,8770
1,2132,1,1,0,8771
1,1814,1,1,0,8772
1,2130,1,1,0,8773
1,2128,1,1,0,8774
1,1962,1,1,0,8775
1,2118,1,1,0,8776
1,2117,11,11,0,8777
1,2114,3,3,0,8778
1,2111,1,1,0,8779
1,1953,1,1,0,8780
1,2160,1,1,0,8781
1,2161,1,1,0,8782
1,2162,2,2,0,8783
1,1930,1,1,0,8784
2,3,1,1,0,8785
2,2,1,1,0,8786
1,1941,1,1,0,8787
1,2194,3,3,0,8788
1,1944,1,1,0,8789
1,1945,2,2,0,8790
1,1948,1,1,0,8791
1,1950,1,1,0,8792
1,2177,1,1,0,8793
1,2174,1,1,0,8794
1,2172,3,3,0,8795
1,1951,2,2,0,8796
1,1952,1,1,0,8797
1,2164,1,1,0,8798
1,2110,2,2,0,8799
1,1963,1,1,0,8800
1,2108,2,2,0,8801
1,2066,1,1,0,8802
1,2057,1,1,0,8803
1,2054,2,2,0,8804
1,2053,1,1,0,8805
1,1988,1,1,0,8806
1,2051,1,1,0,8807
1,2049,1,1,0,8808
1,1990,2,2,0,8809
1,2045,1,1,0,8810
1,2040,1,1,0,8811
1,2000,1,1,0,8812
1,2001,1,1,0,8813
1,2034,4,4,0,8814
1,2015,2,2,0,8815
1,2002,1,1,0,8816
1,2003,1,1,0,8817
1,2062,2,2,0,8818
1,2074,1,1,0,8819
1,2106,6,6,0,8820
1,1984,1,1,0,8821
1,2104,1,1,0,8822
1,2103,7,7,0,8823
1,1966,1,1,0,8824
1,2102,2,2,0,8825
1,2101,2,2,0,8826
1,2099,1,1,0,8827
1,2097,1,1,0,8828
1,1972,1,1,0,8829
1,1976,5,5,0,8830
1,2088,2,2,0,8831
1,2087,1,1,0,8832
1,1978,1,1,0,8833
1,2084,2,2,0,8834
1,2079,2,2,0,8835
1,2078,1,1,0,8836
1,1928,1,1,0,8837
2,38,1,1,0,8838
2,46,1,1,0,8839
1,1837,1,1,0,8840
2,240,3,3,0,8841
2,238,2,2,0,8842
2,237,1,1,0,8843
2,236,1,1,0,8844
2,226,1,1,0,8845
2,218,1,1,0,8846
2,216,1,1,0,8847
2,214,1,1,0,8848
1,1843,1,1,0,8849
2,212,1,1,0,8850
1,1846,1,1,0,8851
1,1850,1,1,0,8852
2,187,1,1,0,8853
2,186,1,1,0,8854
2,182,1,1,0,8855
1,1840,1,1,0,8856
2,244,4,4,0,8857
1,1861,1,1,0,8858
1,1836,1,1,0,8859
1,1815,1,1,0,8860
2,308,1,1,0,8861
1,1820,3,3,0,8862
1,1821,1,1,0,8863
1,1828,1,1,0,8864
2,287,3,3,0,8865
1,1829,1,1,0,8866
1,1830,1,1,0,8867
2,277,1,1,0,8868
2,276,2,2,0,8869
2,261,2,2,0,8870
1,1835,1,1,0,8871
2,258,2,2,0,8872
2,255,2,2,0,8873
2,253,2,2,0,8874
1,1852,1,1,0,8875
2,172,1,1,0,8876
1,1925,5,5,0,8877
1,1882,2,2,0,8878
2,108,1,1,0,8879
2,104,1,1,0,8880
2,101,1,1,0,8881
2,91,1,1,0,8882
2,89,1,1,0,8883
1,1892,32,32,0,8884
2,85,1,1,0,8885
2,84,2,2,0,8886
2,81,1,1,0,8887
2,67,1,1,0,8888
2,66,8,8,0,8889
2,65,1,1,0,8890
2,64,1,1,0,8891
1,1900,2,2,0,8892
1,1924,2,2,0,8893
2,119,1,1,0,8894
2,120,1,1,0,8895
2,163,1,1,0,8896
1,1870,1,1,0,8897
2,162,1,1,0,8898
2,160,1,1,0,8899
1,1863,2,2,0,8900
2,153,2,2,0,8901
2,151,1,1,0,8902
2,150,1,1,0,8903
1,1864,1,1,0,8904
2,146,1,1,0,8905
2,144,1,1,0,8906
1,1866,1,1,0,8907
1,1868,1,1,0,8908
2,135,1,1,0,8909
2,134,1,1,0,8910
2,132,1,1,0,8911
2,125,1,1,0,8912
1,1678,1,1,0,8913
2,762,1,1,0,8914
1,1672,1,1,0,8915
2,1438,1,1,0,8916
2,1459,2,2,0,8917
1,1398,1,1,0,8918
2,1454,1,1,0,8919
2,1452,1,1,0,8920
1,1399,1,1,0,8921
2,1443,1,1,0,8922
2,1440,4,4,0,8923
2,1437,1,1,0,8924
1,1670,1,1,0,8925
2,1430,1,1,0,8926
2,1424,1,1,0,8927
1,1413,1,1,0,8928
2,1410,1,1,0,8929
2,1409,1,1,0,8930
2,1408,1,1,0,8931
1,1418,1,1,0,8932
2,1460,1,1,0,8933
1,1397,1,1,0,8934
2,1462,1,1,0,8935
2,1464,1,1,0,8936
1,1390,1,1,0,8937
2,1484,1,1,0,8938
2,1483,1,1,0,8939
2,1482,1,1,0,8940
2,1481,1,1,0,8941
2,1480,1,1,0,8942
2,1477,1,1,0,8943
2,1475,1,1,0,8944
2,1474,1,1,0,8945
2,1470,1,1,0,8946
1,1393,5,5,0,8947
2,1468,1,1,0,8948
2,1467,1,1,0,8949
2,1466,1,1,0,8950
2,1465,1,1,0,8951
2,1399,2,2,0,8952
2,1396,1,1,0,8953
1,1419,1,1,0,8954
1,1432,2,2,0,8955
1,1438,2,2,0,8956
2,1346,1,1,0,8957
2,1342,1,1,0,8958
2,1339,1,1,0,8959
2,1338,1,1,0,8960
2,1337,1,1,0,8961
2,1336,1,1,0,8962
1,1449,1,1,0,8963
2,1328,2,2,0,8964
2,1321,1,1,0,8965
2,1320,1,1,0,8966
2,1310,1,1,0,8967
2,1308,5,5,0,8968
2,1302,2,2,0,8969
2,1300,1,1,0,8970
2,1351,1,1,0,8971
2,1356,1,1,0,8972
2,1395,1,1,0,8973
2,1358,1,1,0,8974
2,1394,1,1,0,8975
2,1393,1,1,0,8976
2,1392,1,1,0,8977
2,1388,1,1,0,8978
1,1420,1,1,0,8979
2,1384,1,1,0,8980
2,1381,1,1,0,8981
2,1380,1,1,0,8982
1,1424,1,1,0,8983
2,1374,1,1,0,8984
1,1426,5,5,0,8985
2,1372,1,1,0,8986
1,1430,1,1,0,8987
2,1364,1,1,0,8988
2,1362,1,1,0,8989
2,1488,1,1,0,8990
2,1489,1,1,0,8991
2,1490,1,1,0,8992
2,1657,2,2,0,8993
2,1652,2,2,0,8994
1,1340,1,1,0,8995
1,1342,1,1,0,8996
1,1343,2,2,0,8997
2,1634,1,1,0,8998
1,1344,1,1,0,8999
2,1618,1,1,0,9000
2,1615,1,1,0,9001
2,1614,1,1,0,9002
2,1613,1,1,0,9003
2,1606,1,1,0,9004
2,1604,1,1,0,9005
2,1601,1,1,0,9006
2,1600,2,2,0,9007
1,1347,1,1,0,9008
2,1654,3,3,0,9009
2,1658,2,2,0,9010
2,1582,1,1,0,9011
2,1666,1,1,0,9012
1,1328,1,1,0,9013
2,1702,1,1,0,9014
1,1332,1,1,0,9015
2,1696,1,1,0,9016
1,1333,1,1,0,9017
2,1692,1,1,0,9018
2,1691,1,1,0,9019
1,1334,1,1,0,9020
2,1688,1,1,0,9021
1,1337,1,1,0,9022
2,1685,1,1,0,9023
2,1678,1,1,0,9024
1,1338,1,1,0,9025
2,1673,1,1,0,9026
2,1667,1,1,0,9027
2,1591,8,8,0,9028
1,1350,1,1,0,9029
2,1491,1,1,0,9030
2,1549,1,1,0,9031
2,1540,1,1,0,9032
2,1535,1,1,0,9033
1,1358,1,1,0,9034
2,1534,1,1,0,9035
2,1533,1,1,0,9036
2,1531,1,1,0,9037
1,1362,2,2,0,9038
1,1368,1,1,0,9039
1,1370,1,1,0,9040
1,1375,1,1,0,9041
2,1514,1,1,0,9042
2,1500,1,1,0,9043
1,1386,2,2,0,9044
2,1498,2,2,0,9045
2,1493,3,3,0,9046
2,1548,1,1,0,9047
2,1550,1,1,0,9048
2,1581,1,1,0,9049
2,1552,4,4,0,9050
2,1580,2,2,0,9051
1,1351,1,1,0,9052
2,1579,2,2,0,9053
2,1578,1,1,0,9054
2,1577,1,1,0,9055
2,1576,1,1,0,9056
2,1574,1,1,0,9057
2,1573,1,1,0,9058
2,1572,1,1,0,9059
2,1570,1,1,0,9060
2,1562,2,2,0,9061
1,1352,3,3,0,9062
2,1556,1,1,0,9063
2,1555,1,1,0,9064
2,1554,1,1,0,9065
2,1282,1,1,0,9066
1,1463,2,2,0,9067
1,1464,1,1,0,9068
1,1605,1,1,0,9069
1,1614,1,1,0,9070
2,918,1,1,0,9071
2,910,1,1,0,9072
1,1616,1,1,0,9073
1,1620,1,1,0,9074
1,1621,1,1,0,9075
2,875,1,1,0,9076
2,874,1,1,0,9077
2,870,1,1,0,9078
2,866,4,4,0,9079
1,1623,1,1,0,9080
1,1630,1,1,0,9081
2,859,2,2,0,9082
2,858,2,2,0,9083
2,855,1,1,0,9084
1,1607,1,1,0,9085
1,1604,1,1,0,9086
2,853,4,4,0,9087
2,936,1,1,0,9088
2,997,1,1,0,9089
2,992,1,1,0,9090
2,991,1,1,0,9091
1,1595,1,1,0,9092
2,980,1,1,0,9093
2,976,1,1,0,9094
2,973,1,1,0,9095
2,963,1,1,0,9096
2,961,1,1,0,9097
2,957,1,1,0,9098
2,956,2,2,0,9099
2,953,1,1,0,9100
2,939,1,1,0,9101
2,938,8,8,0,9102
2,937,1,1,0,9103
2,854,1,1,0,9104
2,852,1,1,0,9105
2,1006,1,1,0,9106
1,1657,1,1,0,9107
2,816,1,1,0,9108
1,1662,1,1,0,9109
2,813,1,1,0,9110
1,1664,1,1,0,9111
2,806,1,1,0,9112
1,1666,1,1,0,9113
2,801,1,1,0,9114
2,795,1,1,0,9115
2,794,1,1,0,9116
2,786,2,2,0,9117
2,785,2,2,0,9118
2,782,3,3,0,9119
1,1667,1,1,0,9120
2,780,2,2,0,9121
1,1669,1,1,0,9122
1,1661,1,1,0,9123
2,819,1,1,0,9124
2,851,1,1,0,9125
2,820,1,1,0,9126
2,849,1,1,0,9127
1,1635,2,2,0,9128
2,848,1,1,0,9129
2,844,1,1,0,9130
1,1638,1,1,0,9131
1,1639,1,1,0,9132
1,1644,1,1,0,9133
2,835,1,1,0,9134
2,834,1,1,0,9135
1,1646,1,1,0,9136
1,1647,1,1,0,9137
1,1648,1,1,0,9138
2,830,1,1,0,9139
2,824,1,1,0,9140
1,1650,1,1,0,9141
2,1004,1,1,0,9142
2,1007,1,1,0,9143
2,1277,1,1,0,9144
2,1212,5,5,0,9145
2,1208,1,1,0,9146
2,1207,1,1,0,9147
2,1205,1,1,0,9148
1,1496,1,1,0,9149
1,1498,2,2,0,9150
2,1196,2,2,0,9151
2,1192,1,1,0,9152
2,1191,1,1,0,9153
2,1190,1,1,0,9154
2,1180,1,1,0,9155
1,1536,1,1,0,9156
1,1537,1,1,0,9157
2,1159,3,3,0,9158
1,1538,1,1,0,9159
2,1149,1,1,0,9160
2,1210,1,1,0,9161
2,1214,2,2,0,9162
1,1543,1,1,0,9163
2,1216,1,1,0,9164
1,1466,1,1,0,9165
1,1469,7,7,0,9166
1,1472,1,1,0,9167
1,1474,1,1,0,9168
1,1477,1,1,0,9169
2,1253,4,4,0,9170
1,1478,1,1,0,9171
2,1249,2,2,0,9172
1,1480,1,1,0,9173
2,1241,2,2,0,9174
1,1481,4,4,0,9175
2,1233,2,2,0,9176
2,1231,1,1,0,9177
2,1222,1,1,0,9178
2,1217,1,1,0,9179
2,1148,2,2,0,9180
2,1133,2,2,0,9181
1,1587,2,2,0,9182
1,1566,1,1,0,9183
2,1059,1,1,0,9184
2,1058,1,1,0,9185
1,1578,1,1,0,9186
2,1054,1,1,0,9187
1,1583,1,1,0,9188
1,1584,6,6,0,9189
2,1044,1,1,0,9190
2,1035,1,1,0,9191
2,1034,1,1,0,9192
2,1032,1,1,0,9193
2,1025,2,2,0,9194
2,1023,1,1,0,9195
2,1022,1,1,0,9196
2,1018,1,1,0,9197
2,1016,1,1,0,9198
1,1576,1,1,0,9199
1,1565,1,1,0,9200
1,1544,1,1,0,9201
2,1084,1,1,0,9202
2,1130,2,2,0,9203
2,1127,2,2,0,9204
2,1125,2,2,0,9205
1,1546,1,1,0,9206
2,1116,4,4,0,9207
1,1548,1,1,0,9208
2,1112,3,3,0,9209
2,1110,2,2,0,9210
2,1109,1,1,0,9211
2,1108,1,1,0,9212
1,1551,1,1,0,9213
2,1098,1,1,0,9214
2,1090,1,1,0,9215
2,1088,1,1,0,9216
2,1086,1,1,0,9217
3,1904,1,1,0,9218
3,946,1,1,0,9219
1,569,1,1,0,9220
3,3500,1,1,0,9221
1,546,1,1,0,9222
1,221,1,1,0,9223
3,2534,3,3,0,9224
3,3487,1,1,0,9225
3,2536,1,1,0,9226
3,2539,1,1,0,9227
3,2542,2,2,0,9228
3,3485,1,1,0,9229
3,3484,1,1,0,9230
3,2548,1,1,0,9231
3,2549,1,1,0,9232
3,3477,1,1,0,9233
1,226,1,1,0,9234
1,544,1,1,0,9235
1,539,1,1,0,9236
1,227,1,1,0,9237
3,3467,1,1,0,9238
1,538,1,1,0,9239
3,3466,3,3,0,9240
1,228,1,1,0,9241
3,2568,1,1,0,9242
3,3462,1,1,0,9243
3,2569,1,1,0,9244
1,220,1,1,0,9245
1,547,1,1,0,9246
3,3370,1,1,0,9247
3,2527,1,1,0,9248
1,206,1,1,0,9249
1,557,1,1,0,9250
3,2494,2,2,0,9251
3,2500,2,2,0,9252
3,2504,1,1,0,9253
3,3522,2,2,0,9254
1,207,1,1,0,9255
3,3520,2,2,0,9256
3,3516,7,7,0,9257
1,208,1,1,0,9258
1,550,1,1,0,9259
3,2516,2,2,0,9260
3,2518,2,2,0,9261
3,2520,1,1,0,9262
3,2521,1,1,0,9263
3,3510,2,2,0,9264
3,3507,2,2,0,9265
3,2523,1,1,0,9266
3,2524,1,1,0,9267
1,210,1,1,0,9268
1,214,1,1,0,9269
1,548,1,1,0,9270
3,3502,1,1,0,9271
3,2570,2,2,0,9272
3,2578,1,1,0,9273
3,2585,1,1,0,9274
3,2586,1,1,0,9275
3,3421,1,1,0,9276
3,3412,1,1,0,9277
3,3406,1,1,0,9278
1,240,1,1,0,9279
1,507,1,1,0,9280
1,505,1,1,0,9281
3,3400,1,1,0,9282
1,504,1,1,0,9283
3,3399,1,1,0,9284
1,242,1,1,0,9285
3,2628,1,1,0,9286
3,2630,1,1,0,9287
3,3394,1,1,0,9288
3,3392,1,1,0,9289
3,3386,3,3,0,9290
3,2633,2,2,0,9291
1,243,2,2,0,9292
3,2636,2,2,0,9293
3,3380,2,2,0,9294
3,3379,1,1,0,9295
3,3378,1,1,0,9296
3,2641,5,5,0,9297
3,3374,1,1,0,9298
3,3422,1,1,0,9299
3,3428,1,1,0,9300
3,3433,1,1,0,9301
3,2599,2,2,0,9302
3,3460,1,1,0,9303
1,535,2,2,0,9304
3,3459,9,9,0,9305
3,2592,1,1,0,9306
1,232,1,1,0,9307
3,2594,1,1,0,9308
1,530,1,1,0,9309
1,233,1,1,0,9310
1,234,1,1,0,9311
1,237,1,1,0,9312
3,2604,1,1,0,9313
3,3434,1,1,0,9314
1,238,1,1,0,9315
3,3447,1,1,0,9316
3,3446,1,1,0,9317
3,3444,1,1,0,9318
1,523,1,1,0,9319
1,521,1,1,0,9320
1,520,1,1,0,9321
1,516,1,1,0,9322
1,514,1,1,0,9323
3,3438,3,3,0,9324
3,2491,1,1,0,9325
3,3542,1,1,0,9326
3,3546,1,1,0,9327
3,3605,2,2,0,9328
3,3630,1,1,0,9329
3,2384,1,1,0,9330
3,3627,1,1,0,9331
1,584,1,1,0,9332
3,2386,7,7,0,9333
3,3625,5,5,0,9334
1,582,1,1,0,9335
3,3624,1,1,0,9336
1,581,1,1,0,9337
3,2401,2,2,0,9338
3,2402,1,1,0,9339
3,3622,1,1,0,9340
3,2404,1,1,0,9341
3,2405,1,1,0,9342
1,192,1,1,0,9343
3,3615,1,1,0,9344
1,578,1,1,0,9345
1,193,1,1,0,9346
3,3614,1,1,0,9347
3,2415,1,1,0,9348
3,3613,1,1,0,9349
3,3612,1,1,0,9350
3,2419,1,1,0,9351
3,3634,1,1,0,9352
1,187,1,1,0,9353
1,591,1,1,0,9354
3,2372,3,3,0,9355
1,600,1,1,0,9356
1,598,2,2,0,9357
3,3673,1,1,0,9358
1,179,2,2,0,9359
1,597,1,1,0,9360
1,180,1,1,0,9361
3,3670,3,3,0,9362
3,2368,2,2,0,9363
3,3666,2,2,0,9364
1,596,1,1,0,9365
3,3665,1,1,0,9366
1,185,1,1,0,9367
3,3664,1,1,0,9368
3,3660,1,1,0,9369
3,2375,1,1,0,9370
3,2376,1,1,0,9371
3,3654,1,1,0,9372
3,3652,1,1,0,9373
3,3651,5,5,0,9374
3,2381,1,1,0,9375
3,3650,1,1,0,9376
3,3646,1,1,0,9377
3,2420,1,1,0,9378
1,195,1,1,0,9379
3,3547,1,1,0,9380
3,3603,4,4,0,9381
3,3560,1,1,0,9382
3,2978,2,2,0,9383
3,2468,2,2,0,9384
1,203,2,2,0,9385
3,3557,1,1,0,9386
3,2472,7,7,0,9387
3,2475,1,1,0,9388
1,204,1,1,0,9389
1,567,1,1,0,9390
3,3555,1,1,0,9391
3,2477,3,3,0,9392
1,566,1,1,0,9393
3,3552,1,1,0,9394
1,564,1,1,0,9395
3,2480,1,1,0,9396
3,2484,1,1,0,9397
1,205,1,1,0,9398
3,2485,1,1,0,9399
1,562,1,1,0,9400
1,561,1,1,0,9401
3,2487,1,1,0,9402
3,3549,1,1,0,9403
3,2488,5,5,0,9404
1,202,4,4,0,9405
3,2464,6,6,0,9406
3,3562,1,1,0,9407
3,3573,1,1,0,9408
1,196,2,2,0,9409
3,3582,2,2,0,9410
3,2425,1,1,0,9411
3,2427,1,1,0,9412
3,2432,1,1,0,9413
3,2437,1,1,0,9414
3,2438,1,1,0,9415
1,200,1,1,0,9416
3,3575,1,1,0,9417
3,3574,1,1,0,9418
3,2444,1,1,0,9419
3,3563,1,1,0,9420
3,3572,1,1,0,9421
3,2446,1,1,0,9422
3,3571,1,1,0,9423
3,3568,1,1,0,9424
1,572,1,1,0,9425
1,201,2,2,0,9426
3,3567,1,1,0,9427
3,3565,1,1,0,9428
3,3564,1,1,0,9429
1,570,1,1,0,9430
3,3372,1,1,0,9431
3,3368,1,1,0,9432
3,3678,1,1,0,9433
3,2850,1,1,0,9434
3,3117,1,1,0,9435
3,3116,1,1,0,9436
1,299,1,1,0,9437
3,2852,2,2,0,9438
3,3114,2,2,0,9439
3,3112,13,13,0,9440
3,2856,2,2,0,9441
3,3108,1,1,0,9442
3,2859,1,1,0,9443
3,2861,3,3,0,9444
3,2862,1,1,0,9445
3,3106,1,1,0,9446
1,377,1,1,0,9447
3,3103,6,6,0,9448
3,2868,2,2,0,9449
3,3100,1,1,0,9450
3,3098,4,4,0,9451
1,374,1,1,0,9452
1,372,1,1,0,9453
3,3097,3,3,0,9454
3,3096,2,2,0,9455
3,3090,1,1,0,9456
1,313,1,1,0,9457
3,2851,1,1,0,9458
1,298,1,1,0,9459
3,3366,1,1,0,9460
3,2849,1,1,0,9461
1,396,1,1,0,9462
3,3183,1,1,0,9463
3,3178,1,1,0,9464
3,3176,1,1,0,9465
3,3174,1,1,0,9466
1,286,2,2,0,9467
1,381,4,4,0,9468
3,3141,1,1,0,9469
1,380,1,1,0,9470
3,2827,1,1,0,9471
3,3140,1,1,0,9472
1,290,1,1,0,9473
3,2832,21,21,0,9474
1,293,5,5,0,9475
3,2835,4,4,0,9476
3,2836,1,1,0,9477
1,297,1,1,0,9478
1,378,1,1,0,9479
3,2837,1,1,0,9480
3,2838,1,1,0,9481
3,2839,1,1,0,9482
3,2846,1,1,0,9483
3,2848,1,1,0,9484
3,2893,2,2,0,9485
3,2894,1,1,0,9486
3,3086,1,1,0,9487
3,3084,1,1,0,9488
1,332,2,2,0,9489
3,2954,1,1,0,9490
3,2956,1,1,0,9491
1,364,1,1,0,9492
1,338,2,2,0,9493
3,3015,1,1,0,9494
3,3013,3,3,0,9495
3,2958,2,2,0,9496
1,363,2,2,0,9497
3,3008,19,19,0,9498
3,3004,5,5,0,9499
3,2960,1,1,0,9500
3,2961,1,1,0,9501
3,2990,3,3,0,9502
3,2988,1,1,0,9503
3,2987,1,1,0,9504
3,2970,2,2,0,9505
3,2985,1,1,0,9506
3,2984,1,1,0,9507
1,349,1,1,0,9508
3,2983,1,1,0,9509
3,2982,1,1,0,9510
3,2979,5,5,0,9511
3,3026,1,1,0,9512
1,330,1,1,0,9513
3,2952,1,1,0,9514
3,2937,1,1,0,9515
3,3082,1,1,0,9516
3,2902,15,15,0,9517
3,3075,1,1,0,9518
3,3074,1,1,0,9519
1,318,1,1,0,9520
1,369,7,7,0,9521
3,3056,1,1,0,9522
3,2924,1,1,0,9523
1,319,1,1,0,9524
3,2932,2,2,0,9525
3,2938,2,2,0,9526
1,366,1,1,0,9527
3,2940,1,1,0,9528
1,320,1,1,0,9529
1,324,1,1,0,9530
3,3042,1,1,0,9531
3,3040,1,1,0,9532
3,3029,1,1,0,9533
3,3028,1,1,0,9534
3,2946,1,1,0,9535
1,326,5,5,0,9536
3,2949,1,1,0,9537
1,398,2,2,0,9538
3,3184,1,1,0,9539
3,3186,1,1,0,9540
1,466,1,1,0,9541
3,3321,1,1,0,9542
3,2684,1,1,0,9543
3,3314,1,1,0,9544
1,250,1,1,0,9545
3,2685,1,1,0,9546
1,487,2,2,0,9547
3,3298,1,1,0,9548
3,2691,2,2,0,9549
1,484,6,6,0,9550
3,2694,1,1,0,9551
1,483,1,1,0,9552
3,2708,1,1,0,9553
3,2710,1,1,0,9554
1,251,1,1,0,9555
1,478,1,1,0,9556
1,252,3,3,0,9557
3,3290,1,1,0,9558
3,2719,2,2,0,9559
1,476,1,1,0,9560
3,2720,1,1,0,9561
3,2722,1,1,0,9562
3,3289,2,2,0,9563
3,3288,1,1,0,9564
3,2683,2,2,0,9565
3,3322,1,1,0,9566
1,247,1,1,0,9567
3,3354,1,1,0,9568
1,495,1,1,0,9569
3,2651,1,1,0,9570
3,3364,1,1,0,9571
3,2652,1,1,0,9572
3,2653,1,1,0,9573
1,244,1,1,0,9574
3,2654,1,1,0,9575
3,3363,1,1,0,9576
3,3360,1,1,0,9577
3,3356,1,1,0,9578
3,3352,1,1,0,9579
3,2680,1,1,0,9580
3,3343,3,3,0,9581
3,2663,2,2,0,9582
3,2672,1,1,0,9583
3,2673,1,1,0,9584
3,3334,1,1,0,9585
3,2674,1,1,0,9586
3,2676,1,1,0,9587
3,3332,1,1,0,9588
3,2678,1,1,0,9589
3,2679,2,2,0,9590
3,2723,1,1,0,9591
3,2728,1,1,0,9592
3,3191,2,2,0,9593
1,465,1,1,0,9594
3,3239,3,3,0,9595
3,3237,1,1,0,9596
3,2765,1,1,0,9597
3,2766,1,1,0,9598
1,268,1,1,0,9599
3,2778,1,1,0,9600
3,2780,1,1,0,9601
3,3225,1,1,0,9602
3,2782,1,1,0,9603
3,2786,1,1,0,9604
3,2792,1,1,0,9605
3,3213,1,1,0,9606
3,3212,1,1,0,9607
3,2798,1,1,0,9608
1,270,1,1,0,9609
3,2799,1,1,0,9610
3,3201,1,1,0,9611
3,3200,1,1,0,9612
3,2800,3,3,0,9613
3,3199,2,2,0,9614
3,3198,2,2,0,9615
1,275,1,1,0,9616
3,3195,1,1,0,9617
3,2762,10,10,0,9618
1,262,2,2,0,9619
3,3242,1,1,0,9620
3,3256,1,1,0,9621
3,3276,1,1,0,9622
3,3270,1,1,0,9623
1,451,1,1,0,9624
1,448,1,1,0,9625
1,446,1,1,0,9626
1,444,1,1,0,9627
3,3268,2,2,0,9628
1,443,1,1,0,9629
1,258,1,1,0,9630
3,3259,1,1,0,9631
3,2752,1,1,0,9632
1,436,1,1,0,9633
3,2753,1,1,0,9634
3,2754,1,1,0,9635
3,2755,1,1,0,9636
3,3255,2,2,0,9637
1,438,1,1,0,9638
3,3254,1,1,0,9639
3,2756,1,1,0,9640
1,437,1,1,0,9641
3,3253,1,1,0,9642
3,3252,1,1,0,9643
3,2358,1,1,0,9644
3,2971,2,2,0,9645
1,124,1,1,0,9646
4,207,1,1,0,9647
1,680,1,1,0,9648
3,2243,1,1,0,9649
4,56,1,1,0,9650
4,205,1,1,0,9651
4,58,1,1,0,9652
3,2244,1,1,0,9653
3,2134,1,1,0,9654
4,201,3,3,0,9655
4,131,1,1,0,9656
4,60,1,1,0,9657
4,208,2,2,0,9658
4,64,1,1,0,9659
1,711,1,1,0,9660
4,77,1,1,0,9661
1,708,1,1,0,9662
3,2241,1,1,0,9663
3,2214,1,1,0,9664
3,2141,1,1,0,9665
1,119,5,5,0,9666
3,2220,1,1,0,9667
1,120,1,1,0,9668
1,638,3,3,0,9669
1,52,1,1,0,9670
3,2016,1,1,0,9671
3,2054,1,1,0,9672
3,2240,1,1,0,9673
4,198,1,1,0,9674
3,2235,1,1,0,9675
3,2140,1,1,0,9676
1,123,1,1,0,9677
3,2078,1,1,0,9678
3,2239,1,1,0,9679
3,2245,1,1,0,9680
1,652,2,2,0,9681
4,7,3,3,0,9682
3,3781,2,2,0,9683
3,2254,1,1,0,9684
3,1962,5,5,0,9685
1,713,12,12,0,9686
4,215,1,1,0,9687
3,2060,1,1,0,9688
4,129,1,1,0,9689
3,2037,1,1,0,9690
4,4,1,1,0,9691
4,84,3,3,0,9692
4,221,1,1,0,9693
3,2255,1,1,0,9694
3,2256,1,1,0,9695
3,2258,1,1,0,9696
3,3776,3,3,0,9697
3,2118,1,1,0,9698
4,213,1,1,0,9699
3,2120,2,2,0,9700
4,130,1,1,0,9701
3,3782,2,2,0,9702
3,1966,3,3,0,9703
3,2124,2,2,0,9704
3,2252,1,1,0,9705
1,670,1,1,0,9706
3,2250,1,1,0,9707
4,2,1,1,0,9708
3,2058,6,6,0,9709
3,1968,1,1,0,9710
3,2249,1,1,0,9711
4,3,1,1,0,9712
3,2247,1,1,0,9713
1,130,1,1,0,9714
4,132,1,1,0,9715
1,682,1,1,0,9716
3,3775,3,3,0,9717
3,2179,1,1,0,9718
3,2177,1,1,0,9719
1,112,1,1,0,9720
1,116,1,1,0,9721
4,162,1,1,0,9722
1,72,5,5,0,9723
3,2039,1,1,0,9724
4,164,1,1,0,9725
3,2031,1,1,0,9726
3,2181,1,1,0,9727
3,2029,1,1,0,9728
3,2027,1,1,0,9729
3,2184,1,1,0,9730
3,2185,1,1,0,9731
4,139,1,1,0,9732
4,148,1,1,0,9733
3,2152,1,1,0,9734
3,2213,1,1,0,9735
3,2166,1,1,0,9736
3,2162,1,1,0,9737
3,2164,1,1,0,9738
3,2165,1,1,0,9739
4,47,1,1,0,9740
4,144,1,1,0,9741
4,145,3,3,0,9742
3,2038,1,1,0,9743
4,147,1,1,0,9744
3,2167,1,1,0,9745
4,41,2,2,0,9746
3,2036,1,1,0,9747
4,141,1,1,0,9748
3,2171,1,1,0,9749
1,646,1,1,0,9750
1,81,1,1,0,9751
4,166,2,2,0,9752
3,2187,1,1,0,9753
3,2020,1,1,0,9754
4,172,1,1,0,9755
1,640,1,1,0,9756
3,2194,1,1,0,9757
3,2201,4,4,0,9758
4,20,3,3,0,9759
1,64,4,4,0,9760
3,2202,2,2,0,9761
3,2046,3,3,0,9762
4,17,2,2,0,9763
3,2204,1,1,0,9764
3,2206,2,2,0,9765
3,2208,1,1,0,9766
1,54,1,1,0,9767
3,2212,1,1,0,9768
4,32,1,1,0,9769
4,33,1,1,0,9770
3,2024,1,1,0,9771
3,2191,1,1,0,9772
1,65,1,1,0,9773
3,2189,1,1,0,9774
3,2143,1,1,0,9775
4,52,1,1,0,9776
3,2025,1,1,0,9777
1,649,1,1,0,9778
3,2188,1,1,0,9779
4,169,1,1,0,9780
3,2026,1,1,0,9781
4,35,1,1,0,9782
1,645,1,1,0,9783
4,36,1,1,0,9784
3,2148,1,1,0,9785
3,2264,1,1,0,9786
3,3780,1,1,0,9787
3,3774,3,3,0,9788
3,2072,32,32,0,9789
1,26,1,1,0,9790
3,1915,5,5,0,9791
4,92,2,2,0,9792
1,614,1,1,0,9793
3,3736,1,1,0,9794
3,2310,1,1,0,9795
4,110,1,1,0,9796
4,235,1,1,0,9797
3,3730,1,1,0,9798
3,2076,1,1,0,9799
1,18,1,1,0,9800
1,150,1,1,0,9801
1,665,3,3,0,9802
3,3722,3,3,0,9803
3,1920,1,1,0,9804
3,1921,1,1,0,9805
3,1923,2,2,0,9806
3,2304,2,2,0,9807
3,1924,1,1,0,9808
3,2093,1,1,0,9809
3,2301,5,5,0,9810
3,2297,1,1,0,9811
1,616,3,3,0,9812
3,3773,2,2,0,9813
3,2295,1,1,0,9814
3,1928,1,1,0,9815
3,3747,3,3,0,9816
4,117,2,2,0,9817
3,1929,1,1,0,9818
4,237,1,1,0,9819
1,104,1,1,0,9820
3,2077,1,1,0,9821
3,1913,1,1,0,9822
3,1912,1,1,0,9823
3,2079,1,1,0,9824
1,6,1,1,0,9825
4,247,1,1,0,9826
3,2356,1,1,0,9827
1,173,1,1,0,9828
1,172,1,1,0,9829
4,109,4,4,0,9830
3,2352,3,3,0,9831
3,2347,1,1,0,9832
1,169,61,61,0,9833
3,2346,1,1,0,9834
4,108,2,2,0,9835
1,721,1,1,0,9836
1,156,4,4,0,9837
3,3698,1,1,0,9838
3,2338,2,2,0,9839
3,2319,2,2,0,9840
1,720,3,3,0,9841
1,604,1,1,0,9842
1,14,1,1,0,9843
4,240,1,1,0,9844
3,3704,1,1,0,9845
3,3706,1,1,0,9846
3,2323,1,1,0,9847
3,2084,1,1,0,9848
1,606,2,2,0,9849
1,608,2,2,0,9850
1,612,5,5,0,9851
3,2322,1,1,0,9852
3,3710,1,1,0,9853
3,2320,1,1,0,9854
3,2100,1,1,0,9855
3,1925,1,1,0,9856
1,662,2,2,0,9857
3,2290,13,13,0,9858
1,88,1,1,0,9859
1,86,1,1,0,9860
3,2112,1,1,0,9861
1,620,1,1,0,9862
3,2113,1,1,0,9863
3,1936,2,2,0,9864
3,2274,1,1,0,9865
1,138,1,1,0,9866
4,125,3,3,0,9867
3,2115,1,1,0,9868
1,134,4,4,0,9869
3,2271,1,1,0,9870
3,2063,2,2,0,9871
3,3762,7,7,0,9872
1,85,1,1,0,9873
3,2062,1,1,0,9874
4,225,1,1,0,9875
1,632,3,3,0,9876
1,661,1,1,0,9877
3,1937,1,1,0,9878
3,2268,1,1,0,9879
3,2117,1,1,0,9880
4,224,1,1,0,9881
3,3766,1,1,0,9882
1,714,1,1,0,9883
3,2267,2,2,0,9884
4,222,1,1,0,9885
3,3767,1,1,0,9886
3,3772,3,3,0,9887
3,2283,39,39,0,9888
4,142,1,1,0,9889
1,715,1,1,0,9890
3,3758,1,1,0,9891
1,140,1,1,0,9892
3,2107,1,1,0,9893
3,2293,1,1,0,9894
3,3757,1,1,0,9895
1,619,1,1,0,9896
1,139,1,1,0,9897
4,232,1,1,0,9898
4,89,5,5,0,9899
1,90,1,1,0,9900
3,3761,4,4,0,9901
4,119,1,1,0,9902
4,88,1,1,0,9903
1,663,1,1,0,9904
4,234,1,1,0,9905
3,2294,1,1,0,9906
3,1930,5,5,0,9907
3,2292,1,1,0,9908
2,75,5,6,-1,9909
2,1350,1,2,-1,9910
2,1243,2,3,-1,9911
2,1254,3,4,-1,9912
5,1906,2,3,-1,9913
5,2069,4,5,-1,9914
2,1246,1,2,-1,9915
5,2080,2,3,-1,9916
4,729,2,3,-1,9917
1,2198,1,2,-1,9918
5,2321,2,3,-1,9919
2,79,2,3,-1,9920
5,1199,4,5,-1,9921
5,3012,2,3,-1,9922
1,253,4,5,-1,9923
2,71,1,2,-1,9924
1,105,1,2,-1,9925
2,45,2,3,-1,9926
5,1911,3,4,-1,9927
5,1914,3,4,-1,9928
1,1452,4,5,-1,9929
5,3128,1,2,-1,9930
2,68,1,2,-1,9931
2,1332,1,2,-1,9932
1,1902,1,2,-1,9933
1,269,21,22,-1,9934
1,2186,4,5,-1,9935
2,1322,1,2,-1,9936
2,1344,2,3,-1,9937
1,1943,3,4,-1,9938
4,719,5,6,-1,9939
5,2330,1,2,-1,9940
2,1304,2,3,-1,9941
2,1262,1,2,-1,9942
1,1440,1,2,-1,9943
4,695,18,19,-1,9944
2,1324,2,3,-1,9945
3,3202,1,2,-1,9946
2,1251,1,2,-1,9947
2,532,1,2,-1,9948
1,1431,1,2,-1,9949
1,2061,5,6,-1,9950
5,1991,70,71,-1,9951
1,2075,2,3,-1,9952
1,1353,4,5,-1,9953
3,3049,3,4,-1,9954
5,1987,3,4,-1,9955
4,800,1,2,-1,9956
1,2076,1,2,-1,9957
5,3157,1,2,-1,9958
4,230,1,2,-1,9959
5,2973,4,5,-1,9960
2,1529,1,2,-1,9961
1,2080,5,6,-1,9962
2,1527,4,5,-1,9963
1,1369,21,22,-1,9964
5,1980,1,2,-1,9965
3,3064,1,2,-1,9966
3,3072,1,2,-1,9967
5,1029,1,2,-1,9968
2,1504,1,2,-1,9969
5,1031,2,3,-1,9970
1,2081,3,4,-1,9971
5,2976,2,3,-1,9972
2,1492,1,2,-1,9973
4,233,2,3,-1,9974
1,2060,1,2,-1,9975
3,3088,2,3,-1,9976
2,1566,1,2,-1,9977
2,1642,1,2,-1,9978
1,2036,2,3,-1,9979
5,2032,1,2,-1,9980
2,1629,1,2,-1,9981
5,2388,1,2,-1,9982
1,2038,3,4,-1,9983
5,967,2,3,-1,9984
5,2035,2,3,-1,9985
2,1612,1,2,-1,9986
1,340,1,2,-1,9987
1,1346,1,2,-1,9988
4,239,1,2,-1,9989
2,1599,2,3,-1,9990
1,2046,3,4,-1,9991
3,3010,3,4,-1,9992
2,1590,1,2,-1,9993
5,2004,1,2,-1,9994
2,1588,2,3,-1,9995
4,819,1,2,-1,9996
1,2052,1,2,-1,9997
1,331,1,2,-1,9998
2,1571,4,5,-1,9999
1,43,2,3,-1,10000
3,3080,2,3,-1,10001
1,2093,15,16,-1,10002
1,2167,3,4,-1,10003
1,2113,1,2,-1,10004
5,2355,4,5,-1,10005
1,2119,1,2,-1,10006
5,1083,6,7,-1,10007
1,2123,1,2,-1,10008
1,1957,2,3,-1,10009
1,2133,1,2,-1,10010
1,1403,3,4,-1,10011
5,1091,1,2,-1,10012
3,3138,1,2,-1,10013
4,301,1,2,-1,10014
5,1098,1,2,-1,10015
5,1099,1,2,-1,10016
2,1404,1,2,-1,10017
5,3143,2,3,-1,10018
3,3142,1,2,-1,10019
5,1105,4,5,-1,10020
5,2998,5,6,-1,10021
4,163,1,2,-1,10022
3,3177,11,12,-1,10023
1,2163,5,6,-1,10024
4,737,3,4,-1,10025
3,3188,1,2,-1,10026
2,1371,1,2,-1,10027
4,293,1,2,-1,10028
1,2112,1,2,-1,10029
1,49,1,2,-1,10030
5,1078,1,2,-1,10031
1,2096,1,2,-1,10032
5,2979,1,2,-1,10033
1,2098,1,2,-1,10034
5,1050,2,3,-1,10035
2,1472,1,2,-1,10036
1,303,3,4,-1,10037
5,1057,4,5,-1,10038
5,1058,92,93,-1,10039
4,773,1,2,-1,10040
4,772,2,3,-1,10041
5,2982,2,3,-1,10042
4,210,3,4,-1,10043
3,3104,1,2,-1,10044
5,1064,1,2,-1,10045
3,3105,1,2,-1,10046
5,2363,2,3,-1,10047
1,1964,2,3,-1,10048
4,287,1,2,-1,10049
5,1070,1,2,-1,10050
5,1960,1,2,-1,10051
2,1457,3,4,-1,10052
5,3152,1,2,-1,10053
5,1956,3,4,-1,10054
3,3285,3,4,-1,10055
1,1560,2,3,-1,10056
3,3286,1,2,-1,10057
2,770,1,2,-1,10058
5,2132,1,2,-1,10059
5,1474,1,2,-1,10060
2,331,1,2,-1,10061
2,757,1,2,-1,10062
5,1482,1,2,-1,10063
4,555,2,3,-1,10064
2,337,1,2,-1,10065
2,740,1,2,-1,10066
5,1491,1,2,-1,10067
5,2136,1,2,-1,10068
5,3058,1,2,-1,10069
2,727,2,3,-1,10070
1,1809,1,2,-1,10071
3,3554,1,2,-1,10072
2,371,2,3,-1,10073
2,718,1,2,-1,10074
2,716,2,3,-1,10075
2,374,1,2,-1,10076
2,379,1,2,-1,10077
4,543,1,2,-1,10078
2,382,3,4,-1,10079
4,541,1,2,-1,10080
1,1804,1,2,-1,10081
2,390,1,2,-1,10082
5,1508,3,4,-1,10083
5,1510,2,3,-1,10084
1,1803,4,5,-1,10085
5,3055,2,3,-1,10086
2,329,2,3,-1,10087
4,536,1,2,-1,10088
5,1471,2,3,-1,10089
2,833,1,2,-1,10090
5,1428,2,3,-1,10091
4,584,2,3,-1,10092
5,3107,1,2,-1,10093
4,582,1,2,-1,10094
2,825,6,7,-1,10095
2,822,2,3,-1,10096
5,1437,4,5,-1,10097
5,1438,1,2,-1,10098
2,821,9,10,-1,10099
3,3496,1,2,-1,10100
1,1656,1,2,-1,10101
2,283,1,2,-1,10102
2,284,3,4,-1,10103
4,576,1,2,-1,10104
1,1660,3,4,-1,10105
2,817,1,2,-1,10106
5,2122,2,3,-1,10107
5,2124,1,2,-1,10108
1,1817,1,2,-1,10109
5,1744,1,2,-1,10110
3,3786,1,2,-1,10111
3,3514,1,2,-1,10112
3,3784,1,2,-1,10113
5,3103,1,2,-1,10114
1,132,1,2,-1,10115
3,3523,1,2,-1,10116
1,1788,2,3,-1,10117
2,699,4,5,-1,10118
2,80,1,2,-1,10119
2,460,1,2,-1,10120
5,3094,2,3,-1,10121
5,1568,1,2,-1,10122
3,3732,5,6,-1,10123
4,500,4,5,-1,10124
5,1573,1,2,-1,10125
2,472,2,3,-1,10126
4,445,1,2,-1,10127
2,600,1,2,-1,10128
2,478,1,2,-1,10129
5,3092,3,4,-1,10130
1,1750,5,6,-1,10131
3,3711,2,3,-1,10132
1,152,1,2,-1,10133
3,3708,1,2,-1,10134
2,585,3,4,-1,10135
2,499,1,2,-1,10136
1,155,2,3,-1,10137
3,3656,2,3,-1,10138
5,2187,1,2,-1,10139
5,1598,1,2,-1,10140
1,1739,1,2,-1,10141
1,164,1,2,-1,10142
3,3689,1,2,-1,10143
1,1736,1,2,-1,10144
1,1727,3,4,-1,10145
5,3075,1,2,-1,10146
5,2180,1,2,-1,10147
1,1764,2,3,-1,10148
2,452,2,3,-1,10149
1,1786,1,2,-1,10150
4,505,1,2,-1,10151
5,1519,1,2,-1,10152
1,1785,1,2,-1,10153
2,694,1,2,-1,10154
1,1692,1,2,-1,10155
5,1523,1,2,-1,10156
4,528,2,3,-1,10157
4,430,2,3,-1,10158
5,2199,2,3,-1,10159
3,3577,1,2,-1,10160
2,432,2,3,-1,10161
4,519,1,2,-1,10162
4,431,1,2,-1,10163
2,657,1,2,-1,10164
3,3581,1,2,-1,10165
5,2158,5,6,-1,10166
2,655,4,5,-1,10167
1,1769,1,2,-1,10168
1,1766,1,2,-1,10169
5,1544,1,2,-1,10170
3,3750,5,6,-1,10171
2,632,1,2,-1,10172
4,436,3,4,-1,10173
2,620,1,2,-1,10174
5,1559,2,3,-1,10175
5,3066,1,2,-1,10176
4,508,1,2,-1,10177
2,450,1,2,-1,10178
4,586,2,3,-1,10179
2,269,4,5,-1,10180
1,1833,2,3,-1,10181
4,85,3,4,-1,10182
5,3021,4,5,-1,10183
5,1248,167,168,-1,10184
2,1141,4,5,-1,10185
1,1865,1,2,-1,10186
1,106,5,6,-1,10187
5,3022,1,2,-1,10188
1,246,1,2,-1,10189
5,1264,1,2,-1,10190
2,1118,1,2,-1,10191
4,665,1,2,-1,10192
4,81,1,2,-1,10193
2,147,1,2,-1,10194
4,662,1,2,-1,10195
4,63,13,14,-1,10196
2,1102,3,4,-1,10197
2,164,2,3,-1,10198
2,1087,2,3,-1,10199
4,468,1,2,-1,10200
5,1286,6,7,-1,10201
2,165,1,2,-1,10202
2,1081,1,2,-1,10203
2,1074,1,2,-1,10204
2,167,1,2,-1,10205
5,1296,1,2,-1,10206
4,648,1,2,-1,10207
4,647,7,8,-1,10208
4,646,1,2,-1,10209
4,354,1,2,-1,10210
2,1155,1,2,-1,10211
1,121,3,4,-1,10212
2,1156,3,4,-1,10213
4,106,2,3,-1,10214
1,1485,1,2,-1,10215
4,340,1,2,-1,10216
4,103,9,10,-1,10217
2,1209,1,2,-1,10218
2,90,1,2,-1,10219
5,2085,1,2,-1,10220
5,1212,5,6,-1,10221
2,1203,1,2,-1,10222
3,3292,2,3,-1,10223
2,100,1,2,-1,10224
4,345,2,3,-1,10225
2,111,1,2,-1,10226
2,113,1,2,-1,10227
2,1201,2,3,-1,10228
1,1884,4,5,-1,10229
2,116,1,2,-1,10230
5,1858,1,2,-1,10231
1,1499,1,2,-1,10232
5,2301,1,2,-1,10233
1,1508,1,2,-1,10234
4,350,4,5,-1,10235
5,2295,5,6,-1,10236
1,1527,1,2,-1,10237
2,130,1,2,-1,10238
5,1240,1,2,-1,10239
3,3328,6,7,-1,10240
2,174,7,8,-1,10241
2,1046,7,8,-1,10242
2,1039,1,2,-1,10243
2,1037,1,2,-1,10244
2,943,1,2,-1,10245
2,215,2,3,-1,10246
2,940,1,2,-1,10247
4,619,1,2,-1,10248
3,3441,9,10,-1,10249
2,917,2,3,-1,10250
4,379,18,19,-1,10251
4,609,1,2,-1,10252
1,1622,1,2,-1,10253
2,230,3,4,-1,10254
5,1389,4,5,-1,10255
4,380,1,2,-1,10256
5,1392,2,3,-1,10257
5,1789,1,2,-1,10258
5,1395,1,2,-1,10259
5,1398,2,3,-1,10260
3,3461,1,2,-1,10261
1,1632,1,2,-1,10262
2,856,1,2,-1,10263
1,117,1,2,-1,10264
2,246,1,2,-1,10265
3,3465,1,2,-1,10266
4,15,1,2,-1,10267
5,1414,5,6,-1,10268
3,3476,1,2,-1,10269
4,391,2,3,-1,10270
1,223,8,9,-1,10271
2,947,5,6,-1,10272
2,951,2,3,-1,10273
4,38,1,2,-1,10274
1,1593,2,3,-1,10275
2,1036,2,3,-1,10276
3,3382,3,4,-1,10277
3,3383,1,2,-1,10278
5,1821,1,2,-1,10279
5,2262,1,2,-1,10280
1,108,4,5,-1,10281
2,1019,1,2,-1,10282
5,1814,1,2,-1,10283
4,43,2,3,-1,10284
4,635,9,10,-1,10285
1,1588,1,2,-1,10286
4,633,1,2,-1,10287
2,202,1,2,-1,10288
2,952,1,2,-1,10289
2,1002,1,2,-1,10290
2,988,1,2,-1,10291
2,985,1,2,-1,10292
2,983,1,2,-1,10293
2,209,1,2,-1,10294
2,972,1,2,-1,10295
5,1350,2,3,-1,10296
2,962,1,2,-1,10297
5,1352,2,3,-1,10298
5,1353,2,3,-1,10299
5,1357,1,2,-1,10300
3,3440,2,3,-1,10301
3,1906,2,3,-1,10302
5,2394,1,2,-1,10303
1,688,2,3,-1,10304
4,1423,1,2,-1,10305
5,2796,5,6,-1,10306
5,2468,1,2,-1,10307
3,378,1,2,-1,10308
1,857,2,3,-1,10309
1,532,1,2,-1,10310
3,858,1,2,-1,10311
5,274,1,2,-1,10312
3,372,1,2,-1,10313
1,488,1,2,-1,10314
3,366,1,2,-1,10315
3,2445,1,2,-1,10316
5,538,2,3,-1,10317
3,365,2,3,-1,10318
5,678,1,2,-1,10319
3,2690,13,14,-1,10320
3,2447,1,2,-1,10321
3,2332,5,6,-1,10322
1,686,1,2,-1,10323
3,1565,1,2,-1,10324
1,976,1,2,-1,10325
4,1234,2,3,-1,10326
3,2717,1,2,-1,10327
1,980,5,6,-1,10328
1,1023,1,2,-1,10329
4,1380,1,2,-1,10330
5,2615,2,3,-1,10331
1,1019,1,2,-1,10332
4,1576,2,3,-1,10333
3,432,5,6,-1,10334
3,2359,1,2,-1,10335
1,650,5,6,-1,10336
4,1386,1,2,-1,10337
4,1340,1,2,-1,10338
5,2689,4,5,-1,10339
3,1483,1,2,-1,10340
3,2355,1,2,-1,10341
3,415,1,2,-1,10342
3,1482,3,4,-1,10343
3,1053,2,3,-1,10344
4,1413,1,2,-1,10345
5,2471,1,2,-1,10346
1,784,4,5,-1,10347
4,1014,3,4,-1,10348
3,2345,2,3,-1,10349
5,540,1,2,-1,10350
1,1232,1,2,-1,10351
1,981,3,4,-1,10352
5,2469,1,2,-1,10353
4,1235,1,2,-1,10354
4,1158,1,2,-1,10355
4,1332,2,3,-1,10356
1,961,5,6,-1,10357
4,967,1,2,-1,10358
3,1110,3,4,-1,10359
5,396,1,2,-1,10360
3,1982,2,3,-1,10361
1,1255,2,3,-1,10362
5,737,2,3,-1,10363
4,1240,3,4,-1,10364
3,2758,1,2,-1,10365
3,2065,1,2,-1,10366
3,1614,1,2,-1,10367
3,652,1,2,-1,10368
3,2448,1,2,-1,10369
5,2783,4,5,-1,10370
1,427,1,2,-1,10371
4,1541,3,4,-1,10372
1,960,1,2,-1,10373
4,1437,1,2,-1,10374
3,838,2,3,-1,10375
5,2520,1,2,-1,10376
3,2552,1,2,-1,10377
1,1264,1,2,-1,10378
1,1013,1,2,-1,10379
3,2751,1,2,-1,10380
1,1252,1,2,-1,10381
3,2315,1,2,-1,10382
3,2749,1,2,-1,10383
3,327,4,5,-1,10384
3,326,1,2,-1,10385
1,703,4,5,-1,10386
1,704,1,2,-1,10387
1,975,2,3,-1,10388
3,626,1,2,-1,10389
1,1033,1,2,-1,10390
3,851,1,2,-1,10391
3,1756,2,3,-1,10392
3,2729,2,3,-1,10393
5,14,1,2,-1,10394
1,765,1,2,-1,10395
1,460,2,3,-1,10396
3,849,1,2,-1,10397
4,1091,1,2,-1,10398
5,711,5,6,-1,10399
3,848,1,2,-1,10400
1,709,1,2,-1,10401
5,717,1,2,-1,10402
3,2738,2,3,-1,10403
3,2748,1,2,-1,10404
5,2613,1,2,-1,10405
3,1010,3,4,-1,10406
3,2127,1,2,-1,10407
4,1184,1,2,-1,10408
3,920,4,5,-1,10409
3,924,1,2,-1,10410
3,548,1,2,-1,10411
3,2408,11,12,-1,10412
4,1604,1,2,-1,10413
3,925,2,3,-1,10414
3,547,1,2,-1,10415
1,864,2,3,-1,10416
4,1183,18,19,-1,10417
3,545,1,2,-1,10418
3,540,4,5,-1,10419
3,954,2,3,-1,10420
5,372,3,4,-1,10421
5,2832,167,168,-1,10422
3,940,3,4,-1,10423
4,1347,1,2,-1,10424
1,1217,1,2,-1,10425
1,802,1,2,-1,10426
3,530,2,3,-1,10427
3,521,1,2,-1,10428
5,596,1,2,-1,10429
3,2387,1,2,-1,10430
3,2430,2,3,-1,10431
3,2421,1,2,-1,10432
3,560,1,2,-1,10433
3,912,1,2,-1,10434
3,1541,9,10,-1,10435
3,1540,2,3,-1,10436
1,522,1,2,-1,10437
5,552,1,2,-1,10438
3,2616,2,3,-1,10439
3,888,1,2,-1,10440
3,592,4,5,-1,10441
5,2870,6,7,-1,10442
4,1388,2,3,-1,10443
4,1390,2,3,-1,10444
1,1012,1,2,-1,10445
3,896,2,3,-1,10446
1,1205,1,2,-1,10447
1,1206,5,6,-1,10448
3,897,1,2,-1,10449
3,902,2,3,-1,10450
3,1654,1,2,-1,10451
1,1208,4,5,-1,10452
5,574,5,6,-1,10453
3,908,2,3,-1,10454
3,910,5,6,-1,10455
5,330,3,4,-1,10456
5,327,3,4,-1,10457
1,493,2,3,-1,10458
4,1345,1,2,-1,10459
3,1681,1,2,-1,10460
3,2609,3,4,-1,10461
4,1037,2,3,-1,10462
3,2645,2,3,-1,10463
3,473,2,3,-1,10464
5,2683,1,2,-1,10465
3,2373,2,3,-1,10466
5,2880,1,2,-1,10467
1,998,1,2,-1,10468
5,2480,1,2,-1,10469
4,1034,1,2,-1,10470
5,376,1,2,-1,10471
3,1000,6,7,-1,10472
3,2126,1,2,-1,10473
1,996,1,2,-1,10474
3,459,1,2,-1,10475
3,455,1,2,-1,10476
5,2682,1,2,-1,10477
3,2656,9,10,-1,10478
3,445,2,3,-1,10479
1,993,15,16,-1,10480
4,1577,1,2,-1,10481
5,2481,1,2,-1,10482
3,2440,4,5,-1,10483
3,973,3,4,-1,10484
3,477,1,2,-1,10485
3,957,4,5,-1,10486
3,2634,1,2,-1,10487
5,603,1,2,-1,10488
4,1195,2,3,-1,10489
1,685,1,2,-1,10490
5,322,2,3,-1,10491
3,1623,1,2,-1,10492
3,508,11,12,-1,10493
5,2824,1,2,-1,10494
4,1043,1,2,-1,10495
3,1677,1,2,-1,10496
1,1221,3,4,-1,10497
3,960,3,4,-1,10498
1,592,1,2,-1,10499
3,2377,1,2,-1,10500
3,487,1,2,-1,10501
3,966,14,15,-1,10502
5,2482,1,2,-1,10503
5,615,2,3,-1,10504
3,2644,1,2,-1,10505
5,548,1,2,-1,10506
5,746,1,2,-1,10507
5,237,1,2,-1,10508
4,1154,4,5,-1,10509
5,887,1,2,-1,10510
3,2526,1,2,-1,10511
3,1242,1,2,-1,10512
1,733,2,3,-1,10513
3,2910,3,4,-1,10514
3,1850,5,6,-1,10515
4,1499,18,19,-1,10516
5,884,1,2,-1,10517
5,885,1,2,-1,10518
3,1919,1,2,-1,10519
2,1728,1,2,-1,10520
4,1312,1,2,-1,10521
5,2941,1,2,-1,10522
3,1914,2,3,-1,10523
1,669,1,2,-1,10524
3,1392,2,3,-1,10525
3,734,1,2,-1,10526
5,896,1,2,-1,10527
1,1067,3,4,-1,10528
5,897,1,2,-1,10529
3,744,1,2,-1,10530
3,1277,11,12,-1,10531
5,898,1,2,-1,10532
5,2654,1,2,-1,10533
5,2415,2,3,-1,10534
1,936,2,3,-1,10535
1,938,3,4,-1,10536
4,1439,9,10,-1,10537
4,889,3,4,-1,10538
3,817,1,2,-1,10539
3,2265,2,3,-1,10540
5,857,1,2,-1,10541
5,860,1,2,-1,10542
3,19,1,2,-1,10543
1,1063,5,6,-1,10544
1,946,3,4,-1,10545
4,885,1,2,-1,10546
3,14,2,3,-1,10547
5,420,1,2,-1,10548
4,1272,1,2,-1,10549
3,1596,1,2,-1,10550
5,2648,1,2,-1,10551
1,843,3,4,-1,10552
3,7,3,4,-1,10553
3,2900,6,7,-1,10554
3,6,2,3,-1,10555
5,2848,1,2,-1,10556
3,1238,1,2,-1,10557
1,666,1,2,-1,10558
5,2413,3,4,-1,10559
5,2412,2,3,-1,10560
2,1689,1,2,-1,10561
3,1886,1,2,-1,10562
1,556,1,2,-1,10563
1,352,4,5,-1,10564
5,2397,5,6,-1,10565
3,1302,1,2,-1,10566
5,2667,6,7,-1,10567
4,847,2,3,-1,10568
5,936,1,2,-1,10569
3,2227,4,5,-1,10570
3,1561,1,2,-1,10571
1,560,3,4,-1,10572
5,2662,1,2,-1,10573
1,1086,4,5,-1,10574
3,2226,1,2,-1,10575
5,2551,2,3,-1,10576
4,842,1,2,-1,10577
1,639,1,2,-1,10578
3,1907,3,4,-1,10579
5,451,2,3,-1,10580
3,2492,4,5,-1,10581
5,448,1,2,-1,10582
4,1304,4,5,-1,10583
3,1385,3,4,-1,10584
4,867,13,14,-1,10585
3,1884,1,2,-1,10586
4,1466,1,2,-1,10587
1,636,1,2,-1,10588
1,1323,8,9,-1,10589
3,745,2,3,-1,10590
1,1098,1,2,-1,10591
3,2953,2,3,-1,10592
3,790,13,14,-1,10593
2,1705,1,2,-1,10594
4,1359,2,3,-1,10595
3,1576,1,2,-1,10596
4,1469,1,2,-1,10597
2,1697,6,7,-1,10598
3,2104,2,3,-1,10599
1,664,2,3,-1,10600
3,1288,1,2,-1,10601
3,756,9,10,-1,10602
2,1694,2,3,-1,10603
2,1693,9,10,-1,10604
4,1309,1,2,-1,10605
5,160,1,2,-1,10606
3,1386,1,2,-1,10607
3,2266,1,2,-1,10608
5,854,1,2,-1,10609
3,1832,5,6,-1,10610
3,1188,2,3,-1,10611
4,1105,1,2,-1,10612
3,2802,2,3,-1,10613
3,1180,2,3,-1,10614
1,399,1,2,-1,10615
5,779,2,3,-1,10616
5,2441,1,2,-1,10617
5,407,70,71,-1,10618
3,2808,2,3,-1,10619
3,709,3,4,-1,10620
3,2810,5,6,-1,10621
3,2812,1,2,-1,10622
5,2675,1,2,-1,10623
3,2820,4,5,-1,10624
4,1523,5,6,-1,10625
3,165,1,2,-1,10626
1,385,1,2,-1,10627
5,2438,1,2,-1,10628
1,627,3,4,-1,10629
3,2278,1,2,-1,10630
3,714,4,5,-1,10631
3,2272,1,2,-1,10632
3,2873,3,4,-1,10633
5,496,2,3,-1,10634
3,1172,1,2,-1,10635
3,1935,1,2,-1,10636
3,1789,1,2,-1,10637
4,1533,2,3,-1,10638
3,227,1,2,-1,10639
3,226,1,2,-1,10640
3,1149,3,4,-1,10641
3,2788,1,2,-1,10642
1,408,1,2,-1,10643
3,2460,1,2,-1,10644
4,1097,1,2,-1,10645
5,403,3,4,-1,10646
5,501,1,2,-1,10647
4,1149,2,3,-1,10648
3,1164,1,2,-1,10649
3,2796,2,3,-1,10650
4,1249,1,2,-1,10651
3,2797,1,2,-1,10652
5,230,1,2,-1,10653
3,204,2,3,-1,10654
5,2634,2,3,-1,10655
4,1323,1,2,-1,10656
1,952,1,2,-1,10657
5,2444,1,2,-1,10658
5,771,4,5,-1,10659
3,2824,1,2,-1,10660
5,2934,2,3,-1,10661
5,828,2,3,-1,10662
3,82,2,3,-1,10663
5,2642,92,93,-1,10664
4,907,9,10,-1,10665
3,2825,2,3,-1,10666
5,829,3,4,-1,10667
5,831,2,3,-1,10668
5,485,4,5,-1,10669
3,2854,2,3,-1,10670
3,2857,4,5,-1,10671
3,1205,1,2,-1,10672
3,2860,3,4,-1,10673
3,1204,1,2,-1,10674
1,1149,1,2,-1,10675
3,1428,6,7,-1,10676
1,1143,2,3,-1,10677
3,2866,14,15,-1,10678
3,1811,2,3,-1,10679
4,1451,7,8,-1,10680
3,35,1,2,-1,10681
3,32,1,2,-1,10682
4,1452,1,2,-1,10683
4,910,2,3,-1,10684
3,2614,4,5,-1,10685
3,716,2,3,-1,10686
5,2936,2,3,-1,10687
5,205,1,2,-1,10688
4,1144,1,2,-1,10689
5,804,1,2,-1,10690
3,829,2,3,-1,10691
3,1932,1,2,-1,10692
5,2937,2,3,-1,10693
3,1808,1,2,-1,10694
5,2641,4,5,-1,10695
1,717,1,2,-1,10696
4,1450,1,2,-1,10697
5,810,1,2,-1,10698
5,813,5,6,-1,10699
3,2840,3,4,-1,10700
2,669,2,4,-2,10701
5,2790,3,5,-2,10702
3,812,11,13,-2,10703
3,3576,1,3,-2,10704
2,675,26,28,-2,10705
2,712,6,8,-2,10706
3,818,1,3,-2,10707
5,1512,1,3,-2,10708
3,2469,4,6,-2,10709
4,86,2,4,-2,10710
2,744,1,3,-2,10711
3,2095,4,6,-2,10712
1,1065,3,5,-2,10713
5,2204,1,3,-2,10714
5,406,1,3,-2,10715
5,2836,3,5,-2,10716
2,658,1,3,-2,10717
3,3569,17,19,-2,10718
2,1648,1,3,-2,10719
3,3596,1,3,-2,10720
5,1705,6,8,-2,10721
4,409,5,7,-2,10722
5,1800,3,5,-2,10723
3,3779,1,3,-2,10724
3,3777,4,6,-2,10725
3,1213,8,10,-2,10726
5,1718,1,3,-2,10727
2,346,2,4,-2,10728
2,348,2,4,-2,10729
3,1207,1,3,-2,10730
2,363,2,4,-2,10731
2,368,1,3,-2,10732
5,1704,1,3,-2,10733
4,433,2,4,-2,10734
5,2640,1,3,-2,10735
1,882,3,5,-2,10736
3,1442,1,3,-2,10737
5,210,2,4,-2,10738
5,2142,2,4,-2,10739
1,1791,2,4,-2,10740
5,216,3,5,-2,10741
5,2636,1,3,-2,10742
3,1177,1,3,-2,10743
4,1251,1,3,-2,10744
3,2168,7,9,-2,10745
4,1274,1,3,-2,10746
2,322,2,4,-2,10747
1,922,4,6,-2,10748
2,219,3,5,-2,10749
2,252,1,3,-2,10750
3,1343,8,10,-2,10751
5,134,1,3,-2,10752
5,2110,4,6,-2,10753
1,910,1,3,-2,10754
2,264,2,4,-2,10755
2,265,3,5,-2,10756
4,1302,1,3,-2,10757
2,268,1,3,-2,10758
1,127,2,4,-2,10759
3,2246,2,4,-2,10760
3,2248,7,9,-2,10761
4,381,7,9,-2,10762
5,121,6,8,-2,10763
5,1794,2,4,-2,10764
2,303,1,3,-2,10765
1,916,1,3,-2,10766
5,2125,1,3,-2,10767
2,232,1,3,-2,10768
1,634,2,4,-2,10769
5,120,1,3,-2,10770
2,314,1,3,-2,10771
5,2127,1,3,-2,10772
5,1676,4,6,-2,10773
2,442,9,11,-2,10774
5,1550,1,3,-2,10775
3,3659,5,7,-2,10776
2,169,1,3,-2,10777
3,3695,3,5,-2,10778
1,177,1,3,-2,10779
3,1493,1,3,-2,10780
4,1213,5,7,-2,10781
1,1734,2,4,-2,10782
4,470,1,3,-2,10783
5,2181,1,3,-2,10784
2,157,1,3,-2,10785
1,184,1,3,-2,10786
4,78,3,5,-2,10787
5,1587,2,4,-2,10788
1,1848,4,6,-2,10789
5,326,2,4,-2,10790
5,1578,2,4,-2,10791
1,188,1,3,-2,10792
4,498,1,3,-2,10793
4,1185,7,9,-2,10794
5,1841,1,3,-2,10795
5,352,2,4,-2,10796
4,1173,1,3,-2,10797
2,139,1,3,-2,10798
3,890,1,3,-2,10799
2,633,3,5,-2,10800
3,1481,1,3,-2,10801
3,1062,2,4,-2,10802
1,154,34,36,-2,10803
3,3701,5,7,-2,10804
3,1151,21,23,-2,10805
1,955,2,4,-2,10806
5,236,1,3,-2,10807
5,2811,22,24,-2,10808
3,1124,3,5,-2,10809
5,3096,1,3,-2,10810
2,461,5,7,-2,10811
3,2159,5,7,-2,10812
5,92,4,6,-2,10813
2,185,1,3,-2,10814
3,3734,12,14,-2,10815
4,1237,2,4,-2,10816
2,473,3,5,-2,10817
3,1105,4,6,-2,10818
4,369,1,3,-2,10819
3,2156,7,9,-2,10820
5,1820,1,3,-2,10821
5,257,1,3,-2,10822
4,447,1,3,-2,10823
2,480,2,4,-2,10824
3,2321,8,10,-2,10825
4,51,3,5,-2,10826
3,1066,2,4,-2,10827
2,112,1,3,-2,10828
5,3,2,4,-2,10829
2,764,3,5,-2,10830
2,1314,9,11,-2,10831
4,721,1,3,-2,10832
2,1333,5,7,-2,10833
1,402,1,3,-2,10834
3,2790,1,3,-2,10835
4,718,2,4,-2,10836
1,748,4,6,-2,10837
5,745,1,3,-2,10838
2,1137,3,5,-2,10839
4,712,3,5,-2,10840
5,2329,1,3,-2,10841
1,1460,3,5,-2,10842
3,256,7,9,-2,10843
3,259,5,7,-2,10844
1,259,5,7,-2,10845
3,1795,3,5,-2,10846
5,764,2,4,-2,10847
2,1345,3,5,-2,10848
5,2446,1,3,-2,10849
1,1277,1,3,-2,10850
2,1352,2,4,-2,10851
1,1434,1,3,-2,10852
3,195,4,6,-2,10853
5,777,1,3,-2,10854
1,1284,1,3,-2,10855
4,1525,1,3,-2,10856
1,281,3,5,-2,10857
4,1522,2,4,-2,10858
3,161,1,3,-2,10859
5,2437,1,3,-2,10860
3,1801,5,7,-2,10861
1,1288,1,3,-2,10862
3,3243,8,10,-2,10863
4,1434,2,4,-2,10864
3,268,7,9,-2,10865
3,348,7,9,-2,10866
5,1252,3,5,-2,10867
1,68,1,3,-2,10868
2,1140,1,3,-2,10869
5,1936,2,4,-2,10870
1,490,9,11,-2,10871
3,3342,1,3,-2,10872
5,2291,5,7,-2,10873
3,2022,7,9,-2,10874
2,109,2,4,-2,10875
4,1422,1,3,-2,10876
2,1186,1,3,-2,10877
5,1227,22,24,-2,10878
1,1502,1,3,-2,10879
2,1194,2,4,-2,10880
3,2712,11,13,-2,10881
1,1254,34,36,-2,10882
3,346,2,4,-2,10883
4,687,19,21,-2,10884
3,2718,1,3,-2,10885
1,691,2,4,-2,10886
5,1206,3,5,-2,10887
5,696,1,3,-2,10888
2,1218,2,4,-2,10889
5,707,5,7,-2,10890
5,1198,3,5,-2,10891
2,1220,2,4,-2,10892
3,1759,5,7,-2,10893
2,1235,2,4,-2,10894
2,1240,1,3,-2,10895
4,1432,1,3,-2,10896
5,2348,2,4,-2,10897
3,144,12,14,-2,10898
4,1516,3,5,-2,10899
3,3005,4,6,-2,10900
2,1547,26,28,-2,10901
4,1491,19,21,-2,10902
5,2410,1,3,-2,10903
3,1877,4,6,-2,10904
5,2966,1,3,-2,10905
3,1879,1,3,-2,10906
3,3024,3,5,-2,10907
1,334,1,3,-2,10908
5,2961,1,3,-2,10909
5,2960,1,3,-2,10910
5,919,5,7,-2,10911
2,1584,6,8,-2,10912
4,855,3,5,-2,10913
5,927,2,4,-2,10914
1,360,3,5,-2,10915
4,802,1,3,-2,10916
4,243,2,4,-2,10917
3,2962,2,4,-2,10918
3,2966,2,4,-2,10919
1,1339,3,5,-2,10920
5,965,5,7,-2,10921
2,1616,1,3,-2,10922
1,2022,4,6,-2,10923
1,2016,1,3,-2,10924
4,255,4,6,-2,10925
2,1660,8,10,-2,10926
2,1636,3,5,-2,10927
1,2010,1,3,-2,10928
5,948,1,3,-2,10929
2,1643,1,3,-2,10930
2,1541,2,4,-2,10931
3,3051,21,23,-2,10932
1,1982,3,5,-2,10933
4,780,7,9,-2,10934
1,292,4,6,-2,10935
3,122,7,9,-2,10936
5,826,1,3,-2,10937
3,3113,8,10,-2,10938
5,2361,1,3,-2,10939
3,3107,1,3,-2,10940
4,898,1,3,-2,10941
5,1990,1,3,-2,10942
4,890,2,4,-2,10943
5,1056,1,3,-2,10944
5,853,1,3,-2,10945
5,1052,1,3,-2,10946
3,1834,12,14,-2,10947
5,862,1,3,-2,10948
1,1392,4,6,-2,10949
5,3162,2,4,-2,10950
4,1454,1,3,-2,10951
4,882,3,5,-2,10952
4,236,1,3,-2,10953
5,2945,1,3,-2,10954
3,3077,1,3,-2,10955
5,2946,1,3,-2,10956
1,2055,2,4,-2,10957
2,1736,3,5,-2,10958
2,1734,6,8,-2,10959
1,1381,3,5,-2,10960
2,1505,3,5,-2,10961
2,1530,1,3,-2,10962
1,1359,5,7,-2,10963
4,264,1,3,-2,10964
3,421,8,10,-2,10965
2,1175,1,3,-2,10966
2,1136,2,4,-2,10967
2,932,9,11,-2,10968
1,533,3,5,-2,10969
5,2511,2,4,-2,10970
5,2782,3,5,-2,10971
4,1385,4,6,-2,10972
5,541,1,3,-2,10973
5,543,1,3,-2,10974
4,607,6,8,-2,10975
3,2608,3,5,-2,10976
3,596,1,3,-2,10977
5,1382,1,3,-2,10978
1,1609,4,6,-2,10979
5,1377,1,3,-2,10980
5,1376,1,3,-2,10981
4,618,1,3,-2,10982
2,864,3,5,-2,10983
2,248,1,3,-2,10984
4,1068,1,3,-2,10985
5,558,2,4,-2,10986
5,2503,5,7,-2,10987
4,1411,6,8,-2,10988
5,1361,1,3,-2,10989
1,84,1,3,-2,10990
5,3134,1,3,-2,10991
1,239,3,5,-2,10992
3,2061,1,3,-2,10993
3,569,4,6,-2,10994
5,2873,1,3,-2,10995
4,1059,4,6,-2,10996
2,60,9,11,-2,10997
2,862,6,8,-2,10998
1,2196,18,20,-2,10999
5,1440,5,7,-2,11000
3,2496,1,3,-2,11001
5,2549,5,7,-2,11002
2,771,1,3,-2,11003
2,776,1,3,-2,11004
3,761,8,10,-2,11005
1,1096,18,20,-2,11006
2,788,8,10,-2,11007
4,94,1,3,-2,11008
3,3503,10,12,-2,11009
3,732,1,3,-2,11010
3,726,1,3,-2,11011
3,725,1,3,-2,11012
3,722,1,3,-2,11013
5,2532,1,3,-2,11014
1,1184,1,3,-2,11015
4,581,4,6,-2,11016
1,1893,10,12,-2,11017
3,708,3,5,-2,11018
3,2545,1,3,-2,11019
1,1645,1,3,-2,11020
3,1603,10,12,-2,11021
1,545,1,3,-2,11022
1,1636,2,4,-2,11023
1,1168,1,3,-2,11024
1,1633,3,5,-2,11025
3,645,1,3,-2,11026
5,526,4,6,-2,11027
1,536,2,4,-2,11028
2,981,2,4,-2,11029
5,1362,1,3,-2,11030
2,984,1,3,-2,11031
2,1011,1,3,-2,11032
3,3393,1,3,-2,11033
5,597,1,3,-2,11034
2,1029,1,3,-2,11035
3,2632,1,3,-2,11036
1,1218,2,4,-2,11037
4,1047,2,4,-2,11038
3,2044,12,14,-2,11039
2,1041,1,3,-2,11040
3,1676,1,3,-2,11041
2,1057,1,3,-2,11042
4,650,1,3,-2,11043
4,1040,1,3,-2,11044
4,1584,7,9,-2,11045
5,1289,1,3,-2,11046
5,620,1,3,-2,11047
1,2165,3,5,-2,11048
3,1696,1,3,-2,11049
2,1091,3,5,-2,11050
1,1227,2,4,-2,11051
2,1104,1,3,-2,11052
5,2280,1,3,-2,11053
2,1120,1,3,-2,11054
3,2661,8,10,-2,11055
2,1124,1,3,-2,11056
5,3024,5,7,-2,11057
3,1669,17,19,-2,11058
3,3381,1,3,-2,11059
1,118,2,4,-2,11060
4,1606,1,3,-2,11061
3,2622,1,3,-2,11062
3,2626,1,3,-2,11063
5,1910,2,4,-2,11064
4,628,1,3,-2,11065
1,793,10,12,-2,11066
3,2625,1,3,-2,11067
1,509,4,6,-2,11068
4,630,2,4,-2,11069
1,1590,9,11,-2,11070
5,64,2,5,-3,11071
3,2094,1,4,-3,11072
4,55,25,28,-3,11073
1,834,1,4,-3,11074
4,1420,1,4,-3,11075
4,259,6,9,-3,11076
5,1792,1,4,-3,11077
4,1377,1,4,-3,11078
4,160,1,4,-3,11079
1,1888,1,4,-3,11080
1,780,5,8,-3,11081
5,1790,2,5,-3,11082
4,1375,1,4,-3,11083
1,77,2,5,-3,11084
3,1908,1,4,-3,11085
4,1417,1,4,-3,11086
4,1416,1,4,-3,11087
4,1372,1,4,-3,11088
1,1934,1,4,-3,11089
3,2088,1,4,-3,11090
4,347,3,6,-3,11091
4,1412,1,4,-3,11092
3,1697,5,8,-3,11093
2,208,1,4,-3,11094
3,1698,1,4,-3,11095
4,91,3,6,-3,11096
3,1956,1,4,-3,11097
3,2092,2,5,-3,11098
3,1910,6,9,-3,11099
3,1634,16,19,-3,11100
5,2009,3,6,-3,11101
1,2059,1,4,-3,11102
1,801,1,4,-3,11103
4,352,3,6,-3,11104
3,1767,1,4,-3,11105
4,1517,1,4,-3,11106
5,2798,2,5,-3,11107
1,684,3,6,-3,11108
3,1762,1,4,-3,11109
5,1965,1,4,-3,11110
3,1407,2,5,-3,11111
2,129,6,9,-3,11112
3,1465,1,4,-3,11113
2,217,1,4,-3,11114
4,1590,2,5,-3,11115
1,1901,1,4,-3,11116
4,212,2,5,-3,11117
1,2122,2,5,-3,11118
5,3154,5,8,-3,11119
5,2685,8,11,-3,11120
5,2780,1,4,-3,11121
4,349,1,4,-3,11122
3,1678,1,4,-3,11123
4,277,5,8,-3,11124
1,51,5,8,-3,11125
3,1617,5,8,-3,11126
4,1527,1,4,-3,11127
1,1880,5,8,-3,11128
3,1797,2,5,-3,11129
2,121,1,4,-3,11130
5,22,15,18,-3,11131
1,788,1,4,-3,11132
2,211,1,4,-3,11133
3,781,1,4,-3,11134
5,1777,4,7,-3,11135
3,2681,1,4,-3,11136
2,1089,1,4,-3,11137
3,3365,1,4,-3,11138
1,494,3,6,-3,11139
3,443,2,5,-3,11140
3,440,1,4,-3,11141
3,2662,4,7,-3,11142
1,492,6,9,-3,11143
5,649,5,8,-3,11144
5,2472,7,10,-3,11145
4,1016,2,5,-3,11146
3,2677,3,6,-3,11147
5,2288,3,6,-3,11148
5,1287,4,7,-3,11149
2,1173,5,8,-3,11150
1,1525,6,9,-3,11151
5,666,1,4,-3,11152
3,2682,1,4,-3,11153
3,3307,2,5,-3,11154
5,1214,2,5,-3,11155
5,689,1,4,-3,11156
5,2466,14,17,-3,11157
3,324,1,4,-3,11158
5,704,3,6,-3,11159
5,1196,1,4,-3,11160
5,2273,1,4,-3,11161
2,1083,1,4,-3,11162
3,608,6,9,-3,11163
5,567,3,6,-3,11164
4,608,1,4,-3,11165
4,612,1,4,-3,11166
4,613,1,4,-3,11167
5,2509,15,18,-3,11168
5,2508,1,4,-3,11169
4,616,1,4,-3,11170
5,2250,1,4,-3,11171
4,1063,6,9,-3,11172
5,1358,3,6,-3,11173
1,1603,23,26,-3,11174
3,2224,1,4,-3,11175
5,572,7,10,-3,11176
2,1080,1,4,-3,11177
1,1601,17,20,-3,11178
2,993,1,4,-3,11179
1,1594,3,6,-3,11180
2,1001,6,9,-3,11181
3,542,8,11,-3,11182
1,1592,6,9,-3,11183
5,591,1,4,-3,11184
1,503,23,26,-3,11185
5,3029,31,34,-3,11186
3,2635,1,4,-3,11187
1,501,17,20,-3,11188
2,1228,1,4,-3,11189
1,1484,3,6,-3,11190
4,964,1,4,-3,11191
3,2943,2,5,-3,11192
3,8,1,4,-3,11193
4,786,2,5,-3,11194
3,2909,10,13,-3,11195
1,1316,1,4,-3,11196
2,1520,18,21,-3,11197
5,882,14,17,-3,11198
5,2974,9,12,-3,11199
5,888,7,10,-3,11200
3,2936,1,4,-3,11201
4,804,5,8,-3,11202
1,321,1,4,-3,11203
3,2948,1,4,-3,11204
2,1288,6,9,-3,11205
4,859,25,28,-3,11206
2,1698,1,4,-3,11207
5,924,1,4,-3,11208
5,925,15,18,-3,11209
5,975,6,9,-3,11210
3,2991,4,7,-3,11211
5,940,1,4,-3,11212
2,1619,2,5,-3,11213
2,1662,1,4,-3,11214
1,350,3,6,-3,11215
5,2393,4,7,-3,11216
3,10,6,9,-3,11217
5,2942,3,6,-3,11218
3,2874,1,4,-3,11219
5,848,4,7,-3,11220
4,713,1,4,-3,11221
1,425,6,9,-3,11222
2,1317,10,13,-3,11223
1,1450,3,6,-3,11224
2,1334,1,4,-3,11225
5,3004,1,4,-3,11226
4,723,1,4,-3,11227
2,1348,5,8,-3,11228
3,194,1,4,-3,11229
3,192,2,5,-3,11230
3,188,1,4,-3,11231
1,1421,1,4,-3,11232
1,384,3,6,-3,11233
3,3145,2,5,-3,11234
5,1101,8,11,-3,11235
2,1405,1,4,-3,11236
5,2432,4,7,-3,11237
5,2993,1,4,-3,11238
2,1418,1,4,-3,11239
5,809,4,7,-3,11240
3,56,1,4,-3,11241
5,1065,6,9,-3,11242
4,895,3,6,-3,11243
5,1390,9,12,-3,11244
5,2871,4,7,-3,11245
5,2025,8,11,-3,11246
3,3662,1,4,-3,11247
3,1036,1,4,-3,11248
5,2649,6,9,-3,11249
3,1009,10,13,-3,11250
5,1606,15,18,-3,11251
2,546,1,4,-3,11252
3,3667,1,4,-3,11253
3,1245,2,5,-3,11254
1,594,1,4,-3,11255
4,1081,5,8,-3,11256
4,0,5,8,-3,11257
3,974,1,4,-3,11258
3,3578,1,4,-3,11259
1,2012,2,5,-3,11260
5,1570,5,8,-3,11261
1,575,1,4,-3,11262
1,574,1,4,-3,11263
5,1743,3,6,-3,11264
5,1746,4,7,-3,11265
3,3598,1,4,-3,11266
3,3597,5,8,-3,11267
2,648,18,21,-3,11268
1,1784,3,6,-3,11269
2,533,1,4,-3,11270
3,1043,2,5,-3,11271
3,1048,1,4,-3,11272
3,3697,2,5,-3,11273
2,416,6,9,-3,11274
5,2156,7,10,-3,11275
4,432,1,4,-3,11276
2,445,10,13,-3,11277
1,959,1,4,-3,11278
2,462,1,4,-3,11279
5,208,1,4,-3,11280
5,206,2,5,-3,11281
4,438,4,7,-3,11282
4,420,4,7,-3,11283
2,356,1,4,-3,11284
4,1242,4,7,-3,11285
2,476,5,8,-3,11286
4,1236,1,4,-3,11287
5,1648,2,5,-3,11288
3,1091,4,7,-3,11289
4,1224,4,7,-3,11290
5,193,4,7,-3,11291
3,2340,1,4,-3,11292
5,2175,1,4,-3,11293
3,2343,2,5,-3,11294
1,1694,1,4,-3,11295
5,2151,3,6,-3,11296
1,1022,2,5,-3,11297
2,773,23,26,-3,11298
5,381,1,4,-3,11299
3,2508,6,9,-3,11300
5,162,4,7,-3,11301
2,790,1,4,-3,11302
4,568,1,4,-3,11303
3,735,1,4,-3,11304
5,159,3,6,-3,11305
4,571,1,4,-3,11306
4,573,1,4,-3,11307
3,2532,3,6,-3,11308
5,1445,31,34,-3,11309
1,216,1,4,-3,11310
1,1151,5,8,-3,11311
2,826,1,4,-3,11312
5,2524,1,4,-3,11313
5,1420,1,4,-3,11314
1,912,2,5,-3,11315
1,1177,2,5,-3,11316
5,2233,5,8,-3,11317
5,1409,1,4,-3,11318
3,632,3,6,-3,11319
3,762,4,7,-3,11320
3,3517,5,8,-3,11321
1,1674,1,4,-3,11322
5,2559,6,9,-3,11323
3,782,1,4,-3,11324
5,1752,1,4,-3,11325
2,301,5,8,-3,11326
3,3534,16,19,-3,11327
5,425,3,6,-3,11328
2,1645,23,26,-3,11329
5,168,1,4,-3,11330
5,441,8,11,-3,11331
2,747,2,5,-3,11332
4,1151,3,6,-3,11333
3,777,3,6,-3,11334
4,1153,1,4,-3,11335
4,1156,3,6,-3,11336
1,1675,1,4,-3,11337
3,2442,8,11,-3,11338
5,2114,83,87,-4,11339
1,1819,2,6,-4,11340
1,723,3,7,-4,11341
1,913,4,8,-4,11342
5,2117,19,23,-4,11343
1,719,2,6,-4,11344
1,131,7,11,-4,11345
1,367,5,9,-4,11346
1,1823,3,7,-4,11347
5,2134,1,5,-4,11348
1,1329,1,5,-4,11349
1,229,1,5,-4,11350
5,2354,6,10,-4,11351
5,2038,1,5,-4,11352
1,1169,2,6,-4,11353
5,2522,3,7,-4,11354
5,2530,2,6,-4,11355
5,2702,3,7,-4,11356
1,1209,2,6,-4,11357
5,2777,2,6,-4,11358
5,2484,33,37,-4,11359
1,1552,3,7,-4,11360
1,1081,1,5,-4,11361
1,1231,7,11,-4,11362
1,69,2,6,-4,11363
1,1539,1,5,-4,11364
1,1510,2,6,-4,11365
5,2307,2,6,-4,11366
1,1702,1,5,-4,11367
1,452,3,7,-4,11368
5,2908,4,8,-4,11369
5,2320,1,5,-4,11370
1,1467,5,9,-4,11371
5,2327,3,7,-4,11372
1,410,2,6,-4,11373
1,602,1,5,-4,11374
5,2439,1,5,-4,11375
5,2992,2,6,-4,11376
1,109,2,6,-4,11377
1,439,1,5,-4,11378
4,252,1,5,-4,11379
3,826,6,10,-4,11380
3,1341,4,8,-4,11381
3,3241,4,8,-4,11382
3,3227,4,8,-4,11383
2,488,14,18,-4,11384
5,770,6,10,-4,11385
3,3179,12,16,-4,11386
2,535,1,5,-4,11387
2,584,2,6,-4,11388
3,1680,2,6,-4,11389
3,3055,11,15,-4,11390
3,1691,3,7,-4,11391
3,1723,2,6,-4,11392
3,1741,2,6,-4,11393
3,3044,2,6,-4,11394
4,814,3,7,-4,11395
5,855,1,5,-4,11396
2,1737,4,8,-4,11397
5,900,33,37,-4,11398
2,778,1,5,-4,11399
3,2959,1,5,-4,11400
4,708,1,5,-4,11401
3,1579,1,5,-4,11402
3,3262,15,19,-4,11403
2,370,1,5,-4,11404
3,467,19,23,-4,11405
2,302,2,6,-4,11406
3,463,10,14,-4,11407
3,1406,7,11,-4,11408
3,3479,1,5,-4,11409
2,332,3,7,-4,11410
3,3456,3,7,-4,11411
3,351,1,5,-4,11412
3,3452,4,8,-4,11413
2,446,4,8,-4,11414
3,1552,4,8,-4,11415
4,644,1,5,-4,11416
5,723,2,6,-4,11417
3,1556,3,7,-4,11418
5,736,1,5,-4,11419
3,3306,7,11,-4,11420
5,743,3,7,-4,11421
2,435,5,9,-4,11422
4,852,1,5,-4,11423
3,1782,2,6,-4,11424
4,1512,1,5,-4,11425
5,1118,3,7,-4,11426
3,2590,5,9,-4,11427
2,1407,1,5,-4,11428
4,1315,1,5,-4,11429
4,1107,4,8,-4,11430
2,1387,1,5,-4,11431
2,1174,2,6,-4,11432
4,1112,3,7,-4,11433
3,2251,1,5,-4,11434
2,1360,14,18,-4,11435
3,2593,78,82,-4,11436
4,1228,3,7,-4,11437
2,1204,3,7,-4,11438
5,1193,2,6,-4,11439
2,1242,1,5,-4,11440
2,1318,4,8,-4,11441
2,1307,5,9,-4,11442
4,1203,1,5,-4,11443
3,2367,19,23,-4,11444
4,1336,8,12,-4,11445
4,1056,1,5,-4,11446
3,2957,1,5,-4,11447
4,1448,1,5,-4,11448
3,2913,9,13,-4,11449
3,2888,3,7,-4,11450
5,938,3,7,-4,11451
5,1408,2,6,-4,11452
5,946,2,6,-4,11453
3,2794,1,5,-4,11454
2,865,4,8,-4,11455
2,1650,1,5,-4,11456
2,931,11,15,-4,11457
3,2627,2,6,-4,11458
4,978,1,5,-4,11459
3,2735,2,6,-4,11460
5,1324,4,8,-4,11461
3,2734,5,9,-4,11462
2,1031,11,15,-4,11463
3,2726,6,10,-4,11464
2,1456,2,6,-4,11465
3,2649,3,7,-4,11466
3,1362,15,19,-4,11467
2,515,1,5,-4,11468
4,10,3,7,-4,11469
2,159,11,15,-4,11470
5,550,1,5,-4,11471
3,1155,11,15,-4,11472
5,533,19,23,-4,11473
5,530,83,87,-4,11474
4,424,3,7,-4,11475
2,59,11,15,-4,11476
4,399,1,5,-4,11477
3,1144,2,6,-4,11478
5,1904,1,5,-4,11479
3,690,5,9,-4,11480
3,693,78,82,-4,11481
5,254,1,5,-4,11482
3,1059,1,5,-4,11483
4,48,1,5,-4,11484
1,2181,1,5,-4,11485
3,1057,1,5,-4,11486
4,308,3,7,-4,11487
3,1013,9,13,-4,11488
3,727,2,6,-4,11489
4,303,4,8,-4,11490
3,988,3,7,-4,11491
5,320,1,5,-4,11492
4,174,1,5,-4,11493
3,749,3,7,-4,11494
5,454,1,5,-4,11495
3,894,1,5,-4,11496
3,835,2,6,-4,11497
3,834,5,9,-4,11498
1,2013,4,8,-4,11499
5,1838,1,5,-4,11500
3,2363,10,14,-4,11501
3,1279,12,16,-4,11502
4,532,8,12,-4,11503
3,1327,4,8,-4,11504
4,511,1,5,-4,11505
3,3591,3,7,-4,11506
3,3623,2,6,-4,11507
3,3580,2,6,-4,11508
3,3641,2,6,-4,11509
3,3682,2,6,-4,11510
1,386,1,6,-5,11511
2,986,7,12,-5,11512
5,1043,3,8,-5,11513
4,991,1,6,-5,11514
4,328,1,6,-5,11515
2,1050,1,6,-5,11516
1,1150,2,7,-5,11517
5,1430,3,8,-5,11518
1,453,10,15,-5,11519
4,118,4,9,-5,11520
1,985,1,6,-5,11521
1,705,5,10,-5,11522
4,922,4,9,-5,11523
4,333,5,10,-5,11524
1,879,2,7,-5,11525
4,1492,1,6,-5,11526
5,1410,17,22,-5,11527
1,441,11,16,-5,11528
3,2757,2,7,-5,11529
5,86,19,24,-5,11530
3,2067,5,10,-5,11531
2,1625,9,14,-5,11532
2,882,3,8,-5,11533
4,390,5,10,-5,11534
3,3458,9,14,-5,11535
2,178,1,6,-5,11536
2,843,3,8,-5,11537
3,2813,2,7,-5,11538
2,845,5,10,-5,11539
4,13,3,8,-5,11540
4,1449,2,7,-5,11541
1,1553,10,15,-5,11542
3,1027,1,6,-5,11543
3,913,2,7,-5,11544
3,513,2,7,-5,11545
3,2360,2,7,-5,11546
2,1271,7,12,-5,11547
4,1197,1,6,-5,11548
4,1194,5,10,-5,11549
3,2385,1,6,-5,11550
3,485,1,6,-5,11551
3,857,2,7,-5,11552
3,2412,3,8,-5,11553
3,2413,2,7,-5,11554
1,1486,1,6,-5,11555
3,3497,2,7,-5,11556
4,1137,5,10,-5,11557
4,1132,1,6,-5,11558
3,2493,3,8,-5,11559
3,2927,1,6,-5,11560
3,2507,14,19,-5,11561
2,1181,2,7,-5,11562
1,50,2,7,-5,11563
4,187,1,6,-5,11564
1,1979,2,7,-5,11565
1,2085,1,6,-5,11566
4,1278,1,6,-5,11567
5,2289,3,8,-5,11568
3,460,2,7,-5,11569
2,309,2,7,-5,11570
3,1391,1,6,-5,11571
1,1541,11,16,-5,11572
3,1444,1,6,-5,11573
3,1319,7,12,-5,11574
3,3661,3,8,-5,11575
3,3344,1,6,-5,11576
5,1763,22,27,-5,11577
3,1248,10,15,-5,11578
5,1670,19,24,-5,11579
3,607,14,19,-5,11580
4,474,1,6,-5,11581
4,1560,16,21,-5,11582
1,1894,9,14,-5,11583
3,3046,5,10,-5,11584
1,1263,2,7,-5,11585
3,1202,1,6,-5,11586
3,1597,2,7,-5,11587
1,163,2,7,-5,11588
3,3700,1,6,-5,11589
3,3219,7,12,-5,11590
3,1558,9,14,-5,11591
4,645,2,7,-5,11592
1,794,9,14,-5,11593
2,399,7,12,-5,11594
3,593,3,8,-5,11595
2,114,7,12,-5,11596
3,3148,10,15,-5,11597
3,3146,7,12,-5,11598
2,1285,4,9,-5,11599
5,2994,17,22,-5,11600
4,756,16,21,-5,11601
3,167,5,10,-5,11602
5,1517,4,9,-5,11603
3,3102,1,6,-5,11604
2,1717,5,10,-5,11605
5,2627,3,8,-5,11606
2,413,4,9,-5,11607
2,10,3,8,-5,11608
2,1715,3,8,-5,11609
1,1805,5,10,-5,11610
3,1800,1,6,-5,11611
3,1146,5,10,-5,11612
4,393,1,6,-5,11613
3,1761,3,8,-5,11614
5,3101,4,9,-5,11615
3,3291,1,6,-5,11616
2,753,9,14,-5,11617
3,512,3,8,-5,11618
4,817,3,8,-5,11619
5,871,11,16,-5,11620
4,688,1,6,-5,11621
5,3014,3,8,-5,11622
3,1246,7,12,-5,11623
5,2455,11,16,-5,11624
5,705,3,8,-5,11625
5,179,22,27,-5,11626
5,2571,1,7,-6,11627
3,190,2,8,-6,11628
3,191,7,13,-6,11629
5,199,15,21,-6,11630
2,1377,105,111,-6,11631
5,2596,5,11,-6,11632
3,208,24,30,-6,11633
1,942,2,8,-6,11634
3,1191,8,14,-6,11635
5,1146,3,9,-6,11636
4,1212,12,18,-6,11637
4,1227,8,14,-6,11638
3,869,31,37,-6,11639
3,1853,18,24,-6,11640
3,189,1,7,-6,11641
3,1720,6,12,-6,11642
3,1147,13,19,-6,11643
5,2730,3,9,-6,11644
2,1532,18,24,-6,11645
5,1012,5,11,-6,11646
3,2004,7,13,-6,11647
1,1356,14,20,-6,11648
4,1441,1,7,-6,11649
1,1160,13,19,-6,11650
1,1171,2,8,-6,11651
5,987,1,7,-6,11652
3,1743,38,44,-6,11653
2,1630,2,8,-6,11654
5,693,8,14,-6,11655
2,1690,2,8,-6,11656
5,2490,3,9,-6,11657
2,1522,3,9,-6,11658
3,104,7,13,-6,11659
3,2108,24,30,-6,11660
3,650,1,7,-6,11661
2,1427,1,7,-6,11662
3,2091,7,13,-6,11663
3,2090,2,8,-6,11664
5,2609,1,7,-6,11665
3,1612,1,7,-6,11666
3,2089,1,7,-6,11667
3,151,9,15,-6,11668
3,1640,1,7,-6,11669
3,1844,31,37,-6,11670
3,141,3,9,-6,11671
4,1384,3,9,-6,11672
3,2051,9,15,-6,11673
3,2041,3,9,-6,11674
5,1025,1,7,-6,11675
1,1373,80,86,-6,11676
1,668,4,10,-6,11677
5,906,3,9,-6,11678
4,170,3,9,-6,11679
3,3047,13,19,-6,11680
4,1020,1,7,-6,11681
5,3089,1,7,-6,11682
5,1783,15,21,-6,11683
1,71,2,8,-6,11684
2,555,1,7,-6,11685
1,462,8,14,-6,11686
3,3620,6,12,-6,11687
2,1009,2,8,-6,11688
3,3643,38,44,-6,11689
4,974,3,9,-6,11690
2,960,1,7,-6,11691
4,40,2,8,-6,11692
4,385,12,18,-6,11693
2,137,2,8,-6,11694
3,2769,31,37,-6,11695
1,1562,8,14,-6,11696
2,650,3,9,-6,11697
2,660,18,24,-6,11698
4,812,1,7,-6,11699
4,8,1,7,-6,11700
4,408,12,18,-6,11701
4,423,8,14,-6,11702
5,1505,1,7,-6,11703
5,1443,1,7,-6,11704
3,3753,18,24,-6,11705
5,1447,29,35,-6,11706
2,758,2,8,-6,11707
2,818,2,8,-6,11708
2,88,1,7,-6,11709
3,3744,31,37,-6,11710
3,3091,8,14,-6,11711
4,844,2,8,-6,11712
1,60,13,19,-6,11713
5,3027,1,7,-6,11714
5,3031,29,35,-6,11715
2,1170,1,7,-6,11716
2,306,1,7,-6,11717
3,2550,1,7,-6,11718
4,216,1,7,-6,11719
2,298,1,7,-6,11720
1,1768,4,10,-6,11721
4,262,6,12,-6,11722
3,3512,1,7,-6,11723
1,256,14,20,-6,11724
4,580,3,9,-6,11725
4,1066,6,12,-6,11726
4,1189,12,18,-6,11727
3,3540,1,7,-6,11728
2,1178,1,7,-6,11729
1,2042,2,8,-6,11730
4,637,1,7,-6,11731
5,2277,8,14,-6,11732
1,273,80,86,-6,11733
2,505,105,111,-6,11734
3,1555,4,11,-7,11735
1,300,11,18,-7,11736
1,1201,17,24,-7,11737
5,709,2,9,-7,11738
5,70,3,10,-7,11739
4,661,21,28,-7,11740
2,388,3,10,-7,11741
2,766,3,10,-7,11742
4,820,7,14,-7,11743
3,3455,4,11,-7,11744
3,1199,10,17,-7,11745
5,180,3,10,-7,11746
5,2500,7,14,-7,11747
1,222,4,11,-7,11748
5,1764,3,10,-7,11749
3,3054,1,8,-7,11750
5,2656,3,10,-7,11751
5,2491,2,9,-7,11752
2,213,2,9,-7,11753
5,1654,3,10,-7,11754
2,482,3,10,-7,11755
1,315,11,18,-7,11756
5,798,6,13,-7,11757
4,550,16,23,-7,11758
3,159,1,8,-7,11759
3,3099,10,17,-7,11760
3,2951,2,9,-7,11761
3,380,12,19,-7,11762
2,1085,2,9,-7,11763
1,1400,11,18,-7,11764
5,1301,15,22,-7,11765
3,2714,14,21,-7,11766
5,2026,8,15,-7,11767
3,2059,1,8,-7,11768
3,861,18,25,-7,11769
5,1072,3,10,-7,11770
5,2885,15,22,-7,11771
3,2660,2,9,-7,11772
1,510,2,9,-7,11773
3,715,2,9,-7,11774
3,2615,2,9,-7,11775
5,442,8,15,-7,11776
4,1354,16,23,-7,11777
3,760,2,9,-7,11778
1,1415,11,18,-7,11779
5,2293,2,9,-7,11780
3,814,14,21,-7,11781
2,1354,3,10,-7,11782
3,864,1,8,-7,11783
1,101,17,24,-7,11784
5,2765,2,9,-7,11785
5,1181,2,9,-7,11786
1,1322,4,11,-7,11787
5,907,2,9,-7,11788
3,1154,1,8,-7,11789
5,916,7,14,-7,11790
5,665,8,15,-7,11791
2,1260,3,10,-7,11792
4,1465,21,28,-7,11793
3,1051,2,9,-7,11794
2,1638,3,10,-7,11795
4,16,7,14,-7,11796
3,2764,1,8,-7,11797
1,1610,2,9,-7,11798
3,2761,18,25,-7,11799
5,2249,8,15,-7,11800
5,2382,6,13,-7,11801
3,2280,12,19,-7,11802
5,380,1,9,-8,11803
5,84,17,25,-8,11804
5,424,18,26,-8,11805
5,404,2,10,-8,11806
1,1068,4,12,-8,11807
4,596,3,11,-8,11808
3,1178,8,16,-8,11809
5,2008,18,26,-8,11810
3,3494,1,9,-8,11811
5,1988,2,10,-8,11812
2,280,6,14,-8,11813
5,3088,2,10,-8,11814
5,1964,1,9,-8,11815
1,2168,4,12,-8,11816
3,3696,1,9,-8,11817
4,394,2,10,-8,11818
3,660,8,16,-8,11819
2,72,3,11,-8,11820
1,1461,3,11,-8,11821
5,25,8,16,-8,11822
2,1152,6,14,-8,11823
5,2712,2,10,-8,11824
2,944,3,11,-8,11825
3,1796,1,9,-8,11826
1,361,3,11,-8,11827
5,1504,2,10,-8,11828
1,1579,14,22,-8,11829
4,1400,3,11,-8,11830
1,479,14,22,-8,11831
5,2352,6,14,-8,11832
4,1472,5,13,-8,11833
3,2560,8,16,-8,11834
1,1511,1,9,-8,11835
5,1128,2,10,-8,11836
3,3078,8,16,-8,11837
1,411,1,9,-8,11838
3,1594,1,9,-8,11839
5,1609,8,16,-8,11840
5,768,6,14,-8,11841
4,1198,2,10,-8,11842
2,1279,33,41,-8,11843
2,407,33,41,-8,11844
4,668,5,13,-8,11845
5,1668,17,25,-8,11846
5,287,40,49,-9,11847
1,2136,7,16,-9,11848
3,2006,14,23,-9,11849
2,1528,1,10,-9,11850
1,44,43,52,-9,11851
2,995,1,10,-9,11852
1,1145,6,15,-9,11853
4,49,23,32,-9,11854
5,984,4,13,-9,11855
1,424,1,10,-9,11856
1,1936,1,10,-9,11857
4,325,24,33,-9,11858
5,3138,1,10,-9,11859
1,1144,43,52,-9,11860
5,2568,4,13,-9,11861
5,1150,12,21,-9,11862
3,2018,3,12,-9,11863
1,67,12,21,-9,11864
5,3163,8,17,-9,11865
4,1067,6,15,-9,11866
4,263,6,15,-9,11867
1,1036,7,16,-9,11868
1,45,6,15,-9,11869
4,1129,24,33,-9,11870
3,2296,11,20,-9,11871
2,1202,1,10,-9,11872
5,76,4,13,-9,11873
5,513,1,10,-9,11874
1,1167,12,21,-9,11875
5,2203,4,13,-9,11876
5,1554,1,10,-9,11877
3,106,14,23,-9,11878
5,2097,1,10,-9,11879
1,791,3,12,-9,11880
3,3681,24,33,-9,11881
3,118,3,12,-9,11882
5,1579,8,17,-9,11883
3,3061,2,11,-9,11884
5,157,25,34,-9,11885
5,619,4,13,-9,11886
1,836,1,10,-9,11887
5,1660,4,13,-9,11888
5,1741,25,34,-9,11889
5,2453,5,14,-9,11890
2,330,1,10,-9,11891
2,656,1,10,-9,11892
1,1524,1,10,-9,11893
2,123,1,10,-9,11894
3,1161,2,11,-9,11895
3,396,11,20,-9,11896
4,853,23,32,-9,11897
5,918,3,12,-9,11898
1,1891,3,12,-9,11899
5,2502,3,12,-9,11900
3,1781,24,33,-9,11901
5,1871,40,49,-9,11902
5,2734,12,21,-9,11903
5,869,5,14,-9,11904
4,1252,1,11,-10,11905
4,448,1,11,-10,11906
3,3686,5,15,-10,11907
3,916,16,26,-10,11908
3,1786,5,15,-10,11909
1,827,7,17,-10,11910
1,351,62,72,-10,11911
3,2816,16,26,-10,11912
1,710,2,12,-10,11913
3,2471,9,19,-10,11914
3,2821,7,17,-10,11915
3,2459,24,34,-10,11916
1,382,1,11,-10,11917
5,2652,5,15,-10,11918
3,921,7,17,-10,11919
5,473,17,27,-10,11920
2,400,1,11,-10,11921
5,599,14,24,-10,11922
3,559,24,34,-10,11923
1,2183,42,52,-10,11924
1,1810,2,12,-10,11925
5,2183,14,24,-10,11926
5,1068,5,15,-10,11927
1,1927,7,17,-10,11928
1,1451,62,72,-10,11929
5,2057,17,27,-10,11930
1,1083,42,52,-10,11931
2,1272,1,11,-10,11932
1,1482,1,11,-10,11933
3,571,9,19,-10,11934
3,2103,2,13,-11,11935
4,1023,1,12,-11,11936
3,2057,1,12,-11,11937
2,1461,5,16,-11,11938
4,1007,2,13,-11,11939
4,203,2,13,-11,11940
3,2688,15,26,-11,11941
3,633,13,24,-11,11942
1,2166,11,22,-11,11943
3,157,1,12,-11,11944
2,1411,1,12,-11,11945
5,2224,19,30,-11,11946
5,2342,6,17,-11,11947
5,792,1,12,-11,11948
3,1123,6,17,-11,11949
3,203,2,13,-11,11950
3,2655,1,12,-11,11951
2,1012,4,15,-11,11952
1,1981,14,25,-11,11953
5,758,6,17,-11,11954
3,3728,9,20,-11,11955
3,1828,9,20,-11,11956
5,1281,5,16,-11,11957
5,2865,5,16,-11,11958
2,140,4,15,-11,11959
3,3326,2,13,-11,11960
3,2533,13,24,-11,11961
3,434,12,23,-11,11962
5,640,19,30,-11,11963
3,788,15,26,-11,11964
1,881,14,25,-11,11965
2,18,3,14,-11,11966
3,1426,2,13,-11,11967
1,96,28,39,-11,11968
3,2334,12,23,-11,11969
2,539,1,12,-11,11970
2,589,5,16,-11,11971
2,890,3,14,-11,11972
5,2376,1,12,-11,11973
3,3023,6,17,-11,11974
4,219,1,12,-11,11975
3,755,1,12,-11,11976
1,1066,11,22,-11,11977
1,1196,28,39,-11,11978
4,122,4,16,-12,11979
4,1243,2,14,-12,11980
1,1228,78,90,-12,11981
4,1045,5,17,-12,11982
2,1406,3,15,-12,11983
5,1343,78,90,-12,11984
3,1550,1,13,-12,11985
3,536,8,20,-12,11986
3,1239,1,13,-12,11987
3,3521,2,14,-12,11988
3,1120,9,21,-12,11989
4,439,2,14,-12,11990
2,814,4,16,-12,11991
4,241,5,17,-12,11992
2,1686,4,16,-12,11993
5,402,11,23,-12,11994
5,401,4,16,-12,11995
2,1712,2,14,-12,11996
3,3139,1,13,-12,11997
1,128,78,90,-12,11998
2,534,3,15,-12,11999
3,3450,1,13,-12,12000
5,1861,13,25,-12,12001
5,1986,11,23,-12,12002
3,3020,9,21,-12,12003
5,1985,4,16,-12,12004
3,2436,8,20,-12,12005
5,277,13,25,-12,12006
5,2927,78,90,-12,12007
3,1621,2,14,-12,12008
2,840,2,14,-12,12009
4,926,4,16,-12,12010
3,710,5,18,-13,12011
1,937,13,26,-13,12012
3,3504,5,18,-13,12013
2,1683,27,40,-13,12014
4,1110,1,14,-13,12015
4,306,1,14,-13,12016
4,667,1,14,-13,12017
3,3196,12,25,-13,12018
1,2037,13,26,-13,12019
4,1471,1,14,-13,12020
3,2610,5,18,-13,12021
3,877,11,24,-13,12022
3,2777,11,24,-13,12023
3,1296,12,25,-13,12024
3,2890,7,20,-13,12025
3,990,7,20,-13,12026
2,811,27,40,-13,12027
3,1604,5,18,-13,12028
3,78,53,67,-14,12029
5,2091,10,24,-14,12030
3,1978,53,67,-14,12031
3,1656,2,16,-14,12032
3,2282,1,15,-14,12033
4,1352,4,18,-14,12034
2,1278,37,51,-14,12035
4,1346,1,15,-14,12036
2,406,37,51,-14,12037
2,316,2,16,-14,12038
5,321,6,20,-14,12039
5,1329,2,16,-14,12040
3,1225,29,43,-14,12041
4,548,4,18,-14,12042
3,3556,2,16,-14,12043
5,507,10,24,-14,12044
4,542,1,15,-14,12045
5,1905,6,20,-14,12046
3,2904,2,16,-14,12047
3,1004,2,16,-14,12048
3,3125,29,43,-14,12049
3,382,1,15,-14,12050
2,1188,2,16,-14,12051
5,2913,2,16,-14,12052
3,2789,18,33,-15,12053
3,926,35,50,-15,12054
3,2826,35,50,-15,12055
1,129,10,25,-15,12056
3,889,18,33,-15,12057
2,404,9,24,-15,12058
3,801,18,33,-15,12059
3,2701,18,33,-15,12060
2,1276,9,24,-15,12061
1,1229,10,25,-15,12062
2,304,4,20,-16,12063
4,931,10,26,-16,12064
2,427,5,21,-16,12065
2,1176,4,20,-16,12066
2,1676,12,28,-16,12067
5,3025,14,30,-16,12068
5,1622,88,104,-16,12069
1,160,12,28,-16,12070
3,3121,2,18,-16,12071
1,306,12,28,-16,12072
2,243,12,28,-16,12073
2,1299,5,21,-16,12074
5,1506,17,33,-16,12075
4,503,51,67,-16,12076
3,3021,23,39,-16,12077
2,365,6,22,-16,12078
2,804,12,28,-16,12079
3,2613,9,25,-16,12080
5,1441,14,30,-16,12081
2,1115,12,28,-16,12082
4,887,22,38,-16,12083
5,3090,17,33,-16,12084
1,1879,5,21,-16,12085
2,326,6,22,-16,12086
3,2647,5,21,-16,12087
2,1198,6,22,-16,12088
4,1307,51,67,-16,12089
2,1237,6,22,-16,12090
1,1406,12,28,-16,12091
5,477,78,94,-16,12092
3,747,5,21,-16,12093
3,1221,2,18,-16,12094
4,83,22,38,-16,12095
4,127,10,26,-16,12096
5,2061,78,94,-16,12097
5,38,88,104,-16,12098
1,779,5,21,-16,12099
3,713,9,25,-16,12100
3,1121,23,39,-16,12101
1,2137,35,51,-16,12102
1,1037,35,51,-16,12103
1,1260,12,28,-16,12104
3,2511,7,24,-17,12105
3,3000,4,21,-17,12106
1,558,11,28,-17,12107
4,161,7,24,-17,12108
2,1450,8,25,-17,12109
3,1100,4,21,-17,12110
1,1271,3,20,-17,12111
1,1658,11,28,-17,12112
4,965,7,24,-17,12113
3,964,9,26,-17,12114
3,2881,62,79,-17,12115
3,2864,9,26,-17,12116
4,124,3,20,-17,12117
1,171,3,20,-17,12118
3,611,7,24,-17,12119
4,928,3,20,-17,12120
1,1816,7,24,-17,12121
3,981,62,79,-17,12122
5,304,3,20,-17,12123
5,1888,3,20,-17,12124
2,578,8,25,-17,12125
1,749,21,38,-17,12126
3,3203,11,28,-17,12127
5,2557,21,38,-17,12128
5,3000,16,33,-17,12129
3,1303,11,28,-17,12130
1,716,7,24,-17,12131
1,1849,21,38,-17,12132
5,973,21,38,-17,12133
5,1416,16,33,-17,12134
1,1248,5,23,-18,12135
5,2420,1,19,-18,12136
5,836,1,19,-18,12137
3,1118,8,26,-18,12138
5,3030,8,26,-18,12139
3,1189,4,22,-18,12140
5,1446,8,26,-18,12141
1,877,2,20,-18,12142
3,3018,8,26,-18,12143
1,148,5,23,-18,12144
3,3089,4,22,-18,12145
1,1977,2,20,-18,12146
4,134,3,22,-19,12147
4,1042,18,37,-19,12148
4,938,3,22,-19,12149
1,1956,4,23,-19,12150
4,238,18,37,-19,12151
3,557,4,23,-19,12152
5,1055,18,37,-19,12153
5,2639,18,37,-19,12154
1,1402,2,21,-19,12155
3,2457,4,23,-19,12156
3,576,3,22,-19,12157
1,856,4,23,-19,12158
3,2476,3,22,-19,12159
1,302,2,21,-19,12160
2,1114,49,69,-20,12161
1,1586,4,24,-20,12162
1,1507,21,41,-20,12163
3,3533,18,38,-20,12164
3,3561,1,21,-20,12165
1,486,4,24,-20,12166
1,407,21,41,-20,12167
4,985,6,26,-20,12168
2,242,49,69,-20,12169
4,979,25,45,-20,12170
4,253,1,21,-20,12171
4,1057,1,21,-20,12172
3,1661,1,21,-20,12173
3,1633,18,38,-20,12174
4,843,72,92,-20,12175
4,39,72,92,-20,12176
4,175,25,45,-20,12177
4,181,6,26,-20,12178
2,1349,67,87,-20,12179
2,477,67,87,-20,12180
2,493,35,56,-21,12181
5,2988,2,23,-21,12182
2,1365,35,56,-21,12183
1,2189,25,46,-21,12184
5,1404,2,23,-21,12185
1,1089,25,46,-21,12186
4,509,6,28,-22,12187
1,527,32,54,-22,12188
1,1627,32,54,-22,12189
1,1020,28,50,-22,12190
1,2120,28,50,-22,12191
4,1313,6,28,-22,12192
3,1799,5,28,-23,12193
2,52,34,57,-23,12194
5,1133,24,47,-23,12195
5,2717,24,47,-23,12196
3,3699,5,28,-23,12197
2,924,34,57,-23,12198
5,2810,1,25,-24,12199
5,31,57,81,-24,12200
5,1615,57,81,-24,12201
5,1226,1,25,-24,12202
2,1068,1,25,-24,12203
2,196,1,25,-24,12204
3,1606,24,49,-25,12205
2,339,16,41,-25,12206
2,1211,16,41,-25,12207
1,63,25,50,-25,12208
3,3506,24,49,-25,12209
5,346,131,156,-25,12210
3,1377,2,27,-25,12211
3,3277,2,27,-25,12212
1,1163,25,50,-25,12213
5,1930,131,156,-25,12214
1,34,5,31,-26,12215
2,725,46,72,-26,12216
2,384,14,40,-26,12217
1,1134,5,31,-26,12218
5,1273,10,36,-26,12219
2,1597,46,72,-26,12220
2,1256,14,40,-26,12221
5,2857,10,36,-26,12222
5,438,16,43,-27,12223
4,1263,66,93,-27,12224
3,2225,3,30,-27,12225
3,325,3,30,-27,12226
5,26,1,28,-27,12227
4,1562,12,39,-27,12228
4,758,12,39,-27,12229
5,2022,16,43,-27,12230
5,1610,1,28,-27,12231
4,459,66,93,-27,12232
5,2494,67,95,-28,12233
5,1388,7,35,-28,12234
1,475,6,34,-28,12235
5,2972,7,35,-28,12236
1,1575,6,34,-28,12237
3,2737,59,87,-28,12238
3,837,59,87,-28,12239
5,910,67,95,-28,12240
2,553,68,97,-29,12241
2,1425,68,97,-29,12242
3,1321,10,39,-29,12243
3,3221,10,39,-29,12244
3,1232,3,33,-30,12245
3,2617,19,49,-30,12246
3,717,19,49,-30,12247
3,3132,3,33,-30,12248
3,3709,44,75,-31,12249
3,110,3,34,-31,12250
3,1809,44,75,-31,12251
3,408,24,55,-31,12252
2,613,109,140,-31,12253
3,2308,24,55,-31,12254
3,2010,3,34,-31,12255
2,1485,109,140,-31,12256
4,918,38,70,-32,12257
3,2219,19,51,-32,12258
3,3783,20,52,-32,12259
4,114,38,70,-32,12260
3,2388,2,34,-32,12261
2,837,28,60,-32,12262
3,319,19,51,-32,12263
3,488,2,34,-32,12264
3,1236,2,34,-32,12265
2,1709,28,60,-32,12266
2,180,1,33,-32,12267
2,1052,1,33,-32,12268
3,1883,20,52,-32,12269
3,3136,2,34,-32,12270
2,288,8,41,-33,12271
2,1160,8,41,-33,12272
1,753,2,36,-34,12273
3,1553,34,68,-34,12274
3,3453,34,68,-34,12275
1,1853,2,36,-34,12276
3,1160,17,52,-35,12277
3,3060,17,52,-35,12278
3,111,87,122,-35,12279
1,111,13,48,-35,12280
3,2011,87,122,-35,12281
1,1211,13,48,-35,12282
2,1270,14,50,-36,12283
3,2047,33,69,-36,12284
1,1357,41,77,-36,12285
3,147,33,69,-36,12286
2,1557,25,61,-36,12287
1,257,41,77,-36,12288
2,685,25,61,-36,12289
2,398,14,50,-36,12290
2,1268,17,54,-37,12291
2,396,17,54,-37,12292
5,63,96,134,-38,12293
5,1647,96,134,-38,12294
3,516,17,55,-38,12295
2,1065,118,156,-38,12296
2,193,118,156,-38,12297
3,2416,17,55,-38,12298
2,1139,9,47,-38,12299
2,267,9,47,-38,12300
1,2124,78,117,-39,12301
2,1733,10,49,-39,12302
1,1024,78,117,-39,12303
5,2866,3,42,-39,12304
2,861,10,49,-39,12305
5,1282,3,42,-39,12306
3,3437,39,80,-41,12307
5,2139,17,58,-41,12308
2,1138,69,110,-41,12309
4,1396,2,43,-41,12310
2,266,69,110,-41,12311
3,1537,39,80,-41,12312
4,592,2,43,-41,12313
5,555,17,58,-41,12314
4,1070,3,45,-42,12315
3,3674,6,48,-42,12316
5,2023,9,51,-42,12317
4,266,3,45,-42,12318
3,1774,6,48,-42,12319
5,439,9,51,-42,12320
5,87,61,104,-43,12321
5,1957,57,100,-43,12322
5,1671,61,104,-43,12323
5,373,57,100,-43,12324
3,2172,38,82,-44,12325
5,2013,9,53,-44,12326
3,272,38,82,-44,12327
3,1771,21,65,-44,12328
5,429,9,53,-44,12329
3,3671,21,65,-44,12330
1,1585,9,55,-46,12331
1,485,9,55,-46,12332
3,1215,60,106,-46,12333
3,3115,60,106,-46,12334
2,1543,49,96,-47,12335
3,1505,234,281,-47,12336
2,671,49,96,-47,12337
3,3405,234,281,-47,12338
5,1972,50,98,-48,12339
5,388,50,98,-48,12340
5,1104,4,52,-48,12341
5,2688,4,52,-48,12342
4,425,32,81,-49,12343
4,1229,32,81,-49,12344
3,579,22,72,-50,12345
3,2479,22,72,-50,12346
2,839,6,57,-51,12347
1,833,3,54,-51,12348
1,1933,3,54,-51,12349
2,1711,6,57,-51,12350
2,63,340,392,-52,12351
5,911,262,314,-52,12352
3,3264,19,71,-52,12353
3,469,48,100,-52,12354
2,935,340,392,-52,12355
3,1364,19,71,-52,12356
3,2369,48,100,-52,12357
5,2495,262,314,-52,12358
2,1131,7,60,-53,12359
3,658,9,62,-53,12360
3,2149,85,138,-53,12361
2,259,7,60,-53,12362
3,2558,9,62,-53,12363
3,249,85,138,-53,12364
3,718,9,63,-54,12365
3,2618,9,63,-54,12366
2,194,58,113,-55,12367
5,2027,156,211,-55,12368
2,1066,58,113,-55,12369
5,443,156,211,-55,12370
3,2587,4,59,-55,12371
3,687,4,59,-55,12372
4,1077,35,91,-56,12373
5,1467,26,82,-56,12374
5,3051,26,82,-56,12375
4,273,35,91,-56,12376
2,290,10,67,-57,12377
2,1162,10,67,-57,12378
3,1788,4,62,-58,12379
3,3688,4,62,-58,12380
5,3131,18,79,-61,12381
5,1547,18,79,-61,12382
1,2191,38,99,-61,12383
1,1091,38,99,-61,12384
5,1963,175,237,-62,12385
2,249,463,525,-62,12386
5,379,175,237,-62,12387
2,1121,463,525,-62,12388
1,1487,10,73,-63,12389
1,1877,23,86,-63,12390
1,387,10,73,-63,12391
1,777,23,86,-63,12392
5,1856,118,182,-64,12393
5,272,118,182,-64,12394
2,403,64,129,-65,12395
2,1275,64,129,-65,12396
5,1429,37,103,-66,12397
2,649,51,117,-66,12398
5,3013,37,103,-66,12399
2,1521,51,117,-66,12400
3,1569,8,75,-67,12401
3,3469,8,75,-67,12402
4,251,24,94,-70,12403
2,627,8,78,-70,12404
2,1499,8,78,-70,12405
4,1055,24,94,-70,12406
1,1253,14,87,-73,12407
1,153,14,87,-73,12408
3,2730,21,95,-74,12409
3,830,21,95,-74,12410
5,2612,14,93,-79,12411
5,1028,14,93,-79,12412
5,2401,61,140,-79,12413
5,817,61,140,-79,12414
2,1189,36,116,-80,12415
5,2003,113,193,-80,12416
5,419,113,193,-80,12417
2,317,36,116,-80,12418
5,1853,11,92,-81,12419
5,269,11,92,-81,12420
3,1990,507,590,-83,12421
3,90,507,590,-83,12422
1,1476,44,128,-84,12423
1,376,44,128,-84,12424
2,1161,75,161,-86,12425
2,289,75,161,-86,12426
2,414,120,208,-88,12427
2,1286,120,208,-88,12428
1,676,52,142,-90,12429
1,1776,52,142,-90,12430
1,1905,156,247,-91,12431
1,805,156,247,-91,12432
4,813,5,96,-91,12433
4,9,5,96,-91,12434
4,972,37,131,-94,12435
4,168,37,131,-94,12436
5,461,31,126,-95,12437
5,2045,31,126,-95,12438
4,930,2,98,-96,12439
4,126,2,98,-96,12440
5,2167,147,244,-97,12441
5,583,147,244,-97,12442
1,1388,6,107,-101,12443
1,288,6,107,-101,12444
1,2193,93,196,-103,12445
1,1093,93,196,-103,12446
3,1951,43,150,-107,12447
1,1557,155,262,-107,12448
3,719,16,123,-107,12449
3,51,43,150,-107,12450
3,2619,16,123,-107,12451
1,457,155,262,-107,12452
2,768,58,166,-108,12453
2,1640,58,166,-108,12454
1,699,29,138,-109,12455
1,1799,29,138,-109,12456
2,54,84,199,-115,12457
2,926,84,199,-115,12458
1,2039,28,147,-119,12459
2,1008,60,179,-119,12460
1,939,28,147,-119,12461
2,136,60,179,-119,12462
3,567,1300,1425,-125,12463
3,2467,1300,1425,-125,12464
3,2559,90,216,-126,12465
3,659,90,216,-126,12466
2,9,130,258,-128,12467
2,881,130,258,-128,12468
2,1653,10,146,-136,12469
2,781,10,146,-136,12470
3,586,131,273,-142,12471
3,2486,131,273,-142,12472
1,1792,17,161,-144,12473
1,692,17,161,-144,12474
3,792,73,219,-146,12475
3,2692,73,219,-146,12476
2,299,173,320,-147,12477
2,1171,173,320,-147,12478
3,831,19,167,-148,12479
3,2731,19,167,-148,12480
3,3794,87,238,-151,12481
3,1894,87,238,-151,12482
1,1162,401,553,-152,12483
1,62,401,553,-152,12484
3,1435,641,796,-155,12485
3,3335,641,796,-155,12486
2,504,95,256,-161,12487
2,1376,95,256,-161,12488
5,1629,342,516,-174,12489
5,45,342,516,-174,12490
5,2603,75,250,-175,12491
5,1019,75,250,-175,12492
2,56,46,229,-183,12493
2,928,46,229,-183,12494
5,3015,44,234,-190,12495
5,1431,44,234,-190,12496
5,2153,18,216,-198,12497
5,569,18,216,-198,12498
5,1645,88,306,-218,12499
5,61,88,306,-218,12500
3,2019,22,242,-220,12501
3,119,22,242,-220,12502
5,1082,140,429,-289,12503
5,2666,140,429,-289,12504
1,1401,35,352,-317,12505
1,301,35,352,-317,12506
3,181,10,338,-328,12507
3,2081,10,338,-328,12508
3,2596,182,538,-356,12509
3,696,182,538,-356,12510
3,2905,44,410,-366,12511
3,1005,44,410,-366,12512
5,390,446,814,-368,12513
5,1974,446,814,-368,12514
3,2139,497,874,-377,12515
3,239,497,874,-377,12516
1,211,32,449,-417,12517
1,1311,32,449,-417,12518
5,1630,146,717,-571,12519
5,46,146,717,-571,12520
