fold,condition,margin
1,Base E5,0.0271134376525878
1,Base E5,0.003553569316864
1,Base E5,-0.0440974235534668
1,Base E5,-0.025883138179779
1,Base E5,-0.0464632511138916
1,Base E5,-0.0223212838172912
1,Base E5,0.0179900527000427
1,Base E5,-0.0045505166053771
1,Base E5,-0.0007299780845642
1,Base E5,-0.037381112575531
1,Base E5,0.0070115327835083
1,Base E5,-0.0192794203758239
1,Base E5,-0.0692151188850402
1,Base E5,-0.0059345364570617
1,Base E5,0.0213014483451843
1,Base E5,-0.0469831228256225
1,Base E5,0.0004140138626098
1,Base E5,-0.051857590675354
1,Base E5,0.0116757154464721
1,Base E5,-0.0160831809043884
1,Base E5,-0.0588276982307434
1,Base E5,-0.0498979091644287
1,Base E5,0.0108550786972045
1,Base E5,-0.0143906474113464
1,Base E5,-0.0036028623580932
1,Base E5,-0.0028111338615417
1,Base E5,0.0377042293548584
1,Base E5,-0.0475314855575561
1,Base E5,-0.0785510540008544
1,Base E5,-0.0970710515975952
1,Base E5,-0.048441469669342
1,Base E5,-0.0770438909530639
1,Base E5,-0.0458854436874389
1,Base E5,-0.0337349772453308
1,Base E5,0.0057826042175292
1,Base E5,-0.0279166102409362
1,Base E5,0.02497398853302
1,Base E5,-0.0085265040397644
1,Base E5,0.0044987797737121
1,Base E5,-0.0130982398986816
1,Base E5,-0.0402740836143493
1,Base E5,-0.0055176019668579
1,Base E5,-0.0460013747215271
1,Base E5,0.0080658793449401
1,Base E5,-0.0202425718307495
1,Base E5,0.0089946389198303
1,Base E5,0.0058047771453857
1,Base E5,0.0259636044502258
1,Base E5,0.0058041810989379
1,Base E5,0.0303499102592468
1,Base E5,0.028978943824768
1,Base E5,0.0012873411178588
1,Base E5,0.0325570106506347
1,Base E5,0.0026841163635253
1,Base E5,0.0613705515861511
1,Base E5,-0.0225154757499694
1,Base E5,0.0165826678276062
1,Base E5,-0.0522878170013427
1,Base E5,-0.0353256464004516
1,Base E5,-0.0173549652099609
1,Base E5,-0.0106300711631774
1,Base E5,-0.0280735492706298
1,Base E5,-0.0676118731498718
1,Base E5,-0.0103757381439208
1,Base E5,0.0426277518272399
1,Base E5,0.0374332666397094
1,Base E5,0.030746042728424
1,Base E5,-0.0092381238937377
1,Base E5,0.035129964351654
1,Base E5,0.0096561312675476
1,Base E5,-0.0301811695098876
1,Base E5,0.038767397403717
1,Base E5,0.0089042782783508
1,Base E5,0.0057677626609802
1,Base E5,0.0149478912353515
1,Base E5,0.0030966997146606
1,Base E5,-0.0003238320350646
1,Base E5,0.014845848083496
1,Base E5,-0.0243172645568847
1,Base E5,-0.0312909483909606
1,Base E5,0.0263723731040954
1,Base E5,0.0389663577079772
1,Base E5,0.0062679648399353
1,Base E5,-0.0289642214775085
1,Base E5,0.0259357094764709
1,Base E5,0.0557482242584228
1,Base E5,0.0656579136848449
1,Base E5,0.0013046860694885
1,Base E5,0.0255501270294189
1,Base E5,0.0373110771179199
1,Base E5,0.02854585647583
1,Base E5,-0.021127700805664
1,Base E5,-0.0211181044578552
1,Base E5,-0.0271969437599182
1,Base E5,-0.0150017142295837
1,Base E5,-0.0506390929222106
1,Base E5,-0.0142385959625244
1,Base E5,0.0012034773826599
1,Base E5,-0.0310091376304626
1,Base E5,-0.018398106098175
1,Base E5,0.0189673900604248
1,Base E5,-0.003440499305725
1,Base E5,-0.0281436443328857
1,Base E5,-0.0242617130279541
1,Base E5,0.0270542502403259
1,Base E5,0.0512837767601013
1,Base E5,0.0218147635459899
1,Base E5,0.013704240322113
1,Base E5,0.0147117376327514
1,Base E5,0.0103484988212585
1,Base E5,-0.0085523128509521
1,Base E5,0.0032112598419189
1,Base E5,0.0422859191894531
1,Base E5,0.0030924081802368
1,Base E5,-0.0138439536094665
1,Base E5,-0.0410393476486206
1,Base E5,0.0429634451866149
1,Base E5,0.0226187705993652
1,Base E5,0.0200306177139282
1,Base E5,0.0135977268218994
1,Base E5,0.057065725326538
1,Base E5,0.0215294957160949
1,Base E5,0.016314148902893
1,Base E5,0.0238644480705261
1,Base E5,0.0362352728843688
1,Base E5,0.0054015517234802
1,Base E5,0.017277717590332
1,Base E5,0.0445848703384399
1,Base E5,-0.0345786213874816
1,Base E5,-0.020436942577362
1,Base E5,0.0977099537849426
1,Base E5,-0.0043177008628845
1,Base E5,0.0098406076431274
1,Base E5,0.0020779371261596
1,Base E5,-0.0047699809074401
1,Base E5,-0.0030401349067687
1,Base E5,0.0527006387710571
1,Base E5,0.0360389947891235
1,Base E5,0.0378594994544982
1,Base E5,0.02206552028656
1,Base E5,0.0545040369033813
1,Base E5,-0.0105299949645996
1,Base E5,-0.0143255591392517
1,Base E5,0.0029867887496948
1,Base E5,-0.0012131333351135
1,Base E5,0.0038123726844787
1,Base E5,-0.0278390645980834
1,Base E5,-0.0190775394439697
1,Base E5,0.0081245303153991
1,Base E5,-0.0039979815483093
1,Base E5,0.0241387486457824
1,Base E5,-0.0513281226158142
1,Base E5,0.04263436794281
1,Base E5,-0.0074305534362792
1,Base E5,-0.0290030837059021
1,Base E5,0.0069464445114135
1,Base E5,0.0140237212181091
1,Base E5,-0.0085861086845397
1,Base E5,-0.0194097161293029
1,Base E5,0.0002073645591735
1,Base E5,-0.0125504732131958
1,Base E5,-0.004425048828125
1,Base E5,-0.0282163023948669
1,Base E5,0.0146999359130859
1,Base E5,0.0234741568565368
1,Base E5,-0.0023612976074218
1,Base E5,-0.0337817668914794
1,Base E5,0.0060383677482604
1,Base E5,-0.024141788482666
1,Base E5,-0.0109102129936218
1,Base E5,-0.00147145986557
1,Base E5,0.0275126099586486
1,Base E5,0.0436646938323974
1,Base E5,0.0251287817955017
1,Base E5,-0.0166427493095397
1,Base E5,0.0015949010848999
1,Base E5,0.0012541413307189
1,Base E5,0.0151957273483276
1,Base E5,-0.039543867111206
1,Base E5,0.0097897052764892
1,Base E5,0.0423583388328552
1,Base E5,-0.0160335898399353
1,Base E5,0.0077682733535766
1,Base E5,-0.026776909828186
1,Base E5,0.0101950168609619
1,Base E5,0.0491867661476135
1,Base E5,-0.0075955390930175
1,Base E5,0.0471120476722717
1,Base E5,0.0257195234298706
1,Base E5,-0.0329638719558715
1,Base E5,0.0115501284599304
1,Base E5,-0.0419180393218994
1,Base E5,0.0340429544448852
1,Base E5,0.0361661314964294
1,Base E5,-0.0014392733573913
1,Base E5,0.0233717560768127
1,Base E5,0.0470906496047973
1,Base E5,-0.0375142693519592
1,Base E5,-0.0181227922439575
1,Base E5,-0.0185608267784118
1,Base E5,0.0320554971694946
1,Base E5,0.0521435737609863
1,Base E5,0.0173472166061401
1,Base E5,0.0421607494354248
1,Base E5,0.0701136589050293
1,Base E5,0.035805344581604
1,Base E5,0.0620350837707519
1,Base E5,0.0465866327285766
1,Base E5,0.0389108657836914
1,Base E5,-0.0016461610794067
1,Base E5,0.0792715549468994
1,Base E5,-0.0093344449996948
1,Base E5,0.0155656933784484
1,Base E5,0.0009570717811584
1,Base E5,0.0330827236175537
1,Base E5,-0.063345193862915
1,Base E5,0.0207752585411071
1,Base E5,-0.0435782670974731
1,Base E5,0.0126245021820068
1,Base E5,-0.0180924534797668
1,Base E5,0.048649787902832
1,Base E5,0.0379469394683837
1,Base E5,0.0107440948486328
1,Base E5,0.0098322033882141
1,Base E5,-0.0242956280708313
1,Base E5,0.0202060341835021
1,Base E5,0.0592064261436462
1,Base E5,0.0466892719268798
1,Base E5,0.0357361435890197
1,Base E5,0.0161831378936767
1,Base E5,-0.0410597324371337
1,Base E5,0.0160648226737976
1,Base E5,0.0213473439216613
1,Base E5,0.0355811715126037
1,Base E5,0.0246390700340271
1,Base E5,0.0209653377532959
1,Base E5,-0.0096231698989868
1,Base E5,0.0343064069747924
1,Base E5,0.0480742454528808
1,Base E5,0.0225238800048828
1,Base E5,0.0245088338851928
1,Base E5,0.0098937153816223
1,Base E5,0.0264562964439392
1,Base E5,0.0090467929840087
1,Base E5,0.020791471004486
1,Base E5,0.0065740942955017
1,Base E5,0.0185477137565612
1,Base E5,0.0304378867149353
1,Base E5,0.0309585928916931
1,Base E5,0.0086817741394042
1,Base E5,0.0421342253684997
1,Base E5,0.0181477665901184
1,Base E5,0.0456393957138061
1,Base E5,0.0032083392143249
1,Base E5,-0.0002511739730834
1,Base E5,-0.009633719921112
1,Base E5,-0.0009296536445617
1,Base E5,-0.0099186301231384
1,Base E5,0.0343544483184814
1,Base E5,-0.0075761675834655
1,Base E5,-0.0071127414703369
1,Base E5,-0.0106886625289917
1,Base E5,0.0227980613708496
1,Base E5,-0.0029157400131225
1,Base E5,-0.0273069143295288
1,Base E5,-0.0130689144134521
1,Base E5,0.0293155908584594
1,Base E5,-0.0228180885314941
1,Base E5,0.0556797385215759
1,Base E5,-0.0138860344886779
1,Base E5,0.0383933782577514
1,Base E5,-0.0149319171905517
1,Base E5,0.0427597761154174
1,Base E5,-0.009857952594757
1,Base E5,0.0167820453643798
1,Base E5,0.018334686756134
1,Base E5,-0.0296682715415954
1,Base E5,-0.009381353855133
1,Base E5,0.0128691792488098
1,Base E5,-0.0138075351715087
1,Base E5,-0.0110412240028381
1,Base E5,0.010418951511383
1,Base E5,-0.0063386559486389
1,Base E5,-0.028437316417694
1,Base E5,-0.0047939419746398
1,Base E5,-0.0133568048477172
1,Base E5,0.0189526677131652
1,Base E5,-0.0013672113418579
1,Base E5,0.0055100917816162
1,Base E5,0.0078601241111755
1,Base E5,0.0447351932525634
1,Base E5,-0.0047376751899719
1,Base E5,-0.002591848373413
1,Base E5,0.0308057069778442
1,Base E5,0.0307426452636718
1,Base E5,0.0021660923957824
1,Base E5,-0.0320358872413635
1,Base E5,0.0654784440994262
1,Base E5,0.0795445442199707
1,Base E5,0.0313777923583984
1,Base E5,0.006240963935852
1,Base E5,-0.0089724659919738
1,Base E5,0.025667667388916
1,Base E5,0.0126721262931823
1,Base E5,-0.004991590976715
1,Base E5,-0.0157152414321899
1,Base E5,-0.004551351070404
1,Base E5,-0.0034922957420349
1,Base E5,-0.0213680267333984
1,Base E5,-0.0418346524238586
1,Base E5,-0.0131226778030395
1,Base E5,-0.0178815126419067
1,Base E5,0.0251239538192749
1,Base E5,0.042851448059082
1,Base E5,0.0152974128723144
1,Base E5,0.0005082488059997
1,Base E5,-0.0044136643409729
1,Base E5,-0.0090606808662414
1,Base E5,0.0302457809448242
1,Base E5,0.0443800687789917
1,Base E5,0.0134395956993103
1,Base E5,0.0220954418182373
1,Base E5,-0.0355315804481506
1,Base E5,-0.0216948986053466
1,Base E5,0.0288022756576538
1,Base E5,-0.0112118124961853
1,Base E5,0.0062339305877685
1,Base E5,-0.0152304768562316
1,Base E5,-0.0191556811332702
1,Base E5,-0.013052761554718
1,Base E5,0.0259139537811279
1,Base E5,0.0185222029685974
1,Base E5,0.0164758563041687
1,Base E5,-0.0220783948898315
1,Base E5,0.0353743433952331
1,Base E5,0.0173369646072387
1,Base E5,-0.0145926475524902
1,Base E5,0.010107398033142
1,Base E5,0.011626124382019
1,Base E5,-0.0081415176391601
1,Base E5,0.0181635618209838
1,Base E5,-0.0056071281433105
1,Base E5,-0.0129638314247131
1,Base E5,0.0081576108932495
1,Base E5,-0.0048974156379699
1,Base E5,-0.0003442168235778
1,Base E5,0.0195153951644897
1,Base E5,-0.0090056657791137
1,Base E5,-0.0123627185821533
1,Base E5,0.0152119398117065
1,Base E5,0.0298329591751098
1,Base E5,-0.0245139598846435
1,Base E5,0.0220517516136169
1,Base E5,0.000573992729187
1,Base E5,0.0028787851333618
1,Base E5,-0.018028974533081
1,Base E5,-0.0142689943313598
1,Base E5,-0.0182458758354187
1,Base E5,0.0257100462913513
1,Base E5,-0.0145650506019592
1,Base E5,0.0054332017898559
1,Base E5,0.0005197525024414
1,Base E5,-0.0014509558677673
1,Base E5,0.0160417556762695
1,Base E5,0.0379917621612548
1,Base E5,0.0238215923309326
1,Base E5,0.0389227867126464
1,Base E5,0.0118589401245117
1,Base E5,0.0063873529434204
1,Base E5,0.0079002976417541
1,Base E5,0.022840142250061
1,Base E5,-0.0045694112777709
1,Base E5,0.0393118262290954
1,Base E5,0.0132369995117187
1,Base E5,0.0455874800682067
1,Base E5,-0.01117604970932
1,Base E5,-0.0196081399917602
1,Base E5,0.0290128588676452
1,Base E5,0.0307206511497497
1,Base E5,-0.018247902393341
1,Base E5,0.0530201196670532
1,Base E5,0.00734543800354
1,Base E5,0.0126619338989257
1,Base E5,0.0026733875274658
1,Base E5,0.0087556838989257
1,Base E5,0.0252399444580078
1,Base E5,0.0410017371177673
1,Base E5,0.0101313591003417
1,Base E5,0.0092095732688903
1,Base E5,-0.0188806653022766
1,Base E5,0.0072912573814392
1,Base E5,-0.0013992190361022
1,Base E5,-0.0076054334640502
1,Base E5,-0.0128979682922363
1,Base E5,-0.0020254850387573
1,Base E5,0.0043991208076477
1,Base E5,0.0188132524490356
1,Base E5,0.0053890943527221
1,Base E5,0.0261743664741516
1,Base E5,0.0101409554481506
1,Base E5,-0.0085409283638
1,Base E5,-0.014423668384552
1,Base E5,0.0121236443519592
1,Base E5,0.0275682210922241
1,Base E5,-0.0051138997077941
1,Base E5,-0.0002694725990295
1,Base E5,0.0062623023986816
1,Base E5,-0.0001038312911987
1,Base E5,0.0570282936096191
1,Base E5,0.0046916604042053
1,Base E5,0.0098733305931091
1,Base E5,0.0325915217399597
1,Base E5,-0.0144823193550109
1,Base E5,0.0025424361228942
1,Base E5,0.0010056495666503
1,Base E5,0.0012823343276977
1,Base E5,0.0240566730499267
1,Base E5,-0.0365473628044128
1,Base E5,0.0256800055503845
1,Base E5,-0.0324333906173706
1,Base E5,0.0079192519187927
1,Base E5,-0.0126721858978271
1,Base E5,0.0063177943229675
1,Base E5,-0.0218898057937622
1,Base E5,0.0143274664878845
1,Base E5,0.0083825588226318
1,Base E5,-0.0058535933494567
1,Base E5,0.0093150734901428
1,Base E5,0.0001912713050842
1,Base E5,0.0014153122901916
1,Base E5,0.020304262638092
1,Base E5,-0.019612431526184
1,Base E5,-0.01054447889328
1,Base E5,-0.003486156463623
1,Base E5,0.0022536516189575
1,Base E5,-0.013442575931549
1,Base E5,0.0481461882591247
1,Base E5,0.024447739124298
1,Base E5,0.0456106066703796
1,Base E5,0.015340507030487
1,Base E5,-0.0386298298835754
1,Base E5,-0.007229208946228
1,Base E5,0.0045322179794311
1,Base E5,0.0327087044715881
1,Base E5,0.0403336882591247
1,Base E5,0.0104367136955261
1,Base E5,0.0367801785469055
1,Base E5,-0.0038052201271057
1,Base E5,0.0437108874320983
1,Base E5,0.0082072615623474
1,Base E5,0.0272111892700195
1,Base E5,0.0319788455963134
1,Base E5,0.0223934650421142
1,Base E5,0.0012575387954711
1,Base E5,-0.0039724707603454
1,Base E5,0.0137192010879516
1,Base E5,-0.0054996013641357
1,Base E5,-0.0297113060951232
1,Base E5,-0.0029293894767761
1,Base E5,-0.0294957756996154
1,Base E5,0.016903817653656
1,Base E5,-0.0049594044685363
1,Base E5,0.0015435218811035
1,Base E5,0.02075856924057
1,Base E5,0.0147274136543273
1,Base E5,0.045253038406372
1,Base E5,0.0074120163917541
1,Base E5,0.0118354558944702
1,Base E5,-0.0171986818313598
1,Base E5,-0.0073423385620117
1,Base E5,-0.0026829838752746
1,Base E5,-0.0115982890129089
1,Base E5,0.0217751264572143
1,Base E5,0.0024107694625854
1,Base E5,0.0282773375511169
1,Base E5,-0.0035232901573181
1,Base E5,0.0425322651863098
1,Base E5,0.0024067759513854
1,Base E5,0.0405640006065368
1,Base E5,-0.0103678703308105
1,Base E5,0.0040978193283081
1,Base E5,-0.0221237540245056
1,Base E5,0.0507262349128723
1,Base E5,0.0329479575157165
1,Base E5,0.0051099061965942
1,Base E5,0.0042073130607604
1,Base E5,0.0227232575416564
1,Base E5,0.0196238160133361
1,Base E5,0.0274511575698852
1,Base E5,-0.0363651514053344
1,Base E5,0.0082693099975585
1,Base E5,-0.003100037574768
1,Base E5,-0.0004732608795166
1,Base E5,0.0372703075408935
1,Base E5,0.0007012486457824
1,Base E5,0.0427892804145813
1,Base E5,-0.0223522782325744
1,Base E5,-0.0096586346626281
1,Base E5,0.021517276763916
1,Base E5,-0.0059325695037841
1,Base E5,0.0033091306686401
1,Base E5,-0.0136212706565856
1,Base E5,-0.0008302330970764
1,Base E5,-0.0152368545532226
1,Base E5,0.0281491875648498
1,Base E5,0.0289304256439209
1,Base E5,0.0042138695716857
1,Base E5,0.0278379321098327
1,Base E5,-0.0219088792800903
1,Base E5,0.0003685355186462
1,Base E5,0.0126805901527404
1,Base E5,0.0037450194358825
1,Base E5,-0.0065230131149291
1,Base E5,-0.0030249953269958
1,Base E5,0.0189152359962463
1,Base E5,0.021509826183319
1,Base E5,0.0382272601127624
1,Base E5,-0.012587547302246
1,Base E5,-0.0210205316543579
1,Base E5,-0.0048844814300537
1,Base E5,0.0340827107429504
1,Base E5,0.0132824182510375
1,Base E5,0.0353280901908874
1,Base E5,0.0320871472358703
1,Base E5,-0.0008633732795715
1,Base E5,0.0101796388626098
1,Base E5,0.0102294087409973
1,Base E5,-0.004836618900299
1,Base E5,0.0029355287551879
1,Base E5,-0.0147068500518798
1,Base E5,0.0435959100723266
1,Base E5,-0.0297855138778686
1,Base E5,0.0278037786483764
1,Base E5,0.0105078816413879
1,Base E5,0.0115429162979125
1,Base E5,0.0269535779953002
1,Base E5,0.0207103490829467
1,Base E5,0.0314963459968566
1,Base E5,0.0353671908378601
1,Base E5,0.0307355523109436
1,Base E5,0.0141884088516235
1,Base E5,0.0058591365814208
1,Base E5,-0.0010396838188171
1,Base E5,0.0165104269981384
1,Base E5,0.0723465681076049
1,Base E5,0.0354235172271728
1,Base E5,0.0518072247505188
1,Base E5,0.0469273328781127
1,Base E5,0.0168388485908508
1,Base E5,0.010419487953186
1,Base E5,0.0236505270004272
1,Base E5,-0.023069143295288
1,Base E5,-0.0067009925842285
1,Base E5,0.0089097619056701
1,Base E5,-0.0089622139930725
1,Base E5,-0.0038509368896484
1,Base E5,0.0278267264366149
1,Base E5,0.0267598032951354
1,Base E5,-0.0026271343231201
1,Base E5,-0.0211310982704162
1,Base E5,0.0010672807693481
1,Base E5,0.0474005341529846
1,Base E5,0.013601541519165
1,Base E5,-0.031146228313446
1,Base E5,0.0361074209213256
1,Base E5,0.0032302141189575
1,Base E5,0.0391451120376586
1,Base E5,0.0332164764404296
1,Base E5,0.017993688583374
1,Base E5,0.0425096750259399
1,Base E5,0.0436359643936157
1,Base E5,0.0154974460601806
1,Base E5,0.0278530120849609
1,Base E5,0.0065001249313354
1,Base E5,0.0332279205322265
1,Base E5,0.0341967940330505
1,Base E5,-0.0354287028312683
1,Base E5,-0.0024428367614746
1,Base E5,0.0239822268486022
1,Base E5,0.0051940083503723
1,Base E5,-0.0088754296302795
1,Base E5,0.0574463605880737
1,Base E5,0.031112790107727
1,Base E5,0.0134742259979248
1,Base E5,0.0168217420578002
1,Base E5,-0.0059979557991027
1,Base E5,-0.021876573562622
1,Base E5,0.0017476677894592
1,Base E5,0.0222499370574951
1,Base E5,0.027360200881958
1,Base E5,0.004560649394989
1,Base E5,0.0130782127380371
1,Base E5,0.0277843475341796
1,Base E5,0.005013883113861
1,Base E5,0.0351567864418029
1,Base E5,-0.0508995056152343
1,Base E5,0.0230053663253784
1,Base E5,0.0246189832687377
1,Base E5,0.0157458782196044
1,Base E5,0.0254765152931213
1,Base E5,0.0442683100700378
1,Base E5,-0.0070867538452148
1,Base E5,0.0321565270423889
1,Base E5,-0.0199013948440551
1,Base E5,0.0352361798286438
1,Base E5,-0.0036931633949279
1,Base E5,0.0171537995338439
1,Base E5,0.021425187587738
1,Base E5,0.0495210886001586
1,Base E5,0.0098990201950073
1,Base E5,-0.0119326710700988
1,Base E5,0.0103765726089477
1,Base E5,0.0057383775711059
1,Base E5,0.0362644791603088
1,Base E5,0.0431520938873291
1,Base E5,-0.0029239058494567
1,Base E5,0.0233907103538513
1,Base E5,-0.0048502683639526
1,Base E5,-0.0043612122535705
1,Base E5,0.0219538807868957
1,Base E5,0.0262293815612792
1,Base E5,0.0007556676864624
1,Base E5,-0.0066511034965515
1,Base E5,-0.0095187425613403
1,Base E5,0.0340524911880493
1,Base E5,-0.0111678838729858
1,Base E5,0.0614689588546752
1,Base E5,0.0087419748306274
1,Base E5,0.0328320860862731
1,Base E5,-0.0010743141174316
1,Base E5,-0.0298112034797668
1,Base E5,0.0050307512283325
1,Base E5,0.0224456191062927
1,Base E5,-0.0030076503753662
1,Base E5,0.0178079605102539
1,Base E5,0.0049984455108642
1,Base E5,0.0251491665840148
1,Base E5,0.0237923860549926
1,Base E5,0.0246279239654541
1,Base E5,0.015842318534851
1,Base E5,0.0108075141906738
1,Base E5,0.0141823887825012
1,Base E5,0.0063520073890686
1,Base E5,-0.0081187486648559
1,Base E5,0.0385292768478393
1,Base E5,0.040193498134613
1,Base E5,0.051112413406372
1,Base E5,0.0029988288879394
1,Base E5,0.0013390183448791
1,Base E5,0.0180436372756958
1,Base E5,0.0058218836784362
1,Base E5,0.0225369930267334
1,Base E5,0.0457068085670471
1,Base E5,0.013995885848999
1,Base E5,0.0458502769470214
1,Base E5,0.0067237615585327
1,Base E5,0.0238073468208313
1,Base E5,-0.0085515975952148
1,Base E5,0.0146180391311645
1,Base E5,0.0020785331726074
1,Base E5,0.0457227826118469
1,Base E5,0.0589370727539062
1,Base E5,0.071617841720581
1,Base E5,0.0450838804244995
1,Base E5,0.0362669229507446
1,Base E5,0.0081472992897033
1,Base E5,0.0518456697463989
1,Base E5,0.0151173472404479
1,Base E5,0.0312747955322265
1,Base E5,0.0318861603736877
1,Base E5,0.0395812392234802
1,Base E5,-0.0114698410034179
1,Base E5,-0.0112522840499877
1,Base E5,0.020465612411499
1,Base E5,0.0205232501029968
1,Base E5,-0.0172697901725769
1,Base E5,-0.0169340372085571
1,Base E5,0.0367710590362548
1,Base E5,0.0297586917877197
1,Base E5,0.0378751158714294
1,Base E5,0.0378086566925048
1,Base E5,-0.0174009799957275
1,Base E5,0.0739724040031433
1,Base E5,0.0096042156219482
1,Base E5,0.0470356345176696
1,Base E5,0.0336718559265136
1,Base E5,0.0656630396842956
1,Base E5,0.0214791297912597
1,Base E5,0.0253934264183044
1,Base E5,-0.0186225771903991
1,Base E5,0.0079204440116882
1,Base E5,0.0228878855705261
1,Base E5,-0.0117095112800598
1,Base E5,-0.0094967484474182
1,Base E5,-0.0169731974601745
1,Base E5,-0.0301751494407653
1,Base E5,0.0025670528411865
1,Base E5,-0.0199200510978698
1,Base E5,0.0042718648910522
1,Base E5,-0.0037530660629272
1,Base E5,0.016861617565155
1,Base E5,-0.0002052783966064
1,Base E5,0.0054948329925537
1,Base E5,0.0048734545707702
1,Base E5,0.021755039691925
1,Base E5,-0.0012732148170471
1,Base E5,-0.0171014070510864
1,Base E5,0.0141812562942504
1,Base E5,0.0314834117889404
1,Base E5,0.0127944946289062
1,Base E5,0.0085306167602539
1,Base E5,0.0212484002113342
1,Base E5,0.0138519406318664
1,Base E5,-0.0182838439941406
1,Base E5,0.0282109975814819
1,Base E5,0.0269049406051635
1,Base E5,0.0040071606636047
1,Base E5,0.0111241340637207
1,Base E5,-0.0021860599517822
1,Base E5,0.0125663876533508
1,Base E5,0.0063627362251281
1,Base E5,0.0496296882629394
1,Base E5,-0.0113861560821533
1,Base E5,0.0112239122390747
1,Base E5,0.0250388383865356
1,Base E5,0.0044169425964355
1,Base E5,0.0095940828323364
1,Base E5,0.0020951628684997
1,Base E5,0.042147159576416
1,Base E5,0.0207693576812744
1,Base E5,0.0387181043624877
1,Base E5,-0.0038297176361083
1,Base E5,0.0085082054138183
1,Base E5,0.0310891270637512
1,Base E5,0.0087252259254455
1,Base E5,0.0431305170059204
1,Base E5,0.04396653175354
1,Base E5,0.0762221813201904
1,Base E5,0.0297538042068481
1,Base E5,0.0147858262062072
1,Base E5,0.0484140515327453
1,Base E5,0.0011300444602966
1,Base E5,0.01065194606781
1,Base E5,0.0364695191383361
1,Base E5,-0.0164271593093872
1,Base E5,-0.0035898089408874
1,Base E5,0.0556653141975402
1,Base E5,-0.0457527637481689
1,Base E5,0.0210337042808532
1,Base E5,-0.0072148442268371
1,Base E5,0.0131195783615112
1,Base E5,-0.0022283196449279
1,Base E5,0.0334599018096923
1,Base E5,0.0019856691360473
1,Base E5,-0.0088785886764526
1,Base E5,0.0146742463111877
1,Base E5,-0.011534571647644
1,Base E5,-0.0182735323905944
1,Base E5,0.0103249549865722
1,Base E5,-0.0152046680450439
1,Base E5,-0.0690634846687316
1,Base E5,0.0391338467597961
1,Base E5,0.0142202377319335
1,Base E5,0.0103477239608764
1,Base E5,0.0498263835906982
1,Base E5,0.0265045166015625
1,Base E5,0.0426514148712158
1,Base E5,0.0063031911849975
1,Base E5,0.0624048709869384
1,Base E5,-0.0195797681808471
1,Base E5,0.0792818069458007
1,Base E5,0.0009840726852416
1,Base E5,-0.0057174563407897
1,Base E5,0.0087807178497314
1,Base E5,-0.0371923446655273
1,Base E5,-0.0222935080528259
1,Base E5,0.003596007823944
1,Base E5,-0.0030075311660766
1,Base E5,-0.0027206540107727
1,Base E5,-0.0044180154800415
1,Base E5,-0.0102337598800659
1,Base E5,-0.0155553221702575
1,Base E5,0.0345464348793029
1,Base E5,-0.0129255056381225
1,Base E5,0.0114192366600036
1,Base E5,-0.0106242299079895
1,Base E5,0.0038143992424011
1,Base E5,0.0063012242317199
1,Base E5,0.0141366720199584
1,Base E5,-0.0387569069862365
1,Base E5,0.0195932388305664
1,Base E5,0.0122686028480529
1,Base E5,-0.0294095277786254
1,Base E5,0.0048529505729675
1,Base E5,-0.0054652690887451
1,Base E5,-0.0341880321502685
1,Base E5,-0.0354336500167846
1,Base E5,-0.0147328376770019
1,Base E5,0.0015726685523986
1,Base E5,-0.0109232664108276
1,Base E5,0.019489049911499
1,Base E5,0.0442556738853454
1,Base E5,0.0297285318374633
1,Base E5,-0.0102747082710266
1,Base E5,-0.0364333987236022
1,Base E5,-0.0250762701034545
1,Base E5,-0.0042371749877929
1,Base E5,-0.0035533905029296
1,Base E5,-0.0068838000297546
1,Base E5,0.0024759173393249
1,Base E5,-0.0141315460205078
1,Base E5,-0.0202621221542358
1,Base E5,-0.0295255184173584
1,Base E5,-0.019559621810913
1,Base E5,-0.0059689283370971
1,Base E5,-0.0046367645263671
1,Base E5,-0.0120393633842468
1,Base E5,0.0063499212265014
1,Base E5,-0.011026382446289
1,Base E5,-0.0014322400093078
1,Base E5,0.0109527111053466
1,Base E5,-0.0129703879356384
1,Base E5,-0.0005316734313964
1,Base E5,-0.0121002197265625
1,Base E5,0.0266625881195068
1,Base E5,0.0178231596946716
1,Base E5,-0.0099601149559021
1,Base E5,-0.0035967230796813
1,Base E5,0.0587098002433776
1,Base E5,-0.0052199959754943
1,Base E5,0.0350920557975769
1,Base E5,-0.0035953521728515
1,Base E5,-0.011268675327301
1,Base E5,0.0057613253593444
1,Base E5,0.0121666193008422
1,Base E5,0.0038404464721679
1,Base E5,0.0267468094825744
1,Base E5,-0.0120055079460144
1,Base E5,-0.022244393825531
1,Base E5,-0.0143793225288391
1,Base E5,0.0046958923339843
1,Base E5,0.0398562550544738
1,Base E5,-0.0108944773674011
1,Base E5,0.0001193284988403
1,Base E5,0.0186139941215515
1,Base E5,0.0261254906654357
1,Base E5,-0.0007059574127197
1,Base E5,-0.0137268900871276
1,Base E5,0.0286619067192077
1,Base E5,0.019067645072937
1,Base E5,0.0398889780044555
1,Base E5,0.0217119455337524
1,Base E5,0.0122708678245544
1,Base E5,0.0547924637794494
1,Base E5,0.0322340726852417
1,Base E5,0.0106677412986755
1,Base E5,0.0073519349098205
1,Base E5,0.0074709057807922
1,Base E5,0.040770947933197
1,Base E5,-0.0246729254722595
1,Base E5,0.0200482010841369
1,Base E5,-0.0054184794425964
1,Base E5,0.057820439338684
1,Base E5,0.0432721972465515
1,Base E5,0.0132730603218078
1,Base E5,0.0253322720527648
1,Base E5,0.0555548667907714
1,Base E5,0.0381601452827453
1,Base E5,-0.0008249878883361
1,Base E5,-0.025232970714569
1,Base E5,-0.0198025703430175
1,Base E5,-0.0188228487968444
1,Base E5,0.0262647271156311
1,Base E5,-0.0167879462242126
1,Base E5,0.0240291953086853
1,Base E5,-0.0234373211860656
1,Base E5,0.0050822496414184
1,Base E5,0.0134492516517639
1,Base E5,0.0318295955657959
1,Base E5,0.0138769745826721
1,Base E5,0.0120017528533935
1,Base E5,-0.0103237032890319
1,Base E5,0.0188122391700744
1,Base E5,-0.0207686424255371
1,Base E5,0.0288682579994201
1,Base E5,0.0032861232757568
1,Base E5,0.0063844919204711
1,Base E5,0.0124388933181762
1,Base E5,0.0320029258728027
1,Base E5,-0.0189470052719116
1,Base E5,0.0280527472496032
1,Base E5,-0.04446542263031
1,Base E5,0.0003197789192199
1,Base E5,-0.0066911578178405
1,Base E5,0.0072566270828247
1,Base E5,-0.0079882740974426
1,Base E5,-0.0051744580268859
1,Base E5,-0.0341315865516662
1,Base E5,0.0009416341781616
1,Base E5,-0.0354708433151245
1,Base E5,0.0318532586097717
1,Base E5,0.0304906368255615
1,Base E5,0.0382726788520813
1,Base E5,0.0576032400131225
1,Base E5,-0.0178450942039489
1,Base E5,0.0040755271911621
1,Base E5,-0.0072205662727355
1,Base E5,0.0224404335021972
1,Base E5,-0.0423580408096313
1,Base E5,0.0097448825836181
1,Base E5,0.0359447598457336
1,Base E5,-0.0316636562347412
1,Base E5,0.0159308314323425
1,Base E5,0.0092852115631103
1,Base E5,0.008851408958435
1,Base E5,0.0213602781295776
1,Base E5,0.016516089439392
1,Base E5,-0.0229593515396118
1,Base E5,0.0181778669357299
1,Base E5,0.0088359713554382
1,Base E5,-0.0190023183822631
1,Base E5,-0.0057669878005981
1,Base E5,0.014829933643341
1,Base E5,-0.0207310914993286
1,Base E5,0.0129072070121765
1,Base E5,-0.0039566159248352
1,Base E5,-0.0017778277397155
1,Base E5,-0.0074938535690307
1,Base E5,-0.0052129030227661
1,Base E5,-0.006605327129364
1,Base E5,-0.0130281448364257
1,Base E5,-0.0325067043304443
1,Base E5,0.0085075497627258
1,Base E5,-0.0044416785240173
1,Base E5,-0.0071715116500854
1,Base E5,0.0062191486358642
1,Base E5,0.0241027474403381
1,Base E5,0.0058108568191528
1,Base E5,0.0351037979125976
1,Base E5,-0.0090882182121276
1,Base E5,0.0232481956481933
1,Base E5,0.0182088017463684
1,Base E5,0.0371687412261962
1,Base E5,0.0059011578559875
1,Base E5,0.0085076689720153
1,Base E5,0.0333560109138488
1,Base E5,0.0054337382316589
1,Base E5,0.006813645362854
1,Base E5,-0.0083150267601013
1,Base E5,0.0159228444099426
1,Base E5,-0.0049835443496704
1,Base E5,0.0106351971626281
1,Base E5,0.0469925999641418
1,Base E5,0.0397365093231201
1,Base E5,0.04115891456604
1,Base E5,0.0192289352416992
1,Base E5,0.0180017352104187
1,Base E5,0.0137256383895874
1,Base E5,0.0041857361793518
1,Base E5,0.0103582143783569
1,Base E5,0.0223432183265686
1,Base E5,0.0132218599319458
1,Base E5,0.0129097700119018
1,Base E5,0.0082425475120544
1,Base E5,-0.001544177532196
1,Base E5,-0.0199556350708007
1,Base E5,0.0611340999603271
1,Base E5,-0.0086920261383056
1,Base E5,0.0008313059806823
1,Base E5,-0.0099539160728454
1,Base E5,-0.012151300907135
1,Base E5,0.0229855775833129
1,Base E5,-0.0201009511947631
1,Base E5,0.0087514519691467
1,Base E5,0.070150077342987
1,Base E5,0.0182989239692688
1,Base E5,0.0503826141357421
1,Base E5,0.026984691619873
1,Base E5,0.060803472995758
1,Base E5,0.0441402792930603
1,Base E5,0.0010225176811218
1,Base E5,0.0243894457817077
1,Base E5,0.0057597756385803
1,Base E5,-0.0080235600471496
1,Base E5,0.0386815667152404
1,Base E5,0.0210749506950378
1,Base E5,0.0317747592926025
1,Base E5,0.0342859029769897
1,Base E5,0.0163825154304504
1,Base E5,0.0118992924690246
1,Base E5,0.0059615969657897
1,Base E5,0.0485170483589172
1,Base E5,-0.0070211887359619
1,Base E5,0.0007018446922302
1,Base E5,-0.0073254108428955
1,Base E5,0.0061719417572021
1,Base E5,0.0269057154655456
1,Base E5,0.0236153006553649
1,Base E5,0.0224735736846923
1,Base E5,0.0310198068618774
1,Base E5,0.0390585660934448
1,Base E5,0.0338781476020813
1,Base E5,0.0199784040451049
1,Base E5,0.0045158863067626
1,Base E5,0.0155377984046936
1,Base E5,-0.0069034695625305
1,Base E5,0.0048831105232238
1,Base E5,0.0020509362220764
1,Base E5,0.0764735341072082
1,Base E5,0.0450001955032348
1,Base E5,0.020804226398468
1,Base E5,0.0424457192420959
1,Base E5,0.0959126353263855
1,Base E5,0.0453535914421081
1,Base E5,0.0532513856887817
1,Base E5,0.0562263131141662
1,Base E5,0.0082072615623474
1,Base E5,-0.0013948082923889
1,Base E5,0.0249984860420227
1,Base E5,0.0327680706977844
1,Base E5,-0.0021225810050964
1,Base E5,-0.0135017037391662
1,Base E5,0.0218786001205444
1,Base E5,0.0358104705810546
1,Base E5,-0.0178445577621459
1,Base E5,-0.0107262134552001
1,Base E5,0.0019524693489074
1,Base E5,-0.0452423691749572
1,Base E5,0.0639097690582275
1,Base E5,-0.0129196047782897
1,Base E5,0.0306945443153381
1,Base E5,-0.0054435729980468
1,Base E5,0.0140113234519958
1,Base E5,0.0328101515769958
1,Base E5,-0.0024943351745605
1,Base E5,0.0307856202125549
1,Base E5,0.0042775273323059
1,Base E5,-0.0063491463661193
1,Base E5,-0.0411924719810485
1,Base E5,0.0124552249908447
1,Base E5,0.028440237045288
1,Base E5,-0.0262011289596557
1,Base E5,-0.0384551882743835
1,Base E5,-0.065060555934906
1,Base E5,-0.0119576454162597
1,Base E5,-0.0093289613723754
1,Base E5,-0.011867880821228
1,Base E5,0.0248388648033142
1,Base E5,0.0560572743415832
1,Base E5,-0.0294243693351745
1,Base E5,0.0371792912483215
1,Base E5,-0.0541234016418457
1,Base E5,-0.0040094852447509
1,Base E5,-0.0177215933799743
1,Base E5,-0.0125104784965515
1,Base E5,-0.028227686882019
1,Base E5,-0.020805537700653
1,Base E5,-0.0218311548233032
1,Base E5,0.0459315180778503
1,Base E5,-0.0429359674453735
1,Base E5,0.0544415712356567
1,Base E5,0.0300460457801818
1,Base E5,0.0302295684814453
1,Base E5,0.0087447166442871
1,Base E5,0.0204302072525024
1,Base E5,0.0243971943855285
1,Base E5,-0.0294365882873535
1,Base E5,0.0119940638542175
1,Base E5,0.0038995146751403
1,Base E5,-0.0139914751052856
1,Base E5,0.0134836435317993
1,Base E5,0.0013195276260375
1,Base E5,0.0114558935165405
1,Base E5,-0.0091907382011413
1,Base E5,0.0282118916511535
1,Base E5,-0.0241413712501525
1,Base E5,0.0115217566490173
1,Base E5,0.0172637701034545
1,Base E5,0.0173552632331848
1,Base E5,-0.0323446393013
1,Base E5,-0.0181968808174133
1,Base E5,0.0188239216804504
1,Base E5,-0.0033787488937377
1,Base E5,-0.0058426260948181
1,Base E5,-0.0078781247138977
1,Base E5,-0.0237824320793151
1,Base E5,0.0198070406913757
1,Base E5,-0.0117545127868652
1,Base E5,-0.0084565877914428
1,Base E5,-0.0043650269508361
1,Base E5,-0.0176600217819213
1,Base E5,-0.0079764723777771
1,Base E5,-0.0393614172935485
1,Base E5,-0.0261939167976379
1,Base E5,0.0228900909423828
1,Base E5,-0.0076122879981994
1,Base E5,1.615285873413086e-05
1,Base E5,0.0078384280204772
1,Base E5,0.0350037217140197
1,Base E5,-0.0100988149642944
1,Base E5,0.041599154472351
1,Base E5,0.0223195552825927
1,Base E5,-0.0305135846138
1,Base E5,0.0280718207359313
1,Base E5,0.0320972800254821
1,Base E5,-0.0384719967842102
1,Base E5,0.0481846332550048
1,Base E5,0.0300698280334472
1,Base E5,0.0035545825958251
1,Base E5,-0.0223020315170288
1,Base E5,0.0403190851211547
1,Base E5,0.0301783680915832
1,Base E5,-0.0041916370391845
1,Base E5,0.0264167189598083
1,Base E5,0.0659743547439575
1,Base E5,-0.0321490168571472
1,Base E5,0.0383938550949096
1,Base E5,-0.0070067048072814
1,Base E5,0.0301689505577087
1,Base E5,0.0504965782165527
1,Base E5,-0.05978524684906
1,Base E5,-0.0381521582603454
1,Base E5,0.016304612159729
1,Base E5,0.0233179330825805
1,Base E5,0.0582634806632995
1,Base E5,0.0296337604522705
1,Base E5,0.0403851270675659
1,Base E5,-0.0072467327117919
1,Base E5,-0.0890325307846069
1,Base E5,-0.0443439483642578
1,Base E5,-0.0447853207588195
1,Base E5,-0.002337634563446
1,Base E5,-0.0472510457038879
1,Base E5,0.0277684330940246
1,Base E5,0.0404695272445678
1,Base E5,-0.01767098903656
1,Base E5,0.048192024230957
1,Base E5,-0.021271526813507
1,Base E5,-0.008998692035675
1,Base E5,0.0334148406982421
1,Base E5,-0.0397337675094604
1,Base E5,-0.0206290483474731
1,Base E5,0.0238934755325317
1,Base E5,0.0109331011772155
1,Base E5,0.0045480728149414
1,Base E5,0.066510260105133
1,Base E5,0.0107939839363098
1,Base E5,0.028691828250885
1,Base E5,0.0381227731704711
1,Base E5,0.0393075346946716
1,Base E5,0.0393969416618347
1,Base E5,0.0390722751617431
1,Base E5,0.0347660779953002
1,Base E5,0.0217791199684143
1,Base E5,0.0915188193321228
1,Base E5,-0.0139743089675903
1,Base E5,0.0523920059204101
1,Base E5,-0.0301774740219116
1,Base E5,-0.0160778760910034
1,Base E5,-0.0151754021644592
1,Base E5,0.0164626836776733
1,Base E5,0.0056951642036437
1,Base E5,-0.0732419490814209
1,Base E5,0.0029463171958923
1,Base E5,0.0492406487464904
1,Base E5,0.072839617729187
1,Base E5,0.0060471892356872
1,Base E5,0.0532349944114685
1,Base E5,0.0683050155639648
1,Base E5,0.0096561312675476
1,Base E5,-0.0024929046630859
1,Base E5,0.0696763396263122
1,Base E5,-0.014759361743927
1,Base E5,0.0284088850021362
1,Base E5,0.0278116464614868
1,Base E5,-0.0099864602088928
1,Base E5,0.0606608986854553
1,Base E5,0.0282063484191894
1,Base E5,0.0198199152946472
1,Base E5,-0.0223200917243957
1,Base E5,-0.0061658024787902
1,Base E5,0.0410867929458618
1,Base E5,0.0078459978103637
1,Base E5,0.0163660049438476
1,Base E5,0.0458568334579467
1,Base E5,0.0275919437408447
1,Base E5,0.0697365403175354
1,Base E5,0.0005298852920532
1,Base E5,0.0315265655517578
1,Base E5,0.0171758532524108
1,Base E5,0.0407155156135559
1,Base E5,-0.0170627832412719
1,Base E5,0.0064834356307983
1,Base E5,-0.0112948417663574
1,Base E5,0.0081397294998168
1,Base E5,-0.0356441140174865
1,Base E5,-0.0036957263946533
1,Base E5,0.0190850496292114
1,Base E5,-0.0633356571197509
1,Base E5,0.0204028487205505
1,Base E5,-0.0016725659370422
1,Base E5,0.0127278566360473
1,Base E5,-0.0450242161750793
1,Base E5,-0.0110512971878051
1,Base E5,0.0392267704010009
1,Base E5,0.0432667136192321
1,Base E5,0.0954346060752868
1,Base E5,0.0364162921905517
1,Base E5,0.0320551991462707
1,Base E5,0.0491893887519836
1,Base E5,-0.0158572793006896
1,Base E5,0.0210593342781066
1,Base E5,0.0299506783485412
1,Base E5,-0.0089718699455261
1,Base E5,0.0091279745101928
1,Base E5,-0.0358726382255554
1,Base E5,0.0561040043830871
1,Base E5,0.0820758342742919
1,Base E5,-6.252527236938477e-05
1,Base E5,0.0620590448379516
1,Base E5,0.1088491082191467
1,Base E5,0.0489008426666259
1,Base E5,-0.0121484994888305
1,Base E5,0.0204995870590209
1,Base E5,0.0038235187530517
1,Base E5,-0.0115307569503784
1,Base E5,0.0308612585067749
1,Base E5,0.0108914971351623
1,Base E5,-0.0201796293258667
1,Base E5,0.0078368782997131
1,Base E5,0.1324061751365661
1,Base E5,0.0245346426963806
1,Base E5,0.0364872217178344
1,Base E5,0.017743170261383
1,Base E5,0.0174722075462341
1,Base E5,0.0172901153564453
1,Base E5,-0.0004786252975463
1,Base E5,0.0352593064308166
1,Base E5,0.036159873008728
1,Base E5,0.0575239658355712
1,Base E5,0.066419243812561
1,Base E5,0.0211474299430847
1,Base E5,0.0711744427680969
1,Base E5,0.0497260689735412
1,Base E5,0.034481942653656
1,Base E5,0.0221832990646362
1,Base E5,-0.0044711828231811
1,Base E5,-0.0080078840255737
1,Base E5,0.0524563193321228
1,Base E5,0.0203685760498046
1,Base E5,0.0668887495994567
1,Base E5,-0.0139650702476501
1,Base E5,0.064868688583374
1,Base E5,0.0290461182594299
1,Base E5,0.0037137269973754
1,Base E5,0.0125553011894226
1,Base E5,-0.0052456855773925
1,Base E5,0.0249505043029785
1,Base E5,-0.0409287214279174
1,Base E5,0.0336284041404724
1,Base E5,0.0636956691741943
1,Base E5,0.0387516021728515
1,Base E5,-0.0372750759124755
1,Base E5,0.0206778645515441
1,Base E5,0.0273892283439636
1,Base E5,-0.0155941843986511
1,Base E5,-0.0297023653984069
1,Base E5,0.0356636047363281
1,Base E5,-0.0225601196289062
1,Base E5,0.0133484601974487
1,Base E5,-0.0151846408843994
1,Base E5,0.0115268230438232
1,Base E5,0.0843985676765441
1,Base E5,0.0162039399147033
1,Base E5,0.0391415357589721
1,Base E5,0.0124781131744384
1,Base E5,0.0159900188446044
1,Base E5,0.0428593754768371
1,Base E5,-0.0443468689918518
1,Base E5,0.0274057984352111
1,Base E5,0.0916738510131836
1,Base E5,0.0060005187988281
1,Base E5,0.0305681228637695
1,Base E5,-0.0330867171287536
1,Base E5,0.0469444394111633
1,Base E5,0.0369918346405029
1,Base E5,-0.0273007750511169
1,Base E5,0.0567134022712707
1,Base E5,0.0259557366371154
1,Base E5,-0.036746323108673
1,Base E5,0.0372267365455627
1,Base E5,-0.0602678656578063
1,Base E5,0.0942469835281372
1,Base E5,0.0560826659202575
1,Base E5,-0.0055632591247558
1,Base E5,0.0341711640357971
1,Base E5,0.0558732151985168
1,Base E5,-0.0182734727859497
1,Base E5,-0.0264851450920104
1,Base E5,0.0239773392677307
1,Base E5,0.0814906358718872
1,Base E5,0.0406516790390014
1,Base E5,0.0617082715034484
1,Base E5,0.0402998924255371
1,Base E5,0.0986154675483703
1,Base E5,0.0637047886848449
1,Base E5,0.1062186360359191
1,Base E5,0.0534635782241821
1,Base E5,0.033160924911499
1,Base E5,0.0446226000785827
1,Base E5,0.1075767278671264
1,Base E5,0.0286905169486999
1,Base E5,0.0302486419677734
1,Base E5,0.0371491312980651
1,Base E5,0.0466057062149047
1,Base E5,-0.0016025900840759
1,Base E5,0.0006285905838012
1,Base E5,-0.0396726131439209
1,Base E5,0.0853176116943359
1,Base E5,0.0100499391555786
1,Base E5,0.0472515821456909
1,Base E5,0.0689453482627868
1,Base E5,0.0114571452140808
1,Base E5,-0.0054793953895568
1,Base E5,0.0038274526596069
1,Base E5,0.0679662823677063
1,Base E5,0.089124858379364
1,Base E5,0.0679813027381897
1,Base E5,0.0655925869941711
1,Base E5,0.0615466833114624
1,Base E5,0.0092870593070983
1,Base E5,0.0356420278549194
1,Base E5,0.0475326180458068
1,Base E5,0.0558106303215026
1,Base E5,0.0194638967514038
1,Base E5,0.0209653377532959
1,Base E5,-0.029495894908905
1,Base E5,0.0620080828666687
1,Base E5,0.0576252341270446
1,Base E5,0.0305323600769042
1,Base E5,0.0477204322814941
1,Base E5,0.0098937153816223
1,Base E5,0.0253061652183532
1,Base E5,0.0349393486976623
1,Base E5,0.0692891478538513
1,Base E5,0.0279446244239807
1,Base E5,0.0050133466720581
1,Base E5,0.0413313508033752
1,Base E5,0.0321894884109497
1,Base E5,0.0017626881599426
1,Base E5,0.0214736461639404
1,Base E5,0.0131685137748718
1,Base E5,0.0694817304611206
1,Base E5,0.0316416025161743
1,Base E5,0.040356695652008
1,Base E5,0.0093228816986083
1,Base E5,0.060333251953125
1,Base E5,-0.0015749335289001
1,Base E5,0.0525112152099609
1,Base E5,0.0131897926330566
1,Base E5,0.0365534424781799
1,Base E5,0.0228287577629089
1,Base E5,0.054728627204895
1,Base E5,0.0271514058113098
1,Base E5,0.0311211347579956
1,Base E5,0.0166825652122497
1,Base E5,0.1165920495986938
1,Base E5,-0.0184765458106994
1,Base E5,0.0747978687286377
1,Base E5,0.0326385498046875
1,Base E5,0.038448691368103
1,Base E5,0.0286506414413452
1,Base E5,0.0413263440132141
1,Base E5,0.0110427737236022
1,Base E5,0.0495203137397766
1,Base E5,0.0156755447387695
1,Base E5,-0.0060116052627563
1,Base E5,0.0263723731040954
1,Base E5,0.0423970222473144
1,Base E5,-0.0201753377914428
1,Base E5,0.0185866951942443
1,Base E5,0.0235147476196289
1,Base E5,-0.0074039101600646
1,Base E5,0.045418381690979
1,Base E5,-0.0226198434829711
1,Base E5,-0.0299076437950134
1,Base E5,0.0174388289451599
1,Base E5,0.0027891993522644
1,Base E5,0.0604936480522155
1,Base E5,0.0020054578781127
1,Base E5,0.0374988317489624
1,Base E5,0.0189930200576782
1,Base E5,0.0076199173927307
1,Base E5,-7.611513137817383e-05
1,Base E5,0.0401086807250976
1,Base E5,0.0332783460617065
1,Base E5,0.0108171701431274
1,Base E5,0.0806178450584411
1,Base E5,0.1186208128929138
1,Base E5,0.0589431524276733
1,Base E5,0.04962158203125
1,Base E5,0.0063872337341308
1,Base E5,0.016300082206726
1,Base E5,0.0499634146690368
1,Base E5,0.0310789346694946
1,Base E5,0.0248675346374511
1,Base E5,0.027346134185791
1,Base E5,0.0336626768112182
1,Base E5,0.0110277533531188
1,Base E5,-0.0433716773986816
1,Base E5,0.0033514499664306
1,Base E5,0.0097303390502929
1,Base E5,0.0269597768783569
1,Base E5,0.020982801914215
1,Base E5,0.0182807445526123
1,Base E5,-0.0013527274131774
1,Base E5,0.0158799886703491
1,Base E5,0.0282312631607055
1,Base E5,0.0530759692192077
1,Base E5,0.0367161035537719
1,Base E5,0.0201284885406494
1,Base E5,0.0334143042564392
1,Base E5,0.0105530619621276
1,Base E5,-0.0014988780021667
1,Base E5,0.050128161907196
1,Base E5,0.0797794461250305
1,Base E5,0.0293622016906738
1,Base E5,0.0469430088996887
1,Base E5,0.0230107903480529
1,Base E5,0.0339571833610534
1,Base E5,0.0625767707824707
1,Base E5,0.0143294334411621
1,Base E5,0.0231428146362304
1,Base E5,-0.0350314974784851
1,Base E5,0.0379654765129089
1,Base E5,0.0216754674911499
1,Base E5,0.0003410577774047
1,Base E5,0.0360469222068786
1,Base E5,0.0536996126174926
1,Base E5,0.0558890700340271
1,Base E5,0.0527336001396179
1,Base E5,-0.0041292309761047
1,Base E5,-0.0129638314247131
1,Base E5,0.0276013612747192
1,Base E5,0.0429901480674743
1,Base E5,0.011915385723114
1,Base E5,0.0134084820747375
1,Base E5,0.0313829183578491
1,Base E5,0.0190109610557556
1,Base E5,0.0247713327407836
1,Base E5,0.0039182901382446
1,Base E5,-0.0065342783927917
1,Base E5,0.0374044775962829
1,Base E5,-0.003599464893341
1,Base E5,0.0389328002929687
1,Base E5,7.94529914855957e-05
1,Base E5,0.0054121613502502
1,Base E5,-0.0105838179588317
1,Base E5,0.0035080313682556
1,Base E5,0.0021588206291198
1,Base E5,0.0263182520866394
1,Base E5,-0.0045484900474548
1,Base E5,-0.0232763290405273
1,Base E5,0.0037140250205993
1,Base E5,0.0246374607086181
1,Base E5,-0.0032453536987304
1,Base E5,0.0866027474403381
1,Base E5,-0.0145490765571594
1,Base E5,0.004057765007019
1,Base E5,0.0321161746978759
1,Base E5,0.0170663595199584
1,Base E5,0.0484548211097717
1,Base E5,0.053594172000885
1,Base E5,0.0612769126892089
1,Base E5,0.0245114564895629
1,Base E5,0.0055688023567199
1,Base E5,0.0249866247177124
1,Base E5,0.0718691349029541
1,Base E5,0.0307206511497497
1,Base E5,-0.0218408703804016
1,Base E5,0.0463742017745971
1,Base E5,0.0307793617248535
1,Base E5,0.0097249746322631
1,Base E5,0.0288343429565429
1,Base E5,0.0189725756645202
1,Base E5,0.0316241383552551
1,Base E5,0.0323873162269592
1,Base E5,-0.0072301626205444
1,Base E5,0.0394867658615112
1,Base E5,-0.0045820474624633
1,Base E5,0.0402711033821105
1,Base E5,0.0006676912307739
1,Base E5,0.0095660686492919
1,Base E5,-0.0353965163230896
1,Base E5,0.0100100040435791
1,Base E5,-0.0083807706832885
1,Base E5,0.0260323286056518
1,Base E5,0.0490497350692749
1,Base E5,0.0263527631759643
1,Base E5,0.0255241990089416
1,Base E5,-0.013458251953125
1,Base E5,-0.0031686425209045
1,Base E5,0.0539731383323669
1,Base E5,0.0067083835601806
1,Base E5,0.0730803608894348
1,Base E5,-0.0002694725990295
1,Base E5,0.0330190658569335
1,Base E5,-0.0224911570549011
1,Base E5,0.0507643222808837
1,Base E5,0.0681322813034057
1,Base E5,0.051968514919281
1,Base E5,0.0653851628303527
1,Base E5,0.0206518173217773
1,Base E5,0.0519184470176696
1,Base E5,-0.0222952961921691
1,Base E5,0.0135427713394165
1,Base E5,0.0326109528541564
1,Base E5,-0.022798478603363
1,Base E5,0.0437676310539245
1,Base E5,-0.0021115541458129
1,Base E5,-0.0020542740821838
1,Base E5,0.0277266502380371
1,Base E5,0.0678533315658569
1,Base E5,-0.0250810980796813
1,Base E5,0.0091359615325927
1,Base E5,0.0250971913337707
1,Base E5,0.0090478658676147
1,Base E5,0.0392253398895263
1,Base E5,0.051127552986145
1,Base E5,0.0496736764907836
1,Base E5,0.0599442720413208
1,Base E5,0.0210228562355041
1,Base E5,0.0434112548828125
1,Base E5,0.0141355991363525
1,Base E5,0.010152518749237
1,Base E5,0.0010492801666259
1,Base E5,0.0911746621131897
1,Base E5,0.0289990901947021
1,Base E5,0.0404245853424072
1,Base E5,0.0357228517532348
1,Base E5,0.017000675201416
1,Base E5,0.0290092825889587
1,Base E5,0.0224272608757019
1,Base E5,0.0210961699485778
1,Base E5,0.0239592790603637
1,Base E5,-0.0034440755844116
1,Base E5,0.0331279635429382
1,Base E5,-0.026319146156311
1,Base E5,0.0256915092468261
1,Base E5,0.034257173538208
1,Base E5,0.0153820514678955
1,Base E5,0.0372878313064575
1,Base E5,0.0117270350456237
1,Base E5,0.0516266226768493
1,Base E5,0.0074084401130676
1,Base E5,0.0343255400657653
1,Base E5,0.0173841118812561
1,Base E5,-0.0029157996177673
1,Base E5,0.0019676089286804
1,Base E5,0.0258578062057495
1,Base E5,0.012441337108612
1,Base E5,0.0201236009597778
1,Base E5,-0.0169696807861328
1,Base E5,0.0218032598495483
1,Base E5,0.0494728088378906
1,Base E5,0.0472452640533447
1,Base E5,0.0232981443405151
1,Base E5,-0.0070511698722839
1,Base E5,-0.0211498737335205
1,Base E5,0.00655198097229
1,Base E5,0.0050400495529174
1,Base E5,0.037266731262207
1,Base E5,0.0658312439918518
1,Base E5,0.02052903175354
1,Base E5,0.0402911901473999
1,Base E5,-0.0027858018875122
1,Base E5,0.0841035842895507
1,Base E5,0.0099514126777648
1,Base E5,0.0483447313308715
1,Base E5,0.0069114565849304
1,Base E5,0.0728225708007812
1,Base E5,0.0055649876594543
1,Base E5,0.0886719226837158
1,Base E5,0.0385211110115051
1,Base E5,0.0091212391853332
1,Base E5,0.0237837433815002
1,Base E5,0.0020341873168945
1,Base E5,0.0567753911018371
1,Base E5,0.0104235410690307
1,Base E5,-0.0114136338233947
1,Base E5,0.0106059312820434
1,Base E5,-0.003100037574768
1,Base E5,-0.0042959451675415
1,Base E5,0.0529919266700744
1,Base E5,0.0527909994125366
1,Base E5,0.0511055588722229
1,Base E5,0.021661102771759
1,Base E5,0.0129103660583496
1,Base E5,0.0224683284759521
1,Base E5,0.0202860236167907
1,Base E5,0.020816147327423
1,Base E5,-0.0072811245918273
1,Base E5,0.0201552510261535
1,Base E5,0.0051145553588867
1,Base E5,0.0779895782470703
1,Base E5,0.0193110108375549
1,Base E5,-0.0055499672889709
1,Base E5,0.066827654838562
1,Base E5,0.0385672450065612
1,Base E5,0.0291055440902709
1,Base E5,0.0577003955841064
1,Base E5,0.0654613971710205
1,Base E5,0.0676607489585876
1,Base E5,0.0203994512557983
1,Base E5,0.0522645711898803
1,Base E5,0.0384213924407959
1,Base E5,0.0384070873260498
1,Base E5,0.0039253830909729
1,Base E5,-0.036375343799591
1,Base E5,0.0089491605758667
1,Base E5,0.0550524592399597
1,Base E5,0.0683498382568359
1,Base E5,0.032700777053833
1,Base E5,0.0411533713340759
1,Base E5,0.0360184907913208
1,Base E5,0.0571050643920898
1,Base E5,-0.0009693503379821
1,Base E5,0.0513066053390502
1,Base E5,0.0274071097373962
1,Base E5,-0.0021660327911376
1,Base E5,0.0596163272857666
1,Base E5,-0.0083025097846984
1,Base E5,0.0292606949806213
1,Base E5,0.0600819587707519
1,Base E5,0.0110055208206176
1,Base E5,0.0604292750358581
1,Base E5,0.0207105875015258
1,Base E5,0.0696346163749694
1,Base E5,0.0162619948387146
1,Base E5,0.0835714340209961
1,Base E5,0.0358296632766723
1,Base E5,0.0083184242248535
1,Base E5,0.0274328589439392
1,Base E5,0.0564309954643249
1,Base E5,0.065017819404602
1,Base E5,0.0078868269920349
1,Base E5,0.067980408668518
1,Base E5,0.0624894499778747
1,Base E5,0.0504409670829772
1,Base E5,0.0451049208641052
1,Base E5,0.0540224313735961
1,Base E5,0.0206166505813598
1,Base E5,0.0099965929985046
1,Base E5,0.0500497221946716
1,Base E5,0.0154274106025695
1,Base E5,0.0245676040649414
1,Base E5,0.0504597425460815
1,Base E5,0.0454738140106201
1,Base E5,0.0191453695297241
1,Base E5,-0.0009887814521789
1,Base E5,0.0366669297218322
1,Base E5,0.0512666702270507
1,Base E5,0.0401365756988525
1,Base E5,0.0177618861198425
1,Base E5,0.0248910784721374
1,Base E5,0.0318455100059509
1,Base E5,0.0697405934333801
1,Base E5,0.0584281682968139
1,Base E5,0.017993688583374
1,Base E5,0.0490856766700744
1,Base E5,0.0477398037910461
1,Base E5,0.0129979252815246
1,Base E5,0.0345510244369506
1,Base E5,0.0463131666183471
1,Base E5,0.0602496862411499
1,Base E5,0.030260682106018
1,Base E5,-0.010434091091156
1,Base E5,0.0532552599906921
1,Base E5,0.0357688665390014
1,Base E5,0.0395569205284118
1,Base E5,0.0024747848510742
1,Base E5,0.0948652625083923
1,Base E5,0.0300655961036682
1,Base E5,0.0384640097618103
1,Base E5,0.0695120692253112
1,Base E5,-0.0026293396949768
1,Base E5,0.008829116821289
1,Base E5,0.0455393195152282
1,Base E5,0.008313775062561
1,Base E5,0.0356685519218444
1,Base E5,0.0326335430145263
1,Base E5,0.0195482373237609
1,Base E5,0.0335279703140258
1,Base E5,0.0485928058624267
1,Base E5,0.0159379243850708
1,Base E5,-0.0742507576942443
1,Base E5,0.0106479525566101
1,Base E5,0.1136122941970825
1,Base E5,0.0399930477142334
1,Base E5,0.0477449297904968
1,Base E5,0.0324277281761169
1,Base E5,0.0191622376441955
1,Base E5,0.0096725225448608
1,Base E5,-0.0280001759529113
1,Base E5,0.0795484781265258
1,Base E5,0.0023266077041625
1,Base E5,0.0421797633171081
1,Base E5,0.072978138923645
1,Base E5,0.0901352167129516
1,Base E5,0.0132873654365539
1,Base E5,-0.0023350715637207
1,Base E5,0.0368463397026062
1,Base E5,0.0124076008796691
1,Base E5,0.0332766771316528
1,Base E5,0.0465431809425354
1,Base E5,0.0039275288581848
1,Base E5,0.1035431623458862
1,Base E5,0.0287814140319824
1,Base E5,-0.0037634968757629
1,Base E5,0.0252954959869384
1,Base E5,0.0338178277015686
1,Base E5,0.0707406401634216
1,Base E5,0.009449303150177
1,Base E5,0.044390857219696
1,Base E5,0.0653586983680725
1,Base E5,0.0111368298530578
1,Base E5,0.0839315056800842
1,Base E5,0.0457391738891601
1,Base E5,0.1096973419189453
1,Base E5,0.0970370173454284
1,Base E5,-0.0134755969047546
1,Base E5,0.0181190967559814
1,Base E5,0.026436448097229
1,Base E5,0.0107233524322509
1,Base E5,0.0485342144966125
1,Base E5,-0.0147401094436645
1,Base E5,0.039325475692749
1,Base E5,0.0730103850364685
1,Base E5,0.055665373802185
1,Base E5,0.0540896654129028
1,Base E5,0.031706154346466
1,Base E5,0.0465060472488403
1,Base E5,0.0487061142921447
1,Base E5,0.0297729969024658
1,Base E5,0.0617969036102294
1,Base E5,0.0738399624824523
1,Base E5,0.0595139265060424
1,Base E5,0.0063574314117431
1,Base E5,0.0013390183448791
1,Base E5,0.0606913566589355
1,Base E5,0.0459427237510681
1,Base E5,-0.0095045566558837
1,Base E5,0.1068437695503234
1,Base E5,0.070435881614685
1,Base E5,0.0519098043441772
1,Base E5,0.0562744736671447
1,Base E5,0.0440010428428649
1,Base E5,0.0475612878799438
1,Base E5,0.0252591371536254
1,Base E5,0.0135083198547363
1,Base E5,0.0122268199920654
1,Base E5,0.0756821632385253
1,Base E5,0.0696858167648315
1,Base E5,0.091621458530426
1,Base E5,0.073323369026184
1,Base E5,0.0311941504478454
1,Base E5,0.0525928735733032
1,Base E5,0.0144028663635253
1,Base E5,0.0251142978668212
1,Base E5,0.0322848558425903
1,Base E5,0.0598021745681762
1,Base E5,0.0389806628227233
1,Base E5,0.0407217741012573
1,Base E5,0.0212389826774597
1,Base E5,0.0252927541732788
1,Base E5,-0.0027198791503906
1,Base E5,0.0189201831817626
1,Base E5,0.0135892033576965
1,Base E5,-0.0013418793678283
1,Base E5,0.0706475973129272
1,Base E5,0.0518963932991027
1,Base E5,0.0085629224777221
1,Base E5,0.0472221970558166
1,Base E5,0.0205751657485961
1,Base E5,0.097689151763916
1,Base E5,0.0725060701370239
1,Base E5,0.0328574776649475
1,Base E5,0.0782756209373474
1,Base E5,0.0489216446876525
1,Base E5,0.0049753189086914
1,Base E5,0.020653486251831
1,Base E5,0.0272527337074279
1,Base E5,0.0278120040893554
1,Base E5,0.0092428922653198
1,Base E5,-0.013656198978424
1,Base E5,-0.0252265334129333
1,Base E5,0.0677478909492492
1,Base E5,0.0199206471443176
1,Base E5,-0.0058805346488952
1,Base E5,0.0345253348350524
1,Base E5,0.0391396284103393
1,Base E5,-0.0192651152610778
1,Base E5,0.0294978022575378
1,Base E5,0.0086337924003601
1,Base E5,0.0667735934257507
1,Base E5,0.0437294840812683
1,Base E5,-0.0001837611198425
1,Base E5,0.0207813382148742
1,Base E5,0.0504913330078125
1,Base E5,0.0157228112220764
1,Base E5,0.0275787115097045
1,Base E5,0.0515498518943786
1,Base E5,0.0493547320365905
1,Base E5,0.0540525913238525
1,Base E5,0.0336861014366149
1,Base E5,0.036457359790802
1,Base E5,0.051686942577362
1,Base E5,0.0470727086067199
1,Base E5,0.0096629858016967
1,Base E5,0.0718852877616882
1,Base E5,0.0510817766189575
1,Base E5,0.0918555259704589
1,Base E5,0.0142598748207092
1,Base E5,0.0298437476158142
1,Base E5,0.0193398594856262
1,Base E5,0.0628173947334289
1,Base E5,0.0324175953865051
1,Base E5,0.0214576721191406
1,Base E5,0.0403637290000915
1,Base E5,0.0849950909614563
1,Base E5,0.0581433176994323
1,Base E5,0.0041337013244628
1,Base E5,-0.0191648602485656
1,Base E5,0.0627589225769043
1,Base E5,0.0167202949523925
1,Base E5,0.0466423034667968
1,Base E5,0.043106198310852
1,Base E5,0.0762221813201904
1,Base E5,0.0505964756011962
1,Base E5,0.0508032441139221
1,Base E5,0.1243782043457031
1,Base E5,0.0700587034225463
1,Base E5,0.0260105729103088
1,Base E5,0.0382662415504455
1,Base E5,0.0608665347099304
1,Base E5,0.052057921886444
1,Base E5,0.0597550272941589
1,Base E5,-0.0204662680625915
1,Base E5,0.0567126274108886
1,Base E5,0.0481107831001281
1,Base E5,0.0476213097572326
1,Base E5,-0.0020976066589355
1,Base E5,0.041732907295227
1,Base E5,0.0023466348648071
1,Base E5,-0.0195609927177429
1,Base E5,0.0271928310394287
1,Base E5,-0.0062012672424316
1,Base E5,-0.0046413540840148
1,Base E5,0.0278372168540954
1,Base E5,0.036827266216278
1,Base E5,-0.0663400888442993
1,Base E5,0.1304858922958374
1,Base E5,0.0366132855415344
1,Base E5,0.042337954044342
1,Base E5,0.0685523748397827
1,Base E5,0.0959718227386474
1,Base E5,0.0261595845222473
1,Base E5,0.0551781058311462
1,Base E5,0.0821720957756042
1,Base E5,-0.0144636034965515
1,Base E5,0.0612390637397766
1,Base E5,0.0160321593284606
1,Base E5,-0.0190041661262512
1,Base E5,0.032593548297882
1,Base E5,-0.0433990955352783
1,Base E5,-0.0349326729774475
1,Base E5,0.0072945356369018
1,Base E5,0.0331788063049316
1,Base E5,-0.0035390853881835
1,Base E5,0.0464310050010681
1,Base E5,-0.0155701041221618
1,Base E5,0.0099856257438659
1,Base E5,0.0271350145339965
1,Base E5,0.0547413825988769
1,Base E5,0.0762987732887268
1,Base E5,0.0229514241218566
1,Base E5,0.0191925764083862
1,Base E5,0.0029544830322265
1,Base E5,0.0816769003868103
1,Base E5,0.0476731657981872
1,Base E5,0.04120534658432
1,Base E5,0.0317963361740112
1,Base E5,0.0721306204795837
1,Base E5,0.0592240691184997
1,Base E5,-0.0345419049263
1,Base E5,0.0021048188209533
1,Base E5,-0.039448857307434
1,Base E5,0.0507859587669372
1,Base E5,0.0126428604125976
1,Base E5,0.0241473317146301
1,Base E5,0.0549269318580627
1,Base E5,0.0096368193626403
1,Base E5,0.0926472544670105
1,Base E5,0.0533433556556701
1,Base E5,-0.0255224704742431
1,Base E5,0.0149844288825988
1,Base E5,0.033398687839508
1,Base E5,0.0001360177993774
1,Base E5,0.0105674862861633
1,Base E5,0.0055867433547973
1,Base E5,0.0084301233291625
1,Base E5,0.0185474753379821
1,Base E5,0.0454155206680297
1,Base E5,-0.0019323825836181
1,Base E5,0.0450282096862793
1,Base E5,0.0273786783218383
1,Base E5,0.0479598641395568
1,Base E5,-0.0125234127044677
1,Base E5,-0.0224354863166809
1,Base E5,0.0188814997673034
1,Base E5,0.0625122189521789
1,Base E5,0.0367726683616638
1,Base E5,0.0297832489013671
1,Base E5,0.0251613855361938
1,Base E5,0.0356953144073486
1,Base E5,0.0818763971328735
1,Base E5,0.0315215587615966
1,Base E5,0.0360183715820312
1,Base E5,0.0695787668228149
1,Base E5,0.0161865353584289
1,Base E5,0.0350920557975769
1,Base E5,0.0176171660423278
1,Base E5,0.0770148634910583
1,Base E5,0.0633637309074401
1,Base E5,0.0269423127174377
1,Base E5,0.0674576163291931
1,Base E5,0.0363824367523193
1,Base E5,0.0219167470932006
1,Base E5,0.0185915231704711
1,Base E5,-0.0118216872215271
1,Base E5,0.0302496552467346
1,Base E5,0.0493873953819274
1,Base E5,-0.0288860201835632
1,Base E5,0.0464452505111694
1,Base E5,0.0700592398643493
1,Base E5,0.0357028841972351
1,Base E5,7.18235969543457e-05
1,Base E5,0.04126638174057
1,Base E5,0.0277000665664672
1,Base E5,0.0375292897224426
1,Base E5,0.0405012369155883
1,Base E5,0.038444697856903
1,Base E5,0.1013929843902587
1,Base E5,0.0733326077461242
1,Base E5,0.0102014541625976
1,Base E5,0.0251502394676208
1,Base E5,0.049865186214447
1,Base E5,0.0300296545028686
1,Base E5,-0.0037762522697448
1,Base E5,0.0141078829765319
1,Base E5,0.0368839502334594
1,Base E5,0.0319994688034057
1,Base E5,0.100953459739685
1,Base E5,0.077229619026184
1,Base E5,0.0361267328262329
1,Base E5,-0.0091553926467895
1,Base E5,0.0271975398063659
1,Base E5,0.0129700899124145
1,Base E5,0.0408653616905212
1,Base E5,0.0346437692642211
1,Base E5,-0.0325856208801269
1,Base E5,0.0308390259742736
1,Base E5,0.0942597389221191
1,Base E5,-0.0031468272209167
1,Base E5,0.0278561115264892
1,Base E5,-0.0069702267646789
1,Base E5,0.0273337364196777
1,Base E5,0.0167641639709472
1,Base E5,0.0326703786849975
1,Base E5,0.030656099319458
1,Base E5,0.0289614200592041
1,Base E5,0.0569156408309936
1,Base E5,0.041389524936676
1,Base E5,-0.0254210233688354
1,Base E5,0.0390404462814331
1,Base E5,0.0698003768920898
1,Base E5,0.039978802204132
1,Base E5,0.0480194091796875
1,Base E5,0.0523896217346191
1,Base E5,0.002705693244934
1,Base E5,0.0557944178581237
1,Base E5,-0.0129753351211547
1,Base E5,0.0435988903045654
1,Base E5,0.0186770558357238
1,Base E5,0.0432456135749816
1,Base E5,0.0119349956512451
1,Base E5,0.029866337776184
1,Base E5,-0.0109565258026123
1,Base E5,0.0009416341781616
1,Base E5,0.0324827432632446
1,Base E5,0.0331024527549743
1,Base E5,0.0295405387878417
1,Base E5,0.0328170657157897
1,Base E5,0.0654882192611694
1,Base E5,0.0361772179603576
1,Base E5,0.0427867174148559
1,Base E5,-0.0024155378341674
1,Base E5,0.0378279089927673
1,Base E5,0.0712257623672485
1,Base E5,0.0691791176795959
1,Base E5,0.0471273064613342
1,Base E5,0.0014111995697021
1,Base E5,0.0487821102142334
1,Base E5,0.0433165431022644
1,Base E5,0.0256044864654541
1,Base E5,0.029446542263031
1,Base E5,0.0265451669692993
1,Base E5,-0.0264257788658142
1,Base E5,0.0172458887100219
1,Base E5,0.0302107334136962
1,Base E5,-0.0052623152732849
1,Base E5,-0.0072632431983947
1,Base E5,0.003286063671112
1,Base E5,0.0039548277854919
1,Base E5,0.066196322441101
1,Base E5,0.01578950881958
1,Base E5,-0.0039275288581848
1,Base E5,0.0362019538879394
1,Base E5,0.0194966793060302
1,Base E5,0.0062239170074462
1,Base E5,0.001564085483551
1,Base E5,-0.0097217559814453
1,Base E5,0.0233237743377685
1,Base E5,0.0265782475471496
1,Base E5,-0.0071715116500854
1,Base E5,0.0136981010437011
1,Base E5,0.0233972072601318
1,Base E5,0.006180465221405
1,Base E5,0.0614203810691833
1,Base E5,-0.0114567875862121
1,Base E5,0.0631753802299499
1,Base E5,0.064075231552124
1,Base E5,0.0965933203697204
1,Base E5,0.0194827318191528
1,Base E5,-0.008512258529663
1,Base E5,0.0451113581657409
1,Base E5,0.0521629452705383
1,Base E5,0.0160272121429443
1,Base E5,-0.0137417912483215
1,Base E5,0.0205586552619934
1,Base E5,0.0036420822143554
1,Base E5,0.0403562784194946
1,Base E5,0.1027984023094177
1,Base E5,0.0681904554367065
1,Base E5,0.0381025075912475
1,Base E5,0.0427267551422119
1,Base E5,-0.0026407241821289
1,Base E5,0.0584247708320617
1,Base E5,0.0476282835006713
1,Base E5,0.0138600468635559
1,Base E5,0.0523689985275268
1,Base E5,0.0260998606681823
1,Base E5,0.0248512029647827
1,Base E5,0.048002004623413
1,Base E5,0.0095868110656738
1,Base E5,0.0320227742195129
1,Base E5,0.0118729472160339
1,Base E5,-0.0239962339401245
1,Base E5,0.0004048943519592
1,Base E5,0.0195028781890869
1,Base E5,0.0278383493423461
1,Base E5,-0.0175408124923706
1,Base E5,-0.0190737247467041
1,Base E5,0.0186963677406311
1,Base E5,0.0968128442764282
1,Base E5,0.0530583262443542
1,Base E5,0.0871027112007141
1,Base E5,0.0624448060989379
1,Base E5,0.0493703484535217
1,Base E5,0.0600777864456176
1,Base E5,0.0048479437828063
1,Base E5,0.0443237423896789
1,Base E5,0.0280799269676208
1,Base E5,0.0355705618858337
1,Base E5,0.0351621508598327
1,Base E5,0.0442950725555419
1,Base E5,0.0200627446174621
1,Base E5,0.0713317394256591
1,Base E5,0.0890635848045349
1,Base E5,0.0479547381401062
1,Base E5,0.0099463462829589
1,Base E5,0.0671346187591552
1,Base E5,0.0016390085220336
1,Base E5,0.0175427794456481
1,Base E5,-0.0090178847312927
1,Base E5,0.0560383796691894
1,Base E5,0.0729341506958007
1,Base E5,0.0706421136856079
1,Base E5,0.0650125741958618
1,Base E5,0.0613502264022827
1,Base E5,0.0512421131134033
1,Base E5,0.0304203629493713
1,Base E5,0.0950379967689514
1,Base E5,0.0221533179283142
1,Base E5,0.0107280611991882
1,Base E5,-0.0027217268943786
1,Base E5,0.026656150817871
1,Base E5,0.0070559978485107
1,Base E5,0.0578290820121765
1,Base E5,0.0640094876289367
1,Base E5,0.020804226398468
1,Base E5,0.0149286985397338
1,Base E5,0.1154224872589111
1,Base E5,0.1089001297950744
1,Base E5,-0.0301424264907836
1,Base E5,0.0819718837738037
1,Base E5,0.073533296585083
1,Base E5,0.0373419523239135
1,Base E5,0.0463270545005798
1,Base E5,0.0316222310066223
1,Base E5,-0.0209148526191711
1,Base E5,0.0068997144699096
1,Base E5,0.0346938371658325
1,Base E5,0.0443180799484252
1,Base E5,0.0072962045669555
1,Base E5,0.0574272871017456
1,Base E5,0.0241738557815551
1,Base E5,-0.0310198664665222
1,Base E5,0.0577593445777893
1,Base E5,0.0211356878280639
1,Base E5,0.0596306920051574
1,Base E5,0.0120509266853332
1,Base E5,0.045300543308258
1,Base E5,0.0296775698661804
1,Base E5,0.046021819114685
1,Base E5,0.0407554507255554
1,Base E5,0.0044175386428833
1,Base E5,-0.0266394019126892
1,Base E5,-0.0162645578384399
1,Base E5,0.0496140718460083
1,Base E5,0.0625048875808715
1,Base E5,-0.0080504417419433
1,Base E5,0.0132445693016052
1,Base E5,-0.0198789834976196
1,Base E5,0.007997989654541
1,Base E5,0.0605656504631042
1,Base E5,0.0048149824142456
1,Base E5,-0.0379639863967895
1,Base E5,0.0896749496459961
1,Base E5,0.0248826146125793
1,Base E5,0.0062817931175231
1,Base E5,-0.0392389297485351
1,Base E5,0.0294695496559143
1,Base E5,-0.0119962096214294
1,Base E5,0.0135582089424133
1,Base E5,-0.0135930180549621
1,Base E5,-0.0168480277061462
1,Base E5,-0.0059067606925964
1,Base E5,0.0409316420555114
1,Base E5,0.0129505991935729
1,Base E5,0.1045083999633789
1,Base E5,0.0533409118652343
1,Base E5,0.0212717652320861
1,Base E5,0.0246551036834716
1,Base E5,0.0003507137298583
1,Base E5,0.0257084965705871
1,Base E5,0.0055063962936401
1,Base E5,0.0171543359756469
1,Base E5,0.0129307508468627
1,Base E5,0.0100193619728088
1,Base E5,0.0174965262413024
1,Base E5,0.0206527709960937
1,Base E5,0.046322762966156
1,Base E5,0.0324167013168334
1,Base E5,0.0460956692695617
1,Base E5,0.0146836042404174
1,Base E5,-0.0123763084411621
1,Base E5,0.0689374804496765
1,Base E5,0.0781383514404296
1,Base E5,-0.0323446393013
1,Base E5,0.0031895041465759
1,Base E5,0.0223990678787231
1,Base E5,0.0192257761955261
1,Base E5,0.0166737437248229
1,Base E5,-0.0210795402526855
1,Base E5,-0.0082619786262512
1,Base E5,0.0474514961242675
1,Base E5,0.0164886116981506
1,Base E5,0.0725393891334533
1,Base E5,0.0632619261741638
1,Base E5,-0.005772590637207
1,Base E5,0.0252416729927063
1,Base E5,-0.0140284895896911
1,Base E5,-0.014463722705841
1,Base E5,0.0520058870315551
1,Base E5,0.0038735270500183
1,Base E5,1.615285873413086e-05
1,Base E5,0.0045622587203979
1,Base E5,0.0753393769264221
1,Base E5,-0.0130606293678283
1,Fine-Tuned E5,0.2525730729103088
1,Fine-Tuned E5,0.1980824172496795
1,Fine-Tuned E5,-0.049630731344223
1,Fine-Tuned E5,0.3604585435241461
1,Fine-Tuned E5,0.37798772752285
1,Fine-Tuned E5,0.2412139773368835
1,Fine-Tuned E5,0.2555776834487915
1,Fine-Tuned E5,0.2622454762458801
1,Fine-Tuned E5,0.0875913649797439
1,Fine-Tuned E5,0.1114729642868042
1,Fine-Tuned E5,0.2294566482305526
1,Fine-Tuned E5,0.1490979790687561
1,Fine-Tuned E5,0.0255917012691497
1,Fine-Tuned E5,0.2859553247690201
1,Fine-Tuned E5,0.1034615635871887
1,Fine-Tuned E5,-0.0172459185123443
1,Fine-Tuned E5,0.3518829643726349
1,Fine-Tuned E5,0.1084592342376709
1,Fine-Tuned E5,0.1918757855892181
1,Fine-Tuned E5,0.3437249660491943
1,Fine-Tuned E5,0.1511082127690315
1,Fine-Tuned E5,0.1798444651067257
1,Fine-Tuned E5,0.243410974740982
1,Fine-Tuned E5,0.1606640219688415
1,Fine-Tuned E5,0.1409164071083068
1,Fine-Tuned E5,0.1536094397306442
1,Fine-Tuned E5,0.3109046816825866
1,Fine-Tuned E5,0.0982435941696167
1,Fine-Tuned E5,-0.1004556566476821
1,Fine-Tuned E5,-0.2844697833061218
1,Fine-Tuned E5,-0.092689611017704
1,Fine-Tuned E5,-0.1378234922885894
1,Fine-Tuned E5,0.0493969693779945
1,Fine-Tuned E5,0.1775757074356079
1,Fine-Tuned E5,-0.029656559228897
1,Fine-Tuned E5,0.2271676659584045
1,Fine-Tuned E5,0.2459743320941925
1,Fine-Tuned E5,0.0652124881744384
1,Fine-Tuned E5,0.1779866516590118
1,Fine-Tuned E5,0.0254977345466613
1,Fine-Tuned E5,-0.3066089004278183
1,Fine-Tuned E5,-0.0317941904067993
1,Fine-Tuned E5,-0.2462463602423668
1,Fine-Tuned E5,0.060886412858963
1,Fine-Tuned E5,0.0537066012620925
1,Fine-Tuned E5,0.1823567003011703
1,Fine-Tuned E5,0.1124774515628814
1,Fine-Tuned E5,0.2346320152282714
1,Fine-Tuned E5,0.3647713810205459
1,Fine-Tuned E5,0.2340368628501892
1,Fine-Tuned E5,0.2202828228473663
1,Fine-Tuned E5,0.0349111109972
1,Fine-Tuned E5,0.3559257686138153
1,Fine-Tuned E5,0.0835140943527221
1,Fine-Tuned E5,0.3903294652700424
1,Fine-Tuned E5,0.0920908153057098
1,Fine-Tuned E5,0.3031326532363891
1,Fine-Tuned E5,-0.4112422876060009
1,Fine-Tuned E5,-0.0661429017782211
1,Fine-Tuned E5,0.1063597202301025
1,Fine-Tuned E5,0.0525768399238586
1,Fine-Tuned E5,0.1096885353326797
1,Fine-Tuned E5,-0.1817014962434768
1,Fine-Tuned E5,-0.0312034487724304
1,Fine-Tuned E5,0.1005934476852417
1,Fine-Tuned E5,0.2243415415287017
1,Fine-Tuned E5,0.3800841271877289
1,Fine-Tuned E5,-0.1223308145999908
1,Fine-Tuned E5,0.2324524819850921
1,Fine-Tuned E5,-0.0102670192718505
1,Fine-Tuned E5,-0.0964312255382537
1,Fine-Tuned E5,0.198435366153717
1,Fine-Tuned E5,0.295225590467453
1,Fine-Tuned E5,0.2112227976322174
1,Fine-Tuned E5,0.1332311630249023
1,Fine-Tuned E5,-0.0435897707939147
1,Fine-Tuned E5,0.1122247278690338
1,Fine-Tuned E5,0.1831533685326576
1,Fine-Tuned E5,-0.0378935039043426
1,Fine-Tuned E5,-0.0520876869559288
1,Fine-Tuned E5,0.2009310126304626
1,Fine-Tuned E5,0.4031062945723533
1,Fine-Tuned E5,0.1667244583368301
1,Fine-Tuned E5,0.0656090974807739
1,Fine-Tuned E5,0.0286197662353515
1,Fine-Tuned E5,0.4015094041824341
1,Fine-Tuned E5,0.249874472618103
1,Fine-Tuned E5,0.3519658297300339
1,Fine-Tuned E5,0.1931466907262802
1,Fine-Tuned E5,0.1448649168014526
1,Fine-Tuned E5,0.2370016425848007
1,Fine-Tuned E5,0.1029634401202201
1,Fine-Tuned E5,0.1200898140668869
1,Fine-Tuned E5,-0.024845078587532
1,Fine-Tuned E5,0.2178463041782379
1,Fine-Tuned E5,-0.0802613496780395
1,Fine-Tuned E5,0.0589303970336914
1,Fine-Tuned E5,0.0413253009319305
1,Fine-Tuned E5,-0.2115825414657592
1,Fine-Tuned E5,-0.054230511188507
1,Fine-Tuned E5,0.0998823344707489
1,Fine-Tuned E5,0.0339554399251937
1,Fine-Tuned E5,0.2587883993983269
1,Fine-Tuned E5,0.0415286719799041
1,Fine-Tuned E5,0.05259570479393
1,Fine-Tuned E5,0.265872985124588
1,Fine-Tuned E5,0.1968445405364036
1,Fine-Tuned E5,0.0946252942085266
1,Fine-Tuned E5,0.0604282021522522
1,Fine-Tuned E5,0.0950573980808258
1,Fine-Tuned E5,0.2971428632736206
1,Fine-Tuned E5,0.0014288574457168
1,Fine-Tuned E5,0.27821184694767
1,Fine-Tuned E5,0.076667308807373
1,Fine-Tuned E5,0.0627613067626953
1,Fine-Tuned E5,-0.0565355569124221
1,Fine-Tuned E5,0.2264969199895858
1,Fine-Tuned E5,0.1783086508512497
1,Fine-Tuned E5,0.1167797446250915
1,Fine-Tuned E5,0.1106803715229034
1,Fine-Tuned E5,0.237482875585556
1,Fine-Tuned E5,0.2053537964820861
1,Fine-Tuned E5,0.072864145040512
1,Fine-Tuned E5,0.349192351102829
1,Fine-Tuned E5,0.1351493299007415
1,Fine-Tuned E5,0.1844010800123214
1,Fine-Tuned E5,0.3549761027097702
1,Fine-Tuned E5,0.0342777967453002
1,Fine-Tuned E5,-0.0623721182346344
1,Fine-Tuned E5,-0.0419442355632782
1,Fine-Tuned E5,0.3110860288143158
1,Fine-Tuned E5,-0.0119087398052215
1,Fine-Tuned E5,-0.0384656190872192
1,Fine-Tuned E5,0.1046926975250244
1,Fine-Tuned E5,0.0154876112937927
1,Fine-Tuned E5,0.1547949910163879
1,Fine-Tuned E5,0.4343871623277664
1,Fine-Tuned E5,0.3426991105079651
1,Fine-Tuned E5,0.159959614276886
1,Fine-Tuned E5,0.1919066607952118
1,Fine-Tuned E5,0.2239673882722854
1,Fine-Tuned E5,-0.0350062847137451
1,Fine-Tuned E5,0.0788949429988861
1,Fine-Tuned E5,0.1043807715177536
1,Fine-Tuned E5,0.1362884938716888
1,Fine-Tuned E5,0.2834593057632446
1,Fine-Tuned E5,0.1458655297756195
1,Fine-Tuned E5,0.0419814884662628
1,Fine-Tuned E5,-0.1451635658740997
1,Fine-Tuned E5,0.1189380288124084
1,Fine-Tuned E5,0.3423106744885444
1,Fine-Tuned E5,-0.0222258269786834
1,Fine-Tuned E5,0.3213036060333252
1,Fine-Tuned E5,0.0163746178150177
1,Fine-Tuned E5,-0.0861890614032745
1,Fine-Tuned E5,0.0406198799610137
1,Fine-Tuned E5,0.2176595032215118
1,Fine-Tuned E5,0.0250869989395141
1,Fine-Tuned E5,0.2802526801824569
1,Fine-Tuned E5,0.2466622591018676
1,Fine-Tuned E5,-0.0726341307163238
1,Fine-Tuned E5,0.0599675774574279
1,Fine-Tuned E5,-0.0424782037734985
1,Fine-Tuned E5,0.0965541750192642
1,Fine-Tuned E5,0.1329075247049331
1,Fine-Tuned E5,0.1276136338710785
1,Fine-Tuned E5,0.046507753431797
1,Fine-Tuned E5,0.07736736536026
1,Fine-Tuned E5,0.0502605736255645
1,Fine-Tuned E5,-0.1024070084095001
1,Fine-Tuned E5,0.2020798325538635
1,Fine-Tuned E5,0.1251191198825836
1,Fine-Tuned E5,0.3811542876064777
1,Fine-Tuned E5,0.0715226233005523
1,Fine-Tuned E5,0.2637546770274639
1,Fine-Tuned E5,0.1191865503787994
1,Fine-Tuned E5,0.1433775424957275
1,Fine-Tuned E5,0.1709889769554138
1,Fine-Tuned E5,0.1861766576766967
1,Fine-Tuned E5,0.2823026180267334
1,Fine-Tuned E5,0.185265451669693
1,Fine-Tuned E5,-0.0033694207668304
1,Fine-Tuned E5,0.2525974735617637
1,Fine-Tuned E5,-0.200638473033905
1,Fine-Tuned E5,0.1176709830760955
1,Fine-Tuned E5,0.3744359388947487
1,Fine-Tuned E5,-0.0306198596954345
1,Fine-Tuned E5,0.2023577690124511
1,Fine-Tuned E5,0.2675056606531143
1,Fine-Tuned E5,0.1360964477062225
1,Fine-Tuned E5,0.2219843715429306
1,Fine-Tuned E5,-0.0529955923557281
1,Fine-Tuned E5,0.1306897401809692
1,Fine-Tuned E5,0.3267505168914795
1,Fine-Tuned E5,0.0341144502162933
1,Fine-Tuned E5,0.2196368277072906
1,Fine-Tuned E5,0.2156704813241958
1,Fine-Tuned E5,0.1890681385993957
1,Fine-Tuned E5,0.1778274476528167
1,Fine-Tuned E5,0.1048599928617477
1,Fine-Tuned E5,0.1251146495342254
1,Fine-Tuned E5,0.3325263559818268
1,Fine-Tuned E5,0.146362617611885
1,Fine-Tuned E5,0.2416038513183593
1,Fine-Tuned E5,0.2895541340112686
1,Fine-Tuned E5,0.2512304186820984
1,Fine-Tuned E5,0.2043867260217666
1,Fine-Tuned E5,0.1971961855888366
1,Fine-Tuned E5,0.6670966683886945
1,Fine-Tuned E5,0.3094263076782226
1,Fine-Tuned E5,0.4984367191791534
1,Fine-Tuned E5,-0.0658630654215812
1,Fine-Tuned E5,0.2988119423389435
1,Fine-Tuned E5,0.193350838497281
1,Fine-Tuned E5,0.3472136259078979
1,Fine-Tuned E5,-0.1361193358898162
1,Fine-Tuned E5,-0.0097160041332244
1,Fine-Tuned E5,-0.0043374001979827
1,Fine-Tuned E5,0.0312535762786865
1,Fine-Tuned E5,0.0758492052555084
1,Fine-Tuned E5,0.2748873233795166
1,Fine-Tuned E5,0.180970549583435
1,Fine-Tuned E5,0.1837638169527053
1,Fine-Tuned E5,0.1195618510246276
1,Fine-Tuned E5,0.5182441715151072
1,Fine-Tuned E5,0.2536098957061767
1,Fine-Tuned E5,0.4658592715859413
1,Fine-Tuned E5,0.2869728803634643
1,Fine-Tuned E5,0.2213915884494781
1,Fine-Tuned E5,-0.0827642977237701
1,Fine-Tuned E5,-0.1629360094666481
1,Fine-Tuned E5,0.2529262602329254
1,Fine-Tuned E5,0.1731625199317932
1,Fine-Tuned E5,0.343963623046875
1,Fine-Tuned E5,0.2746135145425796
1,Fine-Tuned E5,0.181416630744934
1,Fine-Tuned E5,0.0734420120716095
1,Fine-Tuned E5,0.2141030728816986
1,Fine-Tuned E5,0.1372288167476654
1,Fine-Tuned E5,0.3114130049943924
1,Fine-Tuned E5,0.2127400040626526
1,Fine-Tuned E5,0.0364625751972198
1,Fine-Tuned E5,0.2464177012443542
1,Fine-Tuned E5,0.1058116853237152
1,Fine-Tuned E5,0.1163097321987152
1,Fine-Tuned E5,0.1412337720394134
1,Fine-Tuned E5,0.2056033015251159
1,Fine-Tuned E5,0.3023238629102707
1,Fine-Tuned E5,0.2340557873249054
1,Fine-Tuned E5,0.1034565269947052
1,Fine-Tuned E5,0.2344518899917602
1,Fine-Tuned E5,0.196930855512619
1,Fine-Tuned E5,0.0891180336475372
1,Fine-Tuned E5,0.240034744143486
1,Fine-Tuned E5,0.1615607589483261
1,Fine-Tuned E5,0.096014529466629
1,Fine-Tuned E5,0.0998709499835968
1,Fine-Tuned E5,-0.0947170853614807
1,Fine-Tuned E5,0.160980075597763
1,Fine-Tuned E5,-0.0312548279762268
1,Fine-Tuned E5,0.1492684483528137
1,Fine-Tuned E5,0.0084456205368042
1,Fine-Tuned E5,0.2134028077125549
1,Fine-Tuned E5,0.2321796715259552
1,Fine-Tuned E5,0.1107072085142135
1,Fine-Tuned E5,0.1995967552065849
1,Fine-Tuned E5,0.1839967668056488
1,Fine-Tuned E5,0.112694963812828
1,Fine-Tuned E5,0.3209649622440338
1,Fine-Tuned E5,-0.1206635534763336
1,Fine-Tuned E5,0.1759228557348251
1,Fine-Tuned E5,-0.010953277349472
1,Fine-Tuned E5,0.1964714229106903
1,Fine-Tuned E5,-0.1834448724985122
1,Fine-Tuned E5,0.0511767268180847
1,Fine-Tuned E5,0.1926717758178711
1,Fine-Tuned E5,-0.0821279883384704
1,Fine-Tuned E5,0.1225809603929519
1,Fine-Tuned E5,0.1363448202610016
1,Fine-Tuned E5,0.2982380837202072
1,Fine-Tuned E5,0.2726271152496338
1,Fine-Tuned E5,0.1227433681488037
1,Fine-Tuned E5,-0.0212134271860122
1,Fine-Tuned E5,0.1050379276275634
1,Fine-Tuned E5,0.2253583520650863
1,Fine-Tuned E5,0.1582899391651153
1,Fine-Tuned E5,0.1642521619796753
1,Fine-Tuned E5,0.2047134786844253
1,Fine-Tuned E5,-0.0223645269870758
1,Fine-Tuned E5,0.2783119976520538
1,Fine-Tuned E5,0.1604789793491363
1,Fine-Tuned E5,0.32808618247509
1,Fine-Tuned E5,0.1428374648094177
1,Fine-Tuned E5,0.236450046300888
1,Fine-Tuned E5,0.2694844901561737
1,Fine-Tuned E5,0.2744385600090027
1,Fine-Tuned E5,0.212617065757513
1,Fine-Tuned E5,0.4077707976102829
1,Fine-Tuned E5,0.3147698640823364
1,Fine-Tuned E5,0.3548827320337295
1,Fine-Tuned E5,-0.0090160071849823
1,Fine-Tuned E5,-0.1004065424203872
1,Fine-Tuned E5,-0.1203149855136871
1,Fine-Tuned E5,0.084395095705986
1,Fine-Tuned E5,0.2637205719947815
1,Fine-Tuned E5,0.1151891350746154
1,Fine-Tuned E5,-0.0638740956783294
1,Fine-Tuned E5,0.0829010009765625
1,Fine-Tuned E5,0.2810558006167412
1,Fine-Tuned E5,0.0124809294939041
1,Fine-Tuned E5,-0.0755468010902404
1,Fine-Tuned E5,0.037809818983078
1,Fine-Tuned E5,0.22671440243721
1,Fine-Tuned E5,0.3172100782394409
1,Fine-Tuned E5,0.2121539860963821
1,Fine-Tuned E5,0.0408748686313629
1,Fine-Tuned E5,0.0586823225021362
1,Fine-Tuned E5,0.0782409012317657
1,Fine-Tuned E5,0.3672035485506058
1,Fine-Tuned E5,0.3598984628915787
1,Fine-Tuned E5,0.2194447666406631
1,Fine-Tuned E5,0.1548407673835754
1,Fine-Tuned E5,-0.0144972503185272
1,Fine-Tuned E5,0.2205163389444351
1,Fine-Tuned E5,0.145559936761856
1,Fine-Tuned E5,0.1526028513908386
1,Fine-Tuned E5,0.3311753123998642
1,Fine-Tuned E5,0.2363506257534027
1,Fine-Tuned E5,0.17216157913208
1,Fine-Tuned E5,0.2180066406726837
1,Fine-Tuned E5,0.2959081083536148
1,Fine-Tuned E5,0.1103274524211883
1,Fine-Tuned E5,0.0543151497840881
1,Fine-Tuned E5,0.0235846936702728
1,Fine-Tuned E5,0.1944308280944824
1,Fine-Tuned E5,0.2239679992198944
1,Fine-Tuned E5,0.2212465703487396
1,Fine-Tuned E5,0.1838349997997284
1,Fine-Tuned E5,0.2392961978912353
1,Fine-Tuned E5,0.0353695750236511
1,Fine-Tuned E5,0.2235945910215377
1,Fine-Tuned E5,-0.0659768283367157
1,Fine-Tuned E5,0.1803116053342819
1,Fine-Tuned E5,0.2146102041006088
1,Fine-Tuned E5,-0.0021701753139495
1,Fine-Tuned E5,0.2963776439428329
1,Fine-Tuned E5,0.0389650762081146
1,Fine-Tuned E5,0.2390079796314239
1,Fine-Tuned E5,0.0587246417999267
1,Fine-Tuned E5,0.1211134195327758
1,Fine-Tuned E5,0.0785844475030899
1,Fine-Tuned E5,-0.072901114821434
1,Fine-Tuned E5,0.0711132884025573
1,Fine-Tuned E5,0.0953316986560821
1,Fine-Tuned E5,0.2163627743721008
1,Fine-Tuned E5,-0.1318346261978149
1,Fine-Tuned E5,-0.0364815890789032
1,Fine-Tuned E5,0.131724327802658
1,Fine-Tuned E5,0.1569607853889465
1,Fine-Tuned E5,0.1004784703254699
1,Fine-Tuned E5,0.0131514966487884
1,Fine-Tuned E5,-0.0360482931137084
1,Fine-Tuned E5,0.1679905652999878
1,Fine-Tuned E5,0.0741079747676849
1,Fine-Tuned E5,0.2303308546543121
1,Fine-Tuned E5,0.1104570627212524
1,Fine-Tuned E5,0.1717566847801208
1,Fine-Tuned E5,0.1214695274829864
1,Fine-Tuned E5,0.1799089610576629
1,Fine-Tuned E5,0.0666283965110778
1,Fine-Tuned E5,0.0602977573871612
1,Fine-Tuned E5,-0.0600309669971466
1,Fine-Tuned E5,0.3718927428126335
1,Fine-Tuned E5,0.2020903527736663
1,Fine-Tuned E5,0.3327152878046036
1,Fine-Tuned E5,0.0526273250579834
1,Fine-Tuned E5,-0.2000561505556106
1,Fine-Tuned E5,0.3628057986497879
1,Fine-Tuned E5,0.1196242272853851
1,Fine-Tuned E5,0.2148096412420272
1,Fine-Tuned E5,0.229564219713211
1,Fine-Tuned E5,0.1099640280008316
1,Fine-Tuned E5,0.0669894963502883
1,Fine-Tuned E5,0.0942098200321197
1,Fine-Tuned E5,0.0956619083881378
1,Fine-Tuned E5,0.2089558243751526
1,Fine-Tuned E5,0.0151852965354919
1,Fine-Tuned E5,-0.0210834592580795
1,Fine-Tuned E5,0.1754965186119079
1,Fine-Tuned E5,0.1545452624559402
1,Fine-Tuned E5,0.3394903242588043
1,Fine-Tuned E5,0.3376173824071884
1,Fine-Tuned E5,0.2209729850292205
1,Fine-Tuned E5,0.0641844868659973
1,Fine-Tuned E5,0.2333283722400665
1,Fine-Tuned E5,0.1705386638641357
1,Fine-Tuned E5,0.2722054570913315
1,Fine-Tuned E5,0.2200054749846458
1,Fine-Tuned E5,0.1743245124816894
1,Fine-Tuned E5,0.1141411364078521
1,Fine-Tuned E5,0.0333040356636047
1,Fine-Tuned E5,-0.0367076992988586
1,Fine-Tuned E5,0.012836754322052
1,Fine-Tuned E5,0.1353864669799804
1,Fine-Tuned E5,0.2294106483459472
1,Fine-Tuned E5,0.0782852172851562
1,Fine-Tuned E5,0.1750400066375732
1,Fine-Tuned E5,0.0173982977867126
1,Fine-Tuned E5,0.2141583263874054
1,Fine-Tuned E5,0.3098789900541305
1,Fine-Tuned E5,0.1038578897714614
1,Fine-Tuned E5,0.011505126953125
1,Fine-Tuned E5,0.0850685834884643
1,Fine-Tuned E5,0.2077593803405761
1,Fine-Tuned E5,0.0437514185905456
1,Fine-Tuned E5,0.296082753688097
1,Fine-Tuned E5,0.1801588535308838
1,Fine-Tuned E5,-0.028910219669342
1,Fine-Tuned E5,0.3330239430069923
1,Fine-Tuned E5,0.1348636746406555
1,Fine-Tuned E5,0.2899127155542373
1,Fine-Tuned E5,-0.0091938078403472
1,Fine-Tuned E5,0.1458528041839599
1,Fine-Tuned E5,0.0131788253784179
1,Fine-Tuned E5,0.0883701741695404
1,Fine-Tuned E5,-0.0669692456722259
1,Fine-Tuned E5,0.0713168382644653
1,Fine-Tuned E5,0.2013301253318786
1,Fine-Tuned E5,0.1903260648250579
1,Fine-Tuned E5,0.3046201169490814
1,Fine-Tuned E5,0.2636720240116119
1,Fine-Tuned E5,0.0735340118408203
1,Fine-Tuned E5,0.2118054628372192
1,Fine-Tuned E5,0.4713168814778328
1,Fine-Tuned E5,0.2001844346523285
1,Fine-Tuned E5,-0.1821755468845367
1,Fine-Tuned E5,0.224845677614212
1,Fine-Tuned E5,0.3286181986331939
1,Fine-Tuned E5,0.2213728129863739
1,Fine-Tuned E5,0.1883210837841034
1,Fine-Tuned E5,-0.0286757722496986
1,Fine-Tuned E5,-0.0407083928585052
1,Fine-Tuned E5,0.3939918577671051
1,Fine-Tuned E5,0.1506650149822235
1,Fine-Tuned E5,0.3469535261392593
1,Fine-Tuned E5,0.0386488437652587
1,Fine-Tuned E5,0.1648524701595306
1,Fine-Tuned E5,0.2224441319704055
1,Fine-Tuned E5,0.6269399523735046
1,Fine-Tuned E5,0.2944156527519226
1,Fine-Tuned E5,0.4781102687120437
1,Fine-Tuned E5,0.4809291362762451
1,Fine-Tuned E5,0.2953433245420456
1,Fine-Tuned E5,0.1370936036109924
1,Fine-Tuned E5,-0.1061656773090362
1,Fine-Tuned E5,0.0477336347103118
1,Fine-Tuned E5,0.1517433226108551
1,Fine-Tuned E5,-0.2574412897229194
1,Fine-Tuned E5,0.1407757699489593
1,Fine-Tuned E5,0.0726749002933502
1,Fine-Tuned E5,0.2839457094669342
1,Fine-Tuned E5,0.0774616003036499
1,Fine-Tuned E5,0.0889716446399688
1,Fine-Tuned E5,0.1921912431716919
1,Fine-Tuned E5,0.2022599875926971
1,Fine-Tuned E5,0.4777765572071075
1,Fine-Tuned E5,0.2538434565067291
1,Fine-Tuned E5,0.1396496295928955
1,Fine-Tuned E5,-0.2247621119022369
1,Fine-Tuned E5,0.2081347405910492
1,Fine-Tuned E5,0.2358218133449554
1,Fine-Tuned E5,0.1857296824455261
1,Fine-Tuned E5,0.3739409744739532
1,Fine-Tuned E5,0.2387526631355285
1,Fine-Tuned E5,0.2993500828742981
1,Fine-Tuned E5,0.1314247399568557
1,Fine-Tuned E5,0.3774002343416214
1,Fine-Tuned E5,0.402906022965908
1,Fine-Tuned E5,0.2759010940790176
1,Fine-Tuned E5,0.1775735169649124
1,Fine-Tuned E5,0.180428922176361
1,Fine-Tuned E5,0.1180798783898353
1,Fine-Tuned E5,0.4212474673986435
1,Fine-Tuned E5,0.2444750666618347
1,Fine-Tuned E5,0.0532718002796173
1,Fine-Tuned E5,-0.0084547251462936
1,Fine-Tuned E5,0.1122579574584961
1,Fine-Tuned E5,0.2432690560817718
1,Fine-Tuned E5,0.0573650598526001
1,Fine-Tuned E5,0.027941346168518
1,Fine-Tuned E5,0.0905036628246307
1,Fine-Tuned E5,-0.0900472104549408
1,Fine-Tuned E5,0.0141500830650329
1,Fine-Tuned E5,0.1909897327423095
1,Fine-Tuned E5,0.0988979935646057
1,Fine-Tuned E5,0.1808543503284454
1,Fine-Tuned E5,0.1169631034135818
1,Fine-Tuned E5,-0.0618897676467895
1,Fine-Tuned E5,0.1691757142543792
1,Fine-Tuned E5,-0.017263114452362
1,Fine-Tuned E5,0.0903894305229187
1,Fine-Tuned E5,-0.0541101098060607
1,Fine-Tuned E5,0.0678346306085586
1,Fine-Tuned E5,-0.0792253613471984
1,Fine-Tuned E5,0.1654555201530456
1,Fine-Tuned E5,0.377005323767662
1,Fine-Tuned E5,0.1270551979541778
1,Fine-Tuned E5,0.1699889004230499
1,Fine-Tuned E5,0.0197982788085937
1,Fine-Tuned E5,0.0358372032642364
1,Fine-Tuned E5,0.0766320824623107
1,Fine-Tuned E5,0.2302786260843277
1,Fine-Tuned E5,0.145408809185028
1,Fine-Tuned E5,0.2057057842612266
1,Fine-Tuned E5,0.2319957613945007
1,Fine-Tuned E5,0.2520287632942199
1,Fine-Tuned E5,0.0468723773956298
1,Fine-Tuned E5,0.0331554114818573
1,Fine-Tuned E5,-0.0563909709453582
1,Fine-Tuned E5,0.0399036407470703
1,Fine-Tuned E5,0.4239955842494964
1,Fine-Tuned E5,0.1281399428844452
1,Fine-Tuned E5,0.3034943267703056
1,Fine-Tuned E5,0.2083800882101059
1,Fine-Tuned E5,0.2743877172470093
1,Fine-Tuned E5,0.2028379142284393
1,Fine-Tuned E5,0.0815034508705139
1,Fine-Tuned E5,0.1076757535338401
1,Fine-Tuned E5,0.1195671707391738
1,Fine-Tuned E5,0.1303448677062988
1,Fine-Tuned E5,0.2618658244609833
1,Fine-Tuned E5,0.2250226289033889
1,Fine-Tuned E5,0.2683770358562469
1,Fine-Tuned E5,0.1259873807430267
1,Fine-Tuned E5,0.2909514755010605
1,Fine-Tuned E5,0.1440615653991699
1,Fine-Tuned E5,0.3857196941971779
1,Fine-Tuned E5,0.3432950377464294
1,Fine-Tuned E5,0.1949848532676696
1,Fine-Tuned E5,0.313979834318161
1,Fine-Tuned E5,0.0908544063568115
1,Fine-Tuned E5,0.2717727720737457
1,Fine-Tuned E5,0.1241960227489471
1,Fine-Tuned E5,0.1541530787944793
1,Fine-Tuned E5,0.375759482383728
1,Fine-Tuned E5,0.1096803843975067
1,Fine-Tuned E5,0.5013054236769676
1,Fine-Tuned E5,0.2181574702262878
1,Fine-Tuned E5,0.2703643441200256
1,Fine-Tuned E5,0.0560103952884674
1,Fine-Tuned E5,0.3184727728366852
1,Fine-Tuned E5,0.0747105777263641
1,Fine-Tuned E5,0.3199819475412369
1,Fine-Tuned E5,0.2955272495746612
1,Fine-Tuned E5,0.1477524936199188
1,Fine-Tuned E5,0.0706190466880798
1,Fine-Tuned E5,0.1423566937446594
1,Fine-Tuned E5,0.0946727395057678
1,Fine-Tuned E5,0.0522205829620361
1,Fine-Tuned E5,-0.0330631136894226
1,Fine-Tuned E5,0.2252437621355056
1,Fine-Tuned E5,0.2841987311840057
1,Fine-Tuned E5,0.3730084225535393
1,Fine-Tuned E5,0.1408331096172332
1,Fine-Tuned E5,0.1915704905986786
1,Fine-Tuned E5,0.1880996972322464
1,Fine-Tuned E5,0.3026431798934936
1,Fine-Tuned E5,0.0981864929199218
1,Fine-Tuned E5,0.2771236300468445
1,Fine-Tuned E5,0.3006235361099243
1,Fine-Tuned E5,0.2660320550203323
1,Fine-Tuned E5,0.1253703236579895
1,Fine-Tuned E5,0.1957605630159378
1,Fine-Tuned E5,0.2065096497535705
1,Fine-Tuned E5,0.0071787536144256
1,Fine-Tuned E5,0.1247015297412872
1,Fine-Tuned E5,0.1117312759160995
1,Fine-Tuned E5,0.3327129483222961
1,Fine-Tuned E5,0.2559302449226379
1,Fine-Tuned E5,0.5102929915301502
1,Fine-Tuned E5,-0.0037072598934173
1,Fine-Tuned E5,0.2705389708280563
1,Fine-Tuned E5,0.2822852730751037
1,Fine-Tuned E5,0.1199138760566711
1,Fine-Tuned E5,0.2781294286251068
1,Fine-Tuned E5,0.0308189690113067
1,Fine-Tuned E5,0.000567615032196
1,Fine-Tuned E5,0.0676939785480499
1,Fine-Tuned E5,0.0939293503761291
1,Fine-Tuned E5,0.3522680401802063
1,Fine-Tuned E5,0.3107221871614456
1,Fine-Tuned E5,0.3144451975822449
1,Fine-Tuned E5,0.230337768793106
1,Fine-Tuned E5,0.2010449171066284
1,Fine-Tuned E5,0.3526861369609833
1,Fine-Tuned E5,0.1245360374450683
1,Fine-Tuned E5,0.3651773631572723
1,Fine-Tuned E5,0.2394159734249115
1,Fine-Tuned E5,0.1182917654514312
1,Fine-Tuned E5,0.3368128389120102
1,Fine-Tuned E5,0.4887937009334564
1,Fine-Tuned E5,0.1688567101955413
1,Fine-Tuned E5,0.0489675402641296
1,Fine-Tuned E5,0.1031444892287254
1,Fine-Tuned E5,0.2362002432346344
1,Fine-Tuned E5,0.2957392483949661
1,Fine-Tuned E5,0.0823935866355896
1,Fine-Tuned E5,0.348738431930542
1,Fine-Tuned E5,0.467909961938858
1,Fine-Tuned E5,0.3644364774227142
1,Fine-Tuned E5,-0.0415920913219451
1,Fine-Tuned E5,0.2972780913114548
1,Fine-Tuned E5,0.1727245151996612
1,Fine-Tuned E5,0.4578379690647125
1,Fine-Tuned E5,0.4255862683057785
1,Fine-Tuned E5,0.31451416015625
1,Fine-Tuned E5,0.3652142584323883
1,Fine-Tuned E5,0.0202316641807556
1,Fine-Tuned E5,0.0947189033031463
1,Fine-Tuned E5,0.1324938535690307
1,Fine-Tuned E5,0.305684745311737
1,Fine-Tuned E5,0.1803699731826782
1,Fine-Tuned E5,0.0174930393695831
1,Fine-Tuned E5,0.2335303276777267
1,Fine-Tuned E5,0.3537070527672767
1,Fine-Tuned E5,0.1570877581834793
1,Fine-Tuned E5,0.2282247245311737
1,Fine-Tuned E5,0.1753760874271392
1,Fine-Tuned E5,0.1916530430316925
1,Fine-Tuned E5,0.2595437616109848
1,Fine-Tuned E5,-0.0968516916036605
1,Fine-Tuned E5,0.2627982497215271
1,Fine-Tuned E5,0.1508931219577789
1,Fine-Tuned E5,0.1978263705968856
1,Fine-Tuned E5,0.2286934852600097
1,Fine-Tuned E5,0.3407916352152824
1,Fine-Tuned E5,0.0594380497932434
1,Fine-Tuned E5,0.3638569563627243
1,Fine-Tuned E5,0.2755898535251617
1,Fine-Tuned E5,0.1687992513179779
1,Fine-Tuned E5,0.2388279139995575
1,Fine-Tuned E5,0.2490241974592209
1,Fine-Tuned E5,0.3061767071485519
1,Fine-Tuned E5,0.0723971724510192
1,Fine-Tuned E5,0.3053620010614395
1,Fine-Tuned E5,0.3278437107801437
1,Fine-Tuned E5,0.2414002120494842
1,Fine-Tuned E5,0.246003657579422
1,Fine-Tuned E5,0.0800267457962036
1,Fine-Tuned E5,0.1474062204360962
1,Fine-Tuned E5,0.0850667506456375
1,Fine-Tuned E5,0.2431528866291046
1,Fine-Tuned E5,0.1283975839614868
1,Fine-Tuned E5,0.1659455299377441
1,Fine-Tuned E5,0.2453016638755798
1,Fine-Tuned E5,0.3129554986953735
1,Fine-Tuned E5,0.2006924450397491
1,Fine-Tuned E5,0.0423119962215423
1,Fine-Tuned E5,0.1373432278633117
1,Fine-Tuned E5,0.195861130952835
1,Fine-Tuned E5,0.3324894905090332
1,Fine-Tuned E5,0.4827990531921386
1,Fine-Tuned E5,0.3443358689546585
1,Fine-Tuned E5,0.2183723151683807
1,Fine-Tuned E5,0.1961714178323745
1,Fine-Tuned E5,0.1982457935810089
1,Fine-Tuned E5,0.2400987148284912
1,Fine-Tuned E5,0.0879605412483215
1,Fine-Tuned E5,0.2162977159023285
1,Fine-Tuned E5,0.274005576968193
1,Fine-Tuned E5,0.2649833112955093
1,Fine-Tuned E5,-0.0513935983180999
1,Fine-Tuned E5,0.2473252415657043
1,Fine-Tuned E5,0.1637056171894073
1,Fine-Tuned E5,0.2392116785049438
1,Fine-Tuned E5,0.2382697472348809
1,Fine-Tuned E5,0.0043346881866455
1,Fine-Tuned E5,0.1628846526145935
1,Fine-Tuned E5,0.337160512804985
1,Fine-Tuned E5,0.282347172498703
1,Fine-Tuned E5,0.4109226986765861
1,Fine-Tuned E5,0.3551286533474922
1,Fine-Tuned E5,0.4451906085014343
1,Fine-Tuned E5,0.247861623764038
1,Fine-Tuned E5,0.2210959196090698
1,Fine-Tuned E5,0.1401076167821884
1,Fine-Tuned E5,0.2288098335266113
1,Fine-Tuned E5,0.2681341022253036
1,Fine-Tuned E5,0.1240371465682983
1,Fine-Tuned E5,-0.1432530283927917
1,Fine-Tuned E5,0.0291738510131835
1,Fine-Tuned E5,0.1465437114238739
1,Fine-Tuned E5,-0.1227129101753234
1,Fine-Tuned E5,0.0602752864360809
1,Fine-Tuned E5,-0.0187359750270843
1,Fine-Tuned E5,0.0405871868133544
1,Fine-Tuned E5,0.0360763370990753
1,Fine-Tuned E5,-0.010801076889038
1,Fine-Tuned E5,0.1630615293979644
1,Fine-Tuned E5,0.0367512702941894
1,Fine-Tuned E5,0.2481703758239746
1,Fine-Tuned E5,0.2653626501560211
1,Fine-Tuned E5,0.1324704587459564
1,Fine-Tuned E5,0.2327296584844589
1,Fine-Tuned E5,0.1760816872119903
1,Fine-Tuned E5,0.0450100600719451
1,Fine-Tuned E5,0.0435241758823394
1,Fine-Tuned E5,0.121751993894577
1,Fine-Tuned E5,0.2086963057518005
1,Fine-Tuned E5,0.1112969815731048
1,Fine-Tuned E5,-0.0556398928165435
1,Fine-Tuned E5,0.1720271706581115
1,Fine-Tuned E5,0.3708780631422996
1,Fine-Tuned E5,-0.0633751451969146
1,Fine-Tuned E5,0.2636050134897232
1,Fine-Tuned E5,0.4850089848041534
1,Fine-Tuned E5,-0.0235341489315032
1,Fine-Tuned E5,0.1936284601688385
1,Fine-Tuned E5,-0.0509172081947326
1,Fine-Tuned E5,0.2199838906526565
1,Fine-Tuned E5,-0.0170624554157257
1,Fine-Tuned E5,0.2797657400369644
1,Fine-Tuned E5,0.1319817006587982
1,Fine-Tuned E5,0.0292774438858032
1,Fine-Tuned E5,0.3072374910116195
1,Fine-Tuned E5,0.1840882897377014
1,Fine-Tuned E5,0.3283898681402206
1,Fine-Tuned E5,0.1308455765247345
1,Fine-Tuned E5,0.2581442296504974
1,Fine-Tuned E5,0.1450214087963104
1,Fine-Tuned E5,0.161124050617218
1,Fine-Tuned E5,0.2787959277629852
1,Fine-Tuned E5,-0.0035509467124938
1,Fine-Tuned E5,0.1306490302085876
1,Fine-Tuned E5,0.2363798469305038
1,Fine-Tuned E5,0.3079160824418068
1,Fine-Tuned E5,0.3008904904127121
1,Fine-Tuned E5,0.2351217567920684
1,Fine-Tuned E5,0.1275363862514495
1,Fine-Tuned E5,0.0775549113750457
1,Fine-Tuned E5,0.3025224506855011
1,Fine-Tuned E5,0.0796116888523101
1,Fine-Tuned E5,0.2464053332805633
1,Fine-Tuned E5,0.3817353472113609
1,Fine-Tuned E5,-0.0499607324600219
1,Fine-Tuned E5,0.1258623600006103
1,Fine-Tuned E5,0.3969529271125793
1,Fine-Tuned E5,0.0284091979265213
1,Fine-Tuned E5,0.0218450725078582
1,Fine-Tuned E5,0.1025051027536392
1,Fine-Tuned E5,0.2189529240131378
1,Fine-Tuned E5,0.0909633934497833
1,Fine-Tuned E5,0.2389325201511383
1,Fine-Tuned E5,0.1126639395952224
1,Fine-Tuned E5,0.1809483170509338
1,Fine-Tuned E5,0.3258213698863983
1,Fine-Tuned E5,-0.1067691147327423
1,Fine-Tuned E5,-0.0450296103954315
1,Fine-Tuned E5,0.0867678821086883
1,Fine-Tuned E5,0.1318195760250091
1,Fine-Tuned E5,-0.2191625945270061
1,Fine-Tuned E5,0.3283931165933609
1,Fine-Tuned E5,0.2463216185569763
1,Fine-Tuned E5,0.1292021572589874
1,Fine-Tuned E5,0.4459046274423599
1,Fine-Tuned E5,0.1971789598464965
1,Fine-Tuned E5,0.280754029750824
1,Fine-Tuned E5,0.2936751991510391
1,Fine-Tuned E5,0.4361251145601272
1,Fine-Tuned E5,0.0926239192485809
1,Fine-Tuned E5,0.3184337019920349
1,Fine-Tuned E5,0.0260212123394012
1,Fine-Tuned E5,0.1059786081314086
1,Fine-Tuned E5,0.130330890417099
1,Fine-Tuned E5,-0.150261178612709
1,Fine-Tuned E5,-0.0034893751144409
1,Fine-Tuned E5,0.1517369449138641
1,Fine-Tuned E5,-0.048719123005867
1,Fine-Tuned E5,0.0667918622493743
1,Fine-Tuned E5,-0.1077466309070587
1,Fine-Tuned E5,0.0611308217048645
1,Fine-Tuned E5,-0.0575279891490936
1,Fine-Tuned E5,0.2827903181314468
1,Fine-Tuned E5,0.2452157288789749
1,Fine-Tuned E5,-0.0262383818626403
1,Fine-Tuned E5,0.1705434918403625
1,Fine-Tuned E5,0.3169217705726623
1,Fine-Tuned E5,0.255644291639328
1,Fine-Tuned E5,-0.0200462341308593
1,Fine-Tuned E5,0.0323381721973419
1,Fine-Tuned E5,0.1203633248805999
1,Fine-Tuned E5,0.1233570575714111
1,Fine-Tuned E5,-0.1408542990684509
1,Fine-Tuned E5,0.0408035814762115
1,Fine-Tuned E5,-0.0789201259613037
1,Fine-Tuned E5,-0.045135959982872
1,Fine-Tuned E5,-0.0433659851551055
1,Fine-Tuned E5,0.0684065222740173
1,Fine-Tuned E5,0.0742260813713073
1,Fine-Tuned E5,0.2490332424640655
1,Fine-Tuned E5,0.3510945290327072
1,Fine-Tuned E5,0.2912310361862182
1,Fine-Tuned E5,0.0102659463882446
1,Fine-Tuned E5,0.1181760728359222
1,Fine-Tuned E5,0.1192328333854675
1,Fine-Tuned E5,-0.1307848542928695
1,Fine-Tuned E5,0.1245540678501129
1,Fine-Tuned E5,0.2671876400709152
1,Fine-Tuned E5,0.0792589783668518
1,Fine-Tuned E5,0.2125710546970367
1,Fine-Tuned E5,0.0057590901851654
1,Fine-Tuned E5,0.1350352466106414
1,Fine-Tuned E5,0.0870769172906875
1,Fine-Tuned E5,0.1808500736951828
1,Fine-Tuned E5,0.1458811908960342
1,Fine-Tuned E5,0.2429845333099365
1,Fine-Tuned E5,0.2797345817089081
1,Fine-Tuned E5,0.3525509536266327
1,Fine-Tuned E5,0.057244598865509
1,Fine-Tuned E5,0.3329429924488067
1,Fine-Tuned E5,0.3505645394325256
1,Fine-Tuned E5,0.1666545271873474
1,Fine-Tuned E5,0.2958964109420776
1,Fine-Tuned E5,0.1028264760971069
1,Fine-Tuned E5,0.0602681636810302
1,Fine-Tuned E5,0.3164316266775131
1,Fine-Tuned E5,0.1119980216026306
1,Fine-Tuned E5,0.1022192388772964
1,Fine-Tuned E5,0.2449163198471069
1,Fine-Tuned E5,0.1294172406196594
1,Fine-Tuned E5,0.1383227109909057
1,Fine-Tuned E5,0.0717068016529083
1,Fine-Tuned E5,0.0475676357746124
1,Fine-Tuned E5,-0.0522416234016418
1,Fine-Tuned E5,0.034704178571701
1,Fine-Tuned E5,0.3228182196617126
1,Fine-Tuned E5,0.0470091998577117
1,Fine-Tuned E5,0.09295554459095
1,Fine-Tuned E5,-0.0517312288284301
1,Fine-Tuned E5,-0.012875348329544
1,Fine-Tuned E5,0.239342987537384
1,Fine-Tuned E5,0.3682043179869652
1,Fine-Tuned E5,0.029244914650917
1,Fine-Tuned E5,0.2661251872777939
1,Fine-Tuned E5,0.6169679090380669
1,Fine-Tuned E5,0.501280702650547
1,Fine-Tuned E5,0.4479031711816787
1,Fine-Tuned E5,0.1937950253486633
1,Fine-Tuned E5,0.3409890234470367
1,Fine-Tuned E5,0.3544160425662994
1,Fine-Tuned E5,0.304870069026947
1,Fine-Tuned E5,0.3279874473810196
1,Fine-Tuned E5,0.2310624420642852
1,Fine-Tuned E5,0.192890852689743
1,Fine-Tuned E5,0.2967969626188278
1,Fine-Tuned E5,0.0845734179019928
1,Fine-Tuned E5,-0.0115270018577575
1,Fine-Tuned E5,0.3942569643259048
1,Fine-Tuned E5,0.2052035629749298
1,Fine-Tuned E5,0.1229918599128723
1,Fine-Tuned E5,0.2156449407339096
1,Fine-Tuned E5,0.1762749552726745
1,Fine-Tuned E5,0.3199379295110702
1,Fine-Tuned E5,0.3118627667427063
1,Fine-Tuned E5,-0.0153404176235198
1,Fine-Tuned E5,0.3205436542630195
1,Fine-Tuned E5,0.2100530862808227
1,Fine-Tuned E5,0.1795120537281036
1,Fine-Tuned E5,0.1862437278032302
1,Fine-Tuned E5,0.0537802129983902
1,Fine-Tuned E5,-0.0940092504024505
1,Fine-Tuned E5,0.0408094227313995
1,Fine-Tuned E5,0.3562772572040558
1,Fine-Tuned E5,0.0755920857191085
1,Fine-Tuned E5,0.0242425203323364
1,Fine-Tuned E5,0.1071325242519378
1,Fine-Tuned E5,0.0079078674316406
1,Fine-Tuned E5,0.14229416847229
1,Fine-Tuned E5,0.2764039635658264
1,Fine-Tuned E5,-0.0539180934429168
1,Fine-Tuned E5,0.0524752438068389
1,Fine-Tuned E5,0.0023098886013031
1,Fine-Tuned E5,0.164012461900711
1,Fine-Tuned E5,-0.092803955078125
1,Fine-Tuned E5,0.4314587712287903
1,Fine-Tuned E5,0.2212755382061004
1,Fine-Tuned E5,0.3657970130443573
1,Fine-Tuned E5,0.180920273065567
1,Fine-Tuned E5,0.1083014905452728
1,Fine-Tuned E5,0.2504771053791046
1,Fine-Tuned E5,0.2069877684116363
1,Fine-Tuned E5,-0.0612073764204978
1,Fine-Tuned E5,0.0495454967021942
1,Fine-Tuned E5,-0.0046778917312622
1,Fine-Tuned E5,-0.0344278216361999
1,Fine-Tuned E5,0.0714432597160339
1,Fine-Tuned E5,0.1077494025230407
1,Fine-Tuned E5,0.1215423941612243
1,Fine-Tuned E5,0.2212271392345428
1,Fine-Tuned E5,-0.0588104724884033
1,Fine-Tuned E5,0.297277420759201
1,Fine-Tuned E5,0.3689286112785339
1,Fine-Tuned E5,0.1578938663005828
1,Fine-Tuned E5,0.3559302985668182
1,Fine-Tuned E5,0.0283116400241851
1,Fine-Tuned E5,0.300508089363575
1,Fine-Tuned E5,0.3318141177296638
1,Fine-Tuned E5,0.1924927681684494
1,Fine-Tuned E5,0.0029840171337127
1,Fine-Tuned E5,0.1892184615135193
1,Fine-Tuned E5,0.1663949191570282
1,Fine-Tuned E5,-0.0515326559543609
1,Fine-Tuned E5,0.2589245438575744
1,Fine-Tuned E5,0.0921516269445419
1,Fine-Tuned E5,0.0120785236358642
1,Fine-Tuned E5,0.4030072838068008
1,Fine-Tuned E5,0.1182567179203033
1,Fine-Tuned E5,0.2254237830638885
1,Fine-Tuned E5,0.1828109622001648
1,Fine-Tuned E5,0.3722974956035614
1,Fine-Tuned E5,0.2239520251750946
1,Fine-Tuned E5,0.1787285506725311
1,Fine-Tuned E5,-0.0694561898708343
1,Fine-Tuned E5,0.0440160930156707
1,Fine-Tuned E5,0.2581608146429062
1,Fine-Tuned E5,0.2244526743888855
1,Fine-Tuned E5,0.4688612669706344
1,Fine-Tuned E5,0.2885271608829498
1,Fine-Tuned E5,0.2824544310569763
1,Fine-Tuned E5,0.0562236905097961
1,Fine-Tuned E5,0.1207815706729888
1,Fine-Tuned E5,0.1256654858589172
1,Fine-Tuned E5,0.073028564453125
1,Fine-Tuned E5,0.0336705148220062
1,Fine-Tuned E5,-0.0186125636100769
1,Fine-Tuned E5,0.1580108702182769
1,Fine-Tuned E5,0.1445088982582092
1,Fine-Tuned E5,0.0053523778915405
1,Fine-Tuned E5,0.2498521506786346
1,Fine-Tuned E5,-0.2589651048183441
1,Fine-Tuned E5,0.0245953500270843
1,Fine-Tuned E5,0.2679497450590133
1,Fine-Tuned E5,-0.0397984385490417
1,Fine-Tuned E5,0.1977123767137527
1,Fine-Tuned E5,0.1551621854305267
1,Fine-Tuned E5,0.3094340860843658
1,Fine-Tuned E5,0.0800257921218872
1,Fine-Tuned E5,0.1848309338092804
1,Fine-Tuned E5,-0.051525741815567
1,Fine-Tuned E5,0.2811299264431
1,Fine-Tuned E5,-0.0844554007053375
1,Fine-Tuned E5,0.0065217912197113
1,Fine-Tuned E5,0.3888345435261726
1,Fine-Tuned E5,0.3166445344686508
1,Fine-Tuned E5,0.4098629578948021
1,Fine-Tuned E5,0.2662512958049774
1,Fine-Tuned E5,0.409086212515831
1,Fine-Tuned E5,0.0721813440322876
1,Fine-Tuned E5,0.3191747292876243
1,Fine-Tuned E5,0.1830175071954727
1,Fine-Tuned E5,0.3374200761318207
1,Fine-Tuned E5,0.1598418354988098
1,Fine-Tuned E5,0.2964890003204345
1,Fine-Tuned E5,0.133295863866806
1,Fine-Tuned E5,0.3312821462750435
1,Fine-Tuned E5,0.1636935919523239
1,Fine-Tuned E5,0.4187609627842903
1,Fine-Tuned E5,0.2902349233627319
1,Fine-Tuned E5,0.2437939643859863
1,Fine-Tuned E5,0.1224758028984069
1,Fine-Tuned E5,-0.0063859820365905
1,Fine-Tuned E5,0.2016777396202087
1,Fine-Tuned E5,0.0800540149211883
1,Fine-Tuned E5,0.2889915257692337
1,Fine-Tuned E5,0.3523301184177398
1,Fine-Tuned E5,0.3112330883741379
1,Fine-Tuned E5,0.339224636554718
1,Fine-Tuned E5,0.2345049679279327
1,Fine-Tuned E5,0.2830933034420013
1,Fine-Tuned E5,0.4204686358571052
1,Fine-Tuned E5,0.0296898186206817
1,Fine-Tuned E5,0.1704577207565307
1,Fine-Tuned E5,0.1059009432792663
1,Fine-Tuned E5,-0.0111518204212188
1,Fine-Tuned E5,0.3145071268081665
1,Fine-Tuned E5,-0.009630262851715
1,Fine-Tuned E5,0.1145781874656677
1,Fine-Tuned E5,0.1885797977447509
1,Fine-Tuned E5,0.2958105355501175
1,Fine-Tuned E5,0.0113140940666198
1,Fine-Tuned E5,0.184804692864418
1,Fine-Tuned E5,0.2244714498519897
1,Fine-Tuned E5,0.1893994361162185
1,Fine-Tuned E5,0.0469117760658264
1,Fine-Tuned E5,0.0929796174168586
1,Fine-Tuned E5,0.0442658960819244
1,Fine-Tuned E5,0.0588955283164978
1,Fine-Tuned E5,0.4486024007201195
1,Fine-Tuned E5,0.122558057308197
1,Fine-Tuned E5,0.1811358034610748
1,Fine-Tuned E5,0.1211961507797241
1,Fine-Tuned E5,0.1491134911775589
1,Fine-Tuned E5,0.1375950574874878
1,Fine-Tuned E5,0.1925220936536789
1,Fine-Tuned E5,0.3920111954212188
1,Fine-Tuned E5,0.2230136096477508
1,Fine-Tuned E5,0.3307434618473053
1,Fine-Tuned E5,0.2112212032079696
1,Fine-Tuned E5,0.3631875365972519
1,Fine-Tuned E5,0.4390271455049515
1,Fine-Tuned E5,0.0743793249130249
1,Fine-Tuned E5,0.3867504894733429
1,Fine-Tuned E5,0.4979267865419388
1,Fine-Tuned E5,0.2579129487276077
1,Fine-Tuned E5,0.2450559139251709
1,Fine-Tuned E5,0.3973882049322128
1,Fine-Tuned E5,0.1695602536201477
1,Fine-Tuned E5,0.1229119598865509
1,Fine-Tuned E5,0.1913968026638031
1,Fine-Tuned E5,0.0156512856483459
1,Fine-Tuned E5,-0.0168924033641815
1,Fine-Tuned E5,0.094285562634468
1,Fine-Tuned E5,0.2328040599822998
1,Fine-Tuned E5,0.1023313999176025
1,Fine-Tuned E5,0.0418741032481193
1,Fine-Tuned E5,0.1535668075084686
1,Fine-Tuned E5,0.1469972729682922
1,Fine-Tuned E5,-0.2961406856775284
1,Fine-Tuned E5,0.4014322012662887
1,Fine-Tuned E5,0.0429321229457855
1,Fine-Tuned E5,0.1987152993679046
1,Fine-Tuned E5,0.1196083426475524
1,Fine-Tuned E5,0.2867002487182617
1,Fine-Tuned E5,0.3359694480895996
1,Fine-Tuned E5,0.2579229772090912
1,Fine-Tuned E5,0.2419347167015075
1,Fine-Tuned E5,0.0655833631753921
1,Fine-Tuned E5,0.1230000928044319
1,Fine-Tuned E5,-0.1735362261533737
1,Fine-Tuned E5,-0.0239586234092712
1,Fine-Tuned E5,0.270687848329544
1,Fine-Tuned E5,0.247033804655075
1,Fine-Tuned E5,0.0766024589538574
1,Fine-Tuned E5,-0.1053535193204879
1,Fine-Tuned E5,0.193743035197258
1,Fine-Tuned E5,0.2059605419635772
1,Fine-Tuned E5,0.2001032829284668
1,Fine-Tuned E5,0.2752673178911209
1,Fine-Tuned E5,0.3439763784408569
1,Fine-Tuned E5,0.0018573403358459
1,Fine-Tuned E5,0.2876624092459678
1,Fine-Tuned E5,-0.0059683322906494
1,Fine-Tuned E5,0.0699432790279388
1,Fine-Tuned E5,0.1339043974876403
1,Fine-Tuned E5,0.2030384838581085
1,Fine-Tuned E5,0.136867806315422
1,Fine-Tuned E5,0.2069973722100258
1,Fine-Tuned E5,0.0533584058284759
1,Fine-Tuned E5,0.1939819157123565
1,Fine-Tuned E5,0.146012395620346
1,Fine-Tuned E5,0.2325625121593475
1,Fine-Tuned E5,0.3978638052940368
1,Fine-Tuned E5,0.2738659977912903
1,Fine-Tuned E5,0.067205011844635
1,Fine-Tuned E5,0.1220689415931701
1,Fine-Tuned E5,0.312283381819725
1,Fine-Tuned E5,-0.0015924870967864
1,Fine-Tuned E5,0.2397418320178985
1,Fine-Tuned E5,0.1344156712293625
1,Fine-Tuned E5,0.1584296226501464
1,Fine-Tuned E5,0.2172271013259887
1,Fine-Tuned E5,0.2632473781704902
1,Fine-Tuned E5,0.167572796344757
1,Fine-Tuned E5,0.0342752039432525
1,Fine-Tuned E5,0.2111503481864929
1,Fine-Tuned E5,0.0232914984226226
1,Fine-Tuned E5,0.2353522479534149
1,Fine-Tuned E5,0.1357797682285308
1,Fine-Tuned E5,0.2591405510902405
1,Fine-Tuned E5,0.0773904174566268
1,Fine-Tuned E5,-0.2013087272644043
1,Fine-Tuned E5,0.0799387693405151
1,Fine-Tuned E5,0.1234369128942489
1,Fine-Tuned E5,0.0845904499292373
1,Fine-Tuned E5,0.0521067976951599
1,Fine-Tuned E5,-0.1406103819608688
1,Fine-Tuned E5,0.1540468335151672
1,Fine-Tuned E5,0.192382276058197
1,Fine-Tuned E5,-0.026929348707199
1,Fine-Tuned E5,0.0373250693082809
1,Fine-Tuned E5,-0.0823971033096313
1,Fine-Tuned E5,-0.1007737964391708
1,Fine-Tuned E5,0.0630456805229187
1,Fine-Tuned E5,-0.2224868088960647
1,Fine-Tuned E5,0.1164427995681762
1,Fine-Tuned E5,0.0048004984855651
1,Fine-Tuned E5,-0.0454016923904418
1,Fine-Tuned E5,0.2299122959375381
1,Fine-Tuned E5,0.241236001253128
1,Fine-Tuned E5,0.1142669767141342
1,Fine-Tuned E5,0.4347487613558769
1,Fine-Tuned E5,0.1068871021270752
1,Fine-Tuned E5,0.1027746945619583
1,Fine-Tuned E5,0.3580545457080006
1,Fine-Tuned E5,0.7237687855958939
1,Fine-Tuned E5,0.0062613785266876
1,Fine-Tuned E5,0.0918122231960296
1,Fine-Tuned E5,0.4744377993047237
1,Fine-Tuned E5,0.0254417061805725
1,Fine-Tuned E5,0.2502471357583999
1,Fine-Tuned E5,0.3631557561457157
1,Fine-Tuned E5,0.2604951784014702
1,Fine-Tuned E5,0.3000737875699997
1,Fine-Tuned E5,0.2534084618091583
1,Fine-Tuned E5,0.3794416189193725
1,Fine-Tuned E5,0.0075979232788085
1,Fine-Tuned E5,0.5386165864765644
1,Fine-Tuned E5,0.2908054832369089
1,Fine-Tuned E5,0.4070590287446975
1,Fine-Tuned E5,0.427044179290533
1,Fine-Tuned E5,-0.114486813545227
1,Fine-Tuned E5,0.0973619148135185
1,Fine-Tuned E5,0.4037070721387863
1,Fine-Tuned E5,0.247782252728939
1,Fine-Tuned E5,0.3916591270826757
1,Fine-Tuned E5,0.2434309124946594
1,Fine-Tuned E5,0.2611495554447174
1,Fine-Tuned E5,0.2205978380516171
1,Fine-Tuned E5,-0.1650914996862411
1,Fine-Tuned E5,0.0821079090237617
1,Fine-Tuned E5,-0.0981502905488014
1,Fine-Tuned E5,0.2565665021538734
1,Fine-Tuned E5,-0.0581765323877334
1,Fine-Tuned E5,0.3323877137154341
1,Fine-Tuned E5,-0.0089752972126007
1,Fine-Tuned E5,0.2848452925682068
1,Fine-Tuned E5,0.3939249664545059
1,Fine-Tuned E5,-0.0268356800079345
1,Fine-Tuned E5,4.285573959350586e-05
1,Fine-Tuned E5,0.1744970381259918
1,Fine-Tuned E5,-0.296626403927803
1,Fine-Tuned E5,-0.0752748548984527
1,Fine-Tuned E5,0.0410116575658321
1,Fine-Tuned E5,-0.0275685787200927
1,Fine-Tuned E5,0.0136074870824813
1,Fine-Tuned E5,0.2724512666463852
1,Fine-Tuned E5,0.0821800529956817
1,Fine-Tuned E5,0.2560758888721466
1,Fine-Tuned E5,0.4148007333278656
1,Fine-Tuned E5,0.2000775039196014
1,Fine-Tuned E5,0.2824827209115028
1,Fine-Tuned E5,0.082497090101242
1,Fine-Tuned E5,0.1947188079357147
1,Fine-Tuned E5,0.2341138273477554
1,Fine-Tuned E5,0.3649045974016189
1,Fine-Tuned E5,-0.0082772225141525
1,Fine-Tuned E5,0.3693291544914245
1,Fine-Tuned E5,-0.149287324398756
1,Fine-Tuned E5,-0.1410435438156128
1,Fine-Tuned E5,0.0732163488864898
1,Fine-Tuned E5,0.150856539607048
1,Fine-Tuned E5,0.153117150068283
1,Fine-Tuned E5,-0.1197300106287002
1,Fine-Tuned E5,-0.0132064521312713
1,Fine-Tuned E5,0.2542705982923507
1,Fine-Tuned E5,0.3597676753997803
1,Fine-Tuned E5,0.0786472260951995
1,Fine-Tuned E5,-0.0531292855739593
1,Fine-Tuned E5,0.4091927856206894
1,Fine-Tuned E5,-0.0102670192718505
1,Fine-Tuned E5,-0.0386204719543457
1,Fine-Tuned E5,0.1304031610488891
1,Fine-Tuned E5,-0.0403250455856323
1,Fine-Tuned E5,0.0852251350879669
1,Fine-Tuned E5,0.259231686592102
1,Fine-Tuned E5,-0.0402744710445404
1,Fine-Tuned E5,0.2959360629320144
1,Fine-Tuned E5,0.0996380746364593
1,Fine-Tuned E5,0.2754413951188326
1,Fine-Tuned E5,0.1625730022788047
1,Fine-Tuned E5,0.2403459250926971
1,Fine-Tuned E5,0.2223147898912429
1,Fine-Tuned E5,0.1972321569919586
1,Fine-Tuned E5,0.1420224010944366
1,Fine-Tuned E5,0.3060790412127971
1,Fine-Tuned E5,0.2325641810894012
1,Fine-Tuned E5,0.2762129008769989
1,Fine-Tuned E5,0.3682297095656395
1,Fine-Tuned E5,0.1541320383548736
1,Fine-Tuned E5,0.0241002738475799
1,Fine-Tuned E5,0.2997364848852157
1,Fine-Tuned E5,-0.207421988248825
1,Fine-Tuned E5,0.1608244627714157
1,Fine-Tuned E5,0.1935628689825534
1,Fine-Tuned E5,0.1117922067642211
1,Fine-Tuned E5,-0.0524113029241561
1,Fine-Tuned E5,-0.0991477668285369
1,Fine-Tuned E5,0.3141271024942398
1,Fine-Tuned E5,-0.2252211570739746
1,Fine-Tuned E5,0.0369552224874496
1,Fine-Tuned E5,0.1169578433036804
1,Fine-Tuned E5,0.1320134401321411
1,Fine-Tuned E5,-0.1133721470832824
1,Fine-Tuned E5,0.0504674762487411
1,Fine-Tuned E5,0.0736393332481384
1,Fine-Tuned E5,0.2810142785310745
1,Fine-Tuned E5,0.2590537890791893
1,Fine-Tuned E5,0.1401107311248779
1,Fine-Tuned E5,0.0315525233745574
1,Fine-Tuned E5,0.2093526721000671
1,Fine-Tuned E5,-0.0309632718563079
1,Fine-Tuned E5,0.1918779928237199
1,Fine-Tuned E5,0.0391187369823455
1,Fine-Tuned E5,0.0410662293434143
1,Fine-Tuned E5,0.1613850891590118
1,Fine-Tuned E5,-0.0879803448915481
1,Fine-Tuned E5,0.2317551225423813
1,Fine-Tuned E5,0.2769175134599209
1,Fine-Tuned E5,0.1373694986104965
1,Fine-Tuned E5,0.1165457367897033
1,Fine-Tuned E5,0.3539220690727234
1,Fine-Tuned E5,0.1780407726764679
1,Fine-Tuned E5,0.0198533236980438
1,Fine-Tuned E5,0.1501875221729278
1,Fine-Tuned E5,0.1625433266162872
1,Fine-Tuned E5,0.0940581858158111
1,Fine-Tuned E5,0.3405329287052154
1,Fine-Tuned E5,0.008831650018692
1,Fine-Tuned E5,-0.0568184554576873
1,Fine-Tuned E5,-0.0708074271678924
1,Fine-Tuned E5,0.4123661387711763
1,Fine-Tuned E5,0.1080285310745239
1,Fine-Tuned E5,0.1825382709503173
1,Fine-Tuned E5,0.163302332162857
1,Fine-Tuned E5,0.0813948661088943
1,Fine-Tuned E5,0.0329860746860504
1,Fine-Tuned E5,0.1572198271751403
1,Fine-Tuned E5,0.3196351081132889
1,Fine-Tuned E5,0.3423672169446945
1,Fine-Tuned E5,0.3769193291664123
1,Fine-Tuned E5,0.3735467940568924
1,Fine-Tuned E5,0.3904029354453087
1,Fine-Tuned E5,0.3867892324924469
1,Fine-Tuned E5,0.2929628547281027
1,Fine-Tuned E5,0.4972987063229084
1,Fine-Tuned E5,0.3120051026344299
1,Fine-Tuned E5,0.2682683318853378
1,Fine-Tuned E5,0.1781270503997802
1,Fine-Tuned E5,0.0765156894922256
1,Fine-Tuned E5,0.1405168920755386
1,Fine-Tuned E5,0.4219052467378787
1,Fine-Tuned E5,0.0032876878976821
1,Fine-Tuned E5,0.2358498871326446
1,Fine-Tuned E5,0.0667639225721359
1,Fine-Tuned E5,-0.0424635708332061
1,Fine-Tuned E5,0.1255555748939514
1,Fine-Tuned E5,-0.0385711193084716
1,Fine-Tuned E5,0.2349885106086731
1,Fine-Tuned E5,-0.0650889873504638
1,Fine-Tuned E5,0.3115689530968666
1,Fine-Tuned E5,0.3033250495791435
1,Fine-Tuned E5,0.455299224704504
1,Fine-Tuned E5,-0.1645251214504242
1,Fine-Tuned E5,0.1622557640075683
1,Fine-Tuned E5,0.1110459566116333
1,Fine-Tuned E5,-0.0779573023319244
1,Fine-Tuned E5,-0.1412205547094345
1,Fine-Tuned E5,0.3188678105361759
1,Fine-Tuned E5,-0.0573058873414993
1,Fine-Tuned E5,0.0348536521196365
1,Fine-Tuned E5,-0.135110467672348
1,Fine-Tuned E5,-0.0267946124076843
1,Fine-Tuned E5,0.3238628134131431
1,Fine-Tuned E5,0.0836608707904815
1,Fine-Tuned E5,0.2201519561931491
1,Fine-Tuned E5,0.0870329439640045
1,Fine-Tuned E5,0.2024709731340408
1,Fine-Tuned E5,0.1070962250232696
1,Fine-Tuned E5,0.1005157977342605
1,Fine-Tuned E5,0.283831462264061
1,Fine-Tuned E5,0.4175236348528415
1,Fine-Tuned E5,0.1775299459695816
1,Fine-Tuned E5,0.3371658883988857
1,Fine-Tuned E5,-0.1613529622554779
1,Fine-Tuned E5,0.3862419594079256
1,Fine-Tuned E5,0.0973340570926666
1,Fine-Tuned E5,-0.2219849526882171
1,Fine-Tuned E5,0.3949150517582893
1,Fine-Tuned E5,0.0198096930980682
1,Fine-Tuned E5,-0.0458730459213256
1,Fine-Tuned E5,0.2471530809998512
1,Fine-Tuned E5,0.0748762488365173
1,Fine-Tuned E5,0.4945996049791574
1,Fine-Tuned E5,0.2667942643165588
1,Fine-Tuned E5,0.1115565001964569
1,Fine-Tuned E5,0.3470440953969955
1,Fine-Tuned E5,0.1720671355724334
1,Fine-Tuned E5,0.1992875784635543
1,Fine-Tuned E5,0.0011907517910003
1,Fine-Tuned E5,0.2006985545158386
1,Fine-Tuned E5,0.4393672496080398
1,Fine-Tuned E5,0.1606211066246032
1,Fine-Tuned E5,0.3329053744673729
1,Fine-Tuned E5,0.2311043441295623
1,Fine-Tuned E5,0.4192000329494476
1,Fine-Tuned E5,0.1581416428089141
1,Fine-Tuned E5,0.3138674199581146
1,Fine-Tuned E5,0.2366225123405456
1,Fine-Tuned E5,0.6162490695714951
1,Fine-Tuned E5,0.5896476209163666
1,Fine-Tuned E5,0.6495886445045471
1,Fine-Tuned E5,-0.0299722477793693
1,Fine-Tuned E5,0.1383835673332214
1,Fine-Tuned E5,0.2169312238693237
1,Fine-Tuned E5,0.2684376984834671
1,Fine-Tuned E5,0.138379605486989
1,Fine-Tuned E5,-0.0343791842460632
1,Fine-Tuned E5,0.0768307149410247
1,Fine-Tuned E5,0.2170043140649795
1,Fine-Tuned E5,0.0575944185256958
1,Fine-Tuned E5,0.2984978705644607
1,Fine-Tuned E5,0.2774877846240997
1,Fine-Tuned E5,0.1164891123771667
1,Fine-Tuned E5,-0.0923486948013305
1,Fine-Tuned E5,0.1383936703205108
1,Fine-Tuned E5,0.534973993897438
1,Fine-Tuned E5,0.3880064338445663
1,Fine-Tuned E5,0.4564095046371221
1,Fine-Tuned E5,0.3340294361114502
1,Fine-Tuned E5,0.2721676230430603
1,Fine-Tuned E5,-0.1553125455975532
1,Fine-Tuned E5,0.3063311949372291
1,Fine-Tuned E5,0.3121574968099594
1,Fine-Tuned E5,0.3336248993873596
1,Fine-Tuned E5,0.1406174302101135
1,Fine-Tuned E5,0.181416630744934
1,Fine-Tuned E5,-0.1056855916976928
1,Fine-Tuned E5,0.4276916235685348
1,Fine-Tuned E5,0.2713261246681213
1,Fine-Tuned E5,0.2901396602392196
1,Fine-Tuned E5,0.3616687953472137
1,Fine-Tuned E5,0.0364625751972198
1,Fine-Tuned E5,0.2472476661205291
1,Fine-Tuned E5,0.27104152739048
1,Fine-Tuned E5,0.0515134334564209
1,Fine-Tuned E5,0.1687482297420501
1,Fine-Tuned E5,0.098478764295578
1,Fine-Tuned E5,0.142611026763916
1,Fine-Tuned E5,0.2819273769855499
1,Fine-Tuned E5,0.1491089761257171
1,Fine-Tuned E5,0.310178279876709
1,Fine-Tuned E5,0.1906979084014892
1,Fine-Tuned E5,0.4097784794867039
1,Fine-Tuned E5,0.2194105163216591
1,Fine-Tuned E5,0.1755015254020691
1,Fine-Tuned E5,0.1301304250955581
1,Fine-Tuned E5,0.2967516146600246
1,Fine-Tuned E5,-0.0694012641906738
1,Fine-Tuned E5,0.1819151937961578
1,Fine-Tuned E5,0.0723727941513061
1,Fine-Tuned E5,0.5679939240217209
1,Fine-Tuned E5,0.3001934215426445
1,Fine-Tuned E5,0.4033195376396179
1,Fine-Tuned E5,0.4316227473318577
1,Fine-Tuned E5,0.3302409024909138
1,Fine-Tuned E5,0.3682399690151214
1,Fine-Tuned E5,0.4928451934829354
1,Fine-Tuned E5,0.0115136802196502
1,Fine-Tuned E5,0.3107637465000152
1,Fine-Tuned E5,0.1105064004659652
1,Fine-Tuned E5,0.1492048799991607
1,Fine-Tuned E5,0.3424223661422729
1,Fine-Tuned E5,0.3543544113636017
1,Fine-Tuned E5,0.0967175662517547
1,Fine-Tuned E5,0.2927702069282532
1,Fine-Tuned E5,0.110687255859375
1,Fine-Tuned E5,-0.1269944608211517
1,Fine-Tuned E5,0.1478522270917892
1,Fine-Tuned E5,0.3247566223144531
1,Fine-Tuned E5,0.2254973948001861
1,Fine-Tuned E5,0.1533582806587219
1,Fine-Tuned E5,0.212346151471138
1,Fine-Tuned E5,0.0737573206424713
1,Fine-Tuned E5,0.2868453711271286
1,Fine-Tuned E5,0.0268571674823761
1,Fine-Tuned E5,0.0415330529212951
1,Fine-Tuned E5,-0.0083186030387878
1,Fine-Tuned E5,0.2369305044412613
1,Fine-Tuned E5,0.2211279943585395
1,Fine-Tuned E5,0.2299499213695526
1,Fine-Tuned E5,0.0985282063484191
1,Fine-Tuned E5,0.1824101507663726
1,Fine-Tuned E5,0.0719530582427978
1,Fine-Tuned E5,-0.0171453952789306
1,Fine-Tuned E5,0.2142146229743957
1,Fine-Tuned E5,0.0961648225784301
1,Fine-Tuned E5,0.0175203830003738
1,Fine-Tuned E5,0.5242010280489922
1,Fine-Tuned E5,0.5679218024015427
1,Fine-Tuned E5,0.5525655709207058
1,Fine-Tuned E5,0.2349534630775451
1,Fine-Tuned E5,0.1499337777495384
1,Fine-Tuned E5,-0.1536730527877807
1,Fine-Tuned E5,0.2524160109460354
1,Fine-Tuned E5,0.4400122668594122
1,Fine-Tuned E5,0.197360023856163
1,Fine-Tuned E5,0.0534923672676086
1,Fine-Tuned E5,0.5452857175841928
1,Fine-Tuned E5,0.2792307212948799
1,Fine-Tuned E5,-0.0782209187746048
1,Fine-Tuned E5,0.0234818458557128
1,Fine-Tuned E5,0.2673149593174457
1,Fine-Tuned E5,0.2790117263793945
1,Fine-Tuned E5,0.4022787511348724
1,Fine-Tuned E5,0.1829114854335785
1,Fine-Tuned E5,-0.0227384567260742
1,Fine-Tuned E5,0.2485248744487762
1,Fine-Tuned E5,0.2459490746259689
1,Fine-Tuned E5,0.2678281515836715
1,Fine-Tuned E5,0.2353913187980651
1,Fine-Tuned E5,0.1402745097875595
1,Fine-Tuned E5,0.2020176202058792
1,Fine-Tuned E5,0.3053376153111458
1,Fine-Tuned E5,0.227751649916172
1,Fine-Tuned E5,0.4889391586184501
1,Fine-Tuned E5,0.3290704862447455
1,Fine-Tuned E5,0.1547372639179229
1,Fine-Tuned E5,0.6558653265237808
1,Fine-Tuned E5,0.3052193522453308
1,Fine-Tuned E5,0.3469025790691376
1,Fine-Tuned E5,0.616042286157608
1,Fine-Tuned E5,0.0351495146751403
1,Fine-Tuned E5,0.2296836674213409
1,Fine-Tuned E5,0.1914178729057312
1,Fine-Tuned E5,0.2131783068180084
1,Fine-Tuned E5,0.1802152097225189
1,Fine-Tuned E5,0.2845418006181717
1,Fine-Tuned E5,0.285818263888359
1,Fine-Tuned E5,0.3109142929315567
1,Fine-Tuned E5,0.5148948803544044
1,Fine-Tuned E5,0.3501675948500633
1,Fine-Tuned E5,-0.0237700343132019
1,Fine-Tuned E5,0.1803116053342819
1,Fine-Tuned E5,0.1787998080253601
1,Fine-Tuned E5,0.3437725845724344
1,Fine-Tuned E5,0.2371811121702194
1,Fine-Tuned E5,0.0751369297504425
1,Fine-Tuned E5,0.4163426980376243
1,Fine-Tuned E5,0.1701931804418563
1,Fine-Tuned E5,0.06303271651268
1,Fine-Tuned E5,-0.0283969342708587
1,Fine-Tuned E5,-0.1606431752443313
1,Fine-Tuned E5,0.1168192923069
1,Fine-Tuned E5,0.2229106426239013
1,Fine-Tuned E5,0.106245070695877
1,Fine-Tuned E5,-0.0299573242664337
1,Fine-Tuned E5,0.0831329226493835
1,Fine-Tuned E5,-0.0387973189353942
1,Fine-Tuned E5,0.1630797982215881
1,Fine-Tuned E5,0.2392334043979644
1,Fine-Tuned E5,0.18706014752388
1,Fine-Tuned E5,-0.0491114556789398
1,Fine-Tuned E5,-0.0357367098331451
1,Fine-Tuned E5,0.0424665808677673
1,Fine-Tuned E5,0.1315773725509643
1,Fine-Tuned E5,0.0191611349582672
1,Fine-Tuned E5,0.4061732813715935
1,Fine-Tuned E5,-0.1505675613880157
1,Fine-Tuned E5,0.0459973216056823
1,Fine-Tuned E5,0.2731495350599289
1,Fine-Tuned E5,0.1925392746925354
1,Fine-Tuned E5,0.3310673534870147
1,Fine-Tuned E5,0.1953539252281189
1,Fine-Tuned E5,0.366827979683876
1,Fine-Tuned E5,0.3593881577253341
1,Fine-Tuned E5,0.0796291381120681
1,Fine-Tuned E5,-0.0649559050798416
1,Fine-Tuned E5,0.4366932362318039
1,Fine-Tuned E5,0.1196242272853851
1,Fine-Tuned E5,-0.1172649264335632
1,Fine-Tuned E5,0.2966800630092621
1,Fine-Tuned E5,0.1210178583860397
1,Fine-Tuned E5,-0.0824010968208313
1,Fine-Tuned E5,0.1835501790046692
1,Fine-Tuned E5,0.0416994094848632
1,Fine-Tuned E5,0.1299280822277069
1,Fine-Tuned E5,0.0042505264282226
1,Fine-Tuned E5,-0.2586296498775482
1,Fine-Tuned E5,0.4140208400785923
1,Fine-Tuned E5,0.1268147677183151
1,Fine-Tuned E5,0.2929787635803222
1,Fine-Tuned E5,0.2054096162319183
1,Fine-Tuned E5,0.1077120900154113
1,Fine-Tuned E5,0.0519338250160217
1,Fine-Tuned E5,0.1191924810409545
1,Fine-Tuned E5,-0.0251283645629882
1,Fine-Tuned E5,0.2705821990966797
1,Fine-Tuned E5,0.3007434047758579
1,Fine-Tuned E5,0.0664737820625305
1,Fine-Tuned E5,0.1639795303344726
1,Fine-Tuned E5,-0.0206659734249115
1,Fine-Tuned E5,-0.0236222147941589
1,Fine-Tuned E5,0.2354503571987152
1,Fine-Tuned E5,0.1233095228672027
1,Fine-Tuned E5,0.64348404109478
1,Fine-Tuned E5,0.0782852172851562
1,Fine-Tuned E5,0.1820201575756073
1,Fine-Tuned E5,-0.0597732663154602
1,Fine-Tuned E5,0.2795993685722351
1,Fine-Tuned E5,0.6066753417253494
1,Fine-Tuned E5,0.2628697361797094
1,Fine-Tuned E5,0.4495815765112638
1,Fine-Tuned E5,0.3631237298250198
1,Fine-Tuned E5,0.535121884662658
1,Fine-Tuned E5,-0.1009928584098815
1,Fine-Tuned E5,0.2587611079216003
1,Fine-Tuned E5,0.203281968832016
1,Fine-Tuned E5,0.1265789121389389
1,Fine-Tuned E5,0.2813773155212402
1,Fine-Tuned E5,0.170170173048973
1,Fine-Tuned E5,0.1092703342437744
1,Fine-Tuned E5,0.2294244859367609
1,Fine-Tuned E5,0.5254941433668137
1,Fine-Tuned E5,-0.135473370552063
1,Fine-Tuned E5,0.0484795868396759
1,Fine-Tuned E5,0.0954703539609909
1,Fine-Tuned E5,-0.069722443819046
1,Fine-Tuned E5,0.2483796030282974
1,Fine-Tuned E5,0.5483559593558311
1,Fine-Tuned E5,0.6495510637760162
1,Fine-Tuned E5,0.442913219332695
1,Fine-Tuned E5,0.1766714751720428
1,Fine-Tuned E5,0.3093663156032562
1,Fine-Tuned E5,0.5132690025493503
1,Fine-Tuned E5,0.1749559044837951
1,Fine-Tuned E5,-0.132007896900177
1,Fine-Tuned E5,0.5756840370595455
1,Fine-Tuned E5,0.0701723396778106
1,Fine-Tuned E5,0.1229515671730041
1,Fine-Tuned E5,0.3879697099328041
1,Fine-Tuned E5,0.1376962438225746
1,Fine-Tuned E5,0.1785710677504539
1,Fine-Tuned E5,0.3600184470415115
1,Fine-Tuned E5,0.0868530869483947
1,Fine-Tuned E5,0.2748518586158752
1,Fine-Tuned E5,0.0066651701927185
1,Fine-Tuned E5,0.20695561170578
1,Fine-Tuned E5,-0.0467464625835418
1,Fine-Tuned E5,0.2971727252006531
1,Fine-Tuned E5,0.6282643601298332
1,Fine-Tuned E5,0.1357064247131347
1,Fine-Tuned E5,0.1461949348449707
1,Fine-Tuned E5,0.0278341174125671
1,Fine-Tuned E5,0.3487413804978132
1,Fine-Tuned E5,0.0959310531616211
1,Fine-Tuned E5,0.2406232357025146
1,Fine-Tuned E5,0.1295863389968872
1,Fine-Tuned E5,-0.0814006105065345
1,Fine-Tuned E5,0.0542620122432708
1,Fine-Tuned E5,0.3216940239071846
1,Fine-Tuned E5,0.1858460009098053
1,Fine-Tuned E5,0.1939339339733123
1,Fine-Tuned E5,-0.0406354069709777
1,Fine-Tuned E5,0.317920058965683
1,Fine-Tuned E5,0.3727638870477676
1,Fine-Tuned E5,0.3661192655563354
1,Fine-Tuned E5,0.2054171711206436
1,Fine-Tuned E5,0.0709923207759857
1,Fine-Tuned E5,-0.1085130870342254
1,Fine-Tuned E5,0.1717787683010101
1,Fine-Tuned E5,0.211062341928482
1,Fine-Tuned E5,0.2598756216466427
1,Fine-Tuned E5,0.3182463943958282
1,Fine-Tuned E5,0.331282939761877
1,Fine-Tuned E5,0.3836048543453216
1,Fine-Tuned E5,-0.0780906081199646
1,Fine-Tuned E5,0.4842228889465332
1,Fine-Tuned E5,0.2284252345561981
1,Fine-Tuned E5,0.3721836358308792
1,Fine-Tuned E5,-0.0157364606857299
1,Fine-Tuned E5,0.2793409079313278
1,Fine-Tuned E5,0.0376717895269393
1,Fine-Tuned E5,0.2692936062812805
1,Fine-Tuned E5,0.3682063668966293
1,Fine-Tuned E5,0.0722639858722686
1,Fine-Tuned E5,-0.0596024394035339
1,Fine-Tuned E5,-0.0969214737415313
1,Fine-Tuned E5,0.3859462589025497
1,Fine-Tuned E5,0.1502203345298767
1,Fine-Tuned E5,-0.0655592381954193
1,Fine-Tuned E5,0.1184684336185455
1,Fine-Tuned E5,-0.0900472104549408
1,Fine-Tuned E5,0.0120131075382232
1,Fine-Tuned E5,0.2940718084573746
1,Fine-Tuned E5,0.2403201162815094
1,Fine-Tuned E5,0.2362856864929199
1,Fine-Tuned E5,0.2313290610909462
1,Fine-Tuned E5,0.085237979888916
1,Fine-Tuned E5,0.1833430677652359
1,Fine-Tuned E5,0.1779127717018127
1,Fine-Tuned E5,0.2801522761583328
1,Fine-Tuned E5,-0.1680312752723693
1,Fine-Tuned E5,0.042573869228363
1,Fine-Tuned E5,0.0275054574012756
1,Fine-Tuned E5,0.4950576573610306
1,Fine-Tuned E5,0.1750800907611847
1,Fine-Tuned E5,0.0564651489257812
1,Fine-Tuned E5,0.4257767498493194
1,Fine-Tuned E5,0.4837195053696632
1,Fine-Tuned E5,0.2385228127241134
1,Fine-Tuned E5,0.157191514968872
1,Fine-Tuned E5,0.3320549540221691
1,Fine-Tuned E5,0.4470532014966011
1,Fine-Tuned E5,0.3102580923587084
1,Fine-Tuned E5,0.2722847759723663
1,Fine-Tuned E5,0.1555946171283722
1,Fine-Tuned E5,0.1576062142848968
1,Fine-Tuned E5,0.0198420882225036
1,Fine-Tuned E5,-0.0297830998897552
1,Fine-Tuned E5,-0.0202231407165527
1,Fine-Tuned E5,0.3128879964351654
1,Fine-Tuned E5,0.4048685096204281
1,Fine-Tuned E5,0.2240955680608749
1,Fine-Tuned E5,0.172210156917572
1,Fine-Tuned E5,0.3620827496051788
1,Fine-Tuned E5,0.4052578583359718
1,Fine-Tuned E5,0.1323582231998443
1,Fine-Tuned E5,0.2491501979529857
1,Fine-Tuned E5,0.0896617621183395
1,Fine-Tuned E5,0.3568397313356399
1,Fine-Tuned E5,0.3338106125593185
1,Fine-Tuned E5,0.4535421393811703
1,Fine-Tuned E5,0.1276989579200744
1,Fine-Tuned E5,0.3331953957676887
1,Fine-Tuned E5,0.1465516090393066
1,Fine-Tuned E5,0.2268356382846832
1,Fine-Tuned E5,0.3857196941971779
1,Fine-Tuned E5,0.4347522556781769
1,Fine-Tuned E5,0.1485317945480346
1,Fine-Tuned E5,0.5144561901688576
1,Fine-Tuned E5,0.1532472968101501
1,Fine-Tuned E5,0.2737673819065094
1,Fine-Tuned E5,0.0532971322536468
1,Fine-Tuned E5,0.240079864859581
1,Fine-Tuned E5,0.368710920214653
1,Fine-Tuned E5,-0.0391038656234741
1,Fine-Tuned E5,0.4408708810806274
1,Fine-Tuned E5,0.4345108717679977
1,Fine-Tuned E5,0.2569661438465118
1,Fine-Tuned E5,0.5006664413958788
1,Fine-Tuned E5,0.2765423953533172
1,Fine-Tuned E5,0.4202556535601616
1,Fine-Tuned E5,0.1907515972852707
1,Fine-Tuned E5,0.4233193397521972
1,Fine-Tuned E5,0.2449097037315368
1,Fine-Tuned E5,0.1266849189996719
1,Fine-Tuned E5,0.2756966054439544
1,Fine-Tuned E5,0.0735308229923248
1,Fine-Tuned E5,-0.0316333472728729
1,Fine-Tuned E5,0.0815451294183731
1,Fine-Tuned E5,0.3448409996926784
1,Fine-Tuned E5,0.2324414849281311
1,Fine-Tuned E5,0.3041073828935623
1,Fine-Tuned E5,0.1997273117303848
1,Fine-Tuned E5,0.16708505153656
1,Fine-Tuned E5,0.0407496690750122
1,Fine-Tuned E5,0.3663792610168457
1,Fine-Tuned E5,0.1355141997337341
1,Fine-Tuned E5,0.2771236300468445
1,Fine-Tuned E5,0.1073545515537262
1,Fine-Tuned E5,0.1607630252838134
1,Fine-Tuned E5,0.1411160826683044
1,Fine-Tuned E5,0.1043876111507415
1,Fine-Tuned E5,0.4160777106881141
1,Fine-Tuned E5,0.1568138301372528
1,Fine-Tuned E5,0.2334693521261215
1,Fine-Tuned E5,0.0664671659469604
1,Fine-Tuned E5,0.3787573724985122
1,Fine-Tuned E5,0.2035779654979705
1,Fine-Tuned E5,0.5142617970705032
1,Fine-Tuned E5,0.1517526507377624
1,Fine-Tuned E5,0.4727729856967926
1,Fine-Tuned E5,0.2838091552257538
1,Fine-Tuned E5,0.1604565232992172
1,Fine-Tuned E5,0.4892465732991695
1,Fine-Tuned E5,0.1952158510684967
1,Fine-Tuned E5,0.0643728673458099
1,Fine-Tuned E5,0.4226056821644306
1,Fine-Tuned E5,0.1714029312133789
1,Fine-Tuned E5,0.3303107172250747
1,Fine-Tuned E5,0.1556045264005661
1,Fine-Tuned E5,0.3200690746307373
1,Fine-Tuned E5,0.1989660263061523
1,Fine-Tuned E5,0.1152398288249969
1,Fine-Tuned E5,-0.0074779391288757
1,Fine-Tuned E5,-0.1530120968818664
1,Fine-Tuned E5,0.0685343444347381
1,Fine-Tuned E5,0.4772032350301742
1,Fine-Tuned E5,0.1951420903205871
1,Fine-Tuned E5,0.3644256293773651
1,Fine-Tuned E5,0.3055556714534759
1,Fine-Tuned E5,0.1945382505655288
1,Fine-Tuned E5,-0.0015106797218322
1,Fine-Tuned E5,-0.009857639670372
1,Fine-Tuned E5,0.5722984150052071
1,Fine-Tuned E5,0.0039675533771514
1,Fine-Tuned E5,0.3212529420852661
1,Fine-Tuned E5,0.5865796618163586
1,Fine-Tuned E5,0.5517602562904358
1,Fine-Tuned E5,0.3684873580932617
1,Fine-Tuned E5,-0.05917689204216
1,Fine-Tuned E5,0.3111276105046272
1,Fine-Tuned E5,0.0937321782112121
1,Fine-Tuned E5,0.3610517978668213
1,Fine-Tuned E5,0.1830670237541198
1,Fine-Tuned E5,0.1937583088874817
1,Fine-Tuned E5,0.7371438592672348
1,Fine-Tuned E5,0.3714210093021393
1,Fine-Tuned E5,0.0840772688388824
1,Fine-Tuned E5,0.214908093214035
1,Fine-Tuned E5,0.448953278362751
1,Fine-Tuned E5,0.4282363131642341
1,Fine-Tuned E5,0.2443534284830093
1,Fine-Tuned E5,0.3303717188537121
1,Fine-Tuned E5,0.3334443643689155
1,Fine-Tuned E5,0.2291190847754478
1,Fine-Tuned E5,0.4238849729299545
1,Fine-Tuned E5,0.3252179129049182
1,Fine-Tuned E5,0.4108387231826782
1,Fine-Tuned E5,0.3880769535899162
1,Fine-Tuned E5,0.0369439721107482
1,Fine-Tuned E5,0.2620926797389984
1,Fine-Tuned E5,0.275371566414833
1,Fine-Tuned E5,0.1450449973344802
1,Fine-Tuned E5,0.3332009017467499
1,Fine-Tuned E5,-0.0573127567768096
1,Fine-Tuned E5,0.2131515890359878
1,Fine-Tuned E5,0.4908144362270832
1,Fine-Tuned E5,0.1899223923683166
1,Fine-Tuned E5,0.3839610815048218
1,Fine-Tuned E5,0.4164653718471527
1,Fine-Tuned E5,0.195103645324707
1,Fine-Tuned E5,0.3344758749008178
1,Fine-Tuned E5,0.1881457418203354
1,Fine-Tuned E5,0.2626143991947174
1,Fine-Tuned E5,0.293168693780899
1,Fine-Tuned E5,0.2214704602956771
1,Fine-Tuned E5,0.3032666742801666
1,Fine-Tuned E5,0.0800267457962036
1,Fine-Tuned E5,0.3676224201917648
1,Fine-Tuned E5,0.2405111938714981
1,Fine-Tuned E5,0.070220947265625
1,Fine-Tuned E5,0.3506682962179184
1,Fine-Tuned E5,0.5686092413961887
1,Fine-Tuned E5,0.2643916010856628
1,Fine-Tuned E5,0.5024488642811775
1,Fine-Tuned E5,0.3682933747768402
1,Fine-Tuned E5,0.3253865512087941
1,Fine-Tuned E5,0.1458680331707
1,Fine-Tuned E5,0.1781067699193954
1,Fine-Tuned E5,0.1982191205024719
1,Fine-Tuned E5,0.4217702150344848
1,Fine-Tuned E5,0.3705105632543564
1,Fine-Tuned E5,0.5033230669796467
1,Fine-Tuned E5,0.2060768902301788
1,Fine-Tuned E5,0.0986476838588714
1,Fine-Tuned E5,0.2850673198699951
1,Fine-Tuned E5,0.2411625534296035
1,Fine-Tuned E5,0.1099730730056762
1,Fine-Tuned E5,0.1623362004756927
1,Fine-Tuned E5,0.3158319145441055
1,Fine-Tuned E5,0.3529936335980892
1,Fine-Tuned E5,0.3822000324726105
1,Fine-Tuned E5,0.3299916982650757
1,Fine-Tuned E5,0.0779988765716552
1,Fine-Tuned E5,0.281436700373888
1,Fine-Tuned E5,0.1212485581636428
1,Fine-Tuned E5,0.0617734789848327
1,Fine-Tuned E5,0.1384226977825164
1,Fine-Tuned E5,0.4184695035219192
1,Fine-Tuned E5,0.3136978447437286
1,Fine-Tuned E5,0.3072813749313354
1,Fine-Tuned E5,0.1887251138687133
1,Fine-Tuned E5,0.321007676422596
1,Fine-Tuned E5,0.4736864035949111
1,Fine-Tuned E5,0.31133633852005
1,Fine-Tuned E5,0.0269689559936523
1,Fine-Tuned E5,0.3614956140518188
1,Fine-Tuned E5,0.0645740032196044
1,Fine-Tuned E5,0.0701919794082641
1,Fine-Tuned E5,0.0983517467975616
1,Fine-Tuned E5,0.1249845921993255
1,Fine-Tuned E5,-0.0083862394094467
1,Fine-Tuned E5,0.2057458851486444
1,Fine-Tuned E5,-0.0322749614715576
1,Fine-Tuned E5,0.1184784471988678
1,Fine-Tuned E5,0.4645614251494407
1,Fine-Tuned E5,0.0548749417066574
1,Fine-Tuned E5,0.2654189467430115
1,Fine-Tuned E5,0.0103398561477661
1,Fine-Tuned E5,0.4083258633036166
1,Fine-Tuned E5,-0.0701438784599304
1,Fine-Tuned E5,0.1379044353961944
1,Fine-Tuned E5,0.252327412366867
1,Fine-Tuned E5,0.3490199148654938
1,Fine-Tuned E5,0.1413354575634002
1,Fine-Tuned E5,0.2826136276125908
1,Fine-Tuned E5,0.1064940094947815
1,Fine-Tuned E5,0.293888509273529
1,Fine-Tuned E5,0.0249463021755218
1,Fine-Tuned E5,0.0462005138397216
1,Fine-Tuned E5,0.3248744159936905
1,Fine-Tuned E5,0.1217668652534484
1,Fine-Tuned E5,0.2177013382315635
1,Fine-Tuned E5,0.303826242685318
1,Fine-Tuned E5,0.2743597030639648
1,Fine-Tuned E5,0.2496934048831462
1,Fine-Tuned E5,0.3124233782291412
1,Fine-Tuned E5,0.2481978833675384
1,Fine-Tuned E5,0.374054417014122
1,Fine-Tuned E5,0.351889818906784
1,Fine-Tuned E5,0.4391769841313362
1,Fine-Tuned E5,0.2153725177049636
1,Fine-Tuned E5,0.1019167006015777
1,Fine-Tuned E5,0.1321593225002288
1,Fine-Tuned E5,0.3688931986689567
1,Fine-Tuned E5,0.3225727081298828
1,Fine-Tuned E5,0.2811080254614353
1,Fine-Tuned E5,0.3132041096687317
1,Fine-Tuned E5,0.3841264992952347
1,Fine-Tuned E5,0.2148310542106628
1,Fine-Tuned E5,0.1398135274648666
1,Fine-Tuned E5,0.034428060054779
1,Fine-Tuned E5,0.4248853102326393
1,Fine-Tuned E5,0.0756796598434448
1,Fine-Tuned E5,0.0330053865909576
1,Fine-Tuned E5,0.1223780512809753
1,Fine-Tuned E5,0.2351217567920684
1,Fine-Tuned E5,0.2119419574737548
1,Fine-Tuned E5,0.1740226149559021
1,Fine-Tuned E5,0.4115245714783668
1,Fine-Tuned E5,0.5109217502176762
1,Fine-Tuned E5,0.226584106683731
1,Fine-Tuned E5,0.1382153630256652
1,Fine-Tuned E5,0.3605446442961693
1,Fine-Tuned E5,0.4180904701352119
1,Fine-Tuned E5,0.2375196516513824
1,Fine-Tuned E5,0.1788259148597717
1,Fine-Tuned E5,0.259412869811058
1,Fine-Tuned E5,0.2224371470510959
1,Fine-Tuned E5,0.3820953071117401
1,Fine-Tuned E5,0.0532716512680053
1,Fine-Tuned E5,0.2284826040267944
1,Fine-Tuned E5,-0.0193076580762863
1,Fine-Tuned E5,0.0914987027645111
1,Fine-Tuned E5,0.2614029347896576
1,Fine-Tuned E5,-0.0438294112682342
1,Fine-Tuned E5,0.0991497039794921
1,Fine-Tuned E5,0.1869593411684036
1,Fine-Tuned E5,0.1786400526762008
1,Fine-Tuned E5,-0.1997670345008373
1,Fine-Tuned E5,0.5927075669169426
1,Fine-Tuned E5,0.2526377737522125
1,Fine-Tuned E5,0.225034475326538
1,Fine-Tuned E5,0.3610784411430359
1,Fine-Tuned E5,0.3093278110027313
1,Fine-Tuned E5,0.2054498195648193
1,Fine-Tuned E5,0.339078277349472
1,Fine-Tuned E5,0.3929471522569656
1,Fine-Tuned E5,0.1636796593666076
1,Fine-Tuned E5,0.3080767542123794
1,Fine-Tuned E5,0.2065457701683044
1,Fine-Tuned E5,-0.0028235018253326
1,Fine-Tuned E5,0.2412000000476837
1,Fine-Tuned E5,-0.0294402241706848
1,Fine-Tuned E5,-0.1880798637866974
1,Fine-Tuned E5,-0.1125274300575256
1,Fine-Tuned E5,0.1396002899855375
1,Fine-Tuned E5,0.0866167843341827
1,Fine-Tuned E5,0.1130200624465942
1,Fine-Tuned E5,0.0066087841987609
1,Fine-Tuned E5,-0.0518906414508819
1,Fine-Tuned E5,0.2546335160732269
1,Fine-Tuned E5,0.3941853605210781
1,Fine-Tuned E5,0.2187646627426147
1,Fine-Tuned E5,0.3122315183281898
1,Fine-Tuned E5,0.367779865860939
1,Fine-Tuned E5,0.1369015574455261
1,Fine-Tuned E5,0.3517481535673141
1,Fine-Tuned E5,0.4279805030673742
1,Fine-Tuned E5,0.1551413536071777
1,Fine-Tuned E5,0.1544720456004142
1,Fine-Tuned E5,0.2551361992955208
1,Fine-Tuned E5,0.1057225167751312
1,Fine-Tuned E5,-0.2430269122123718
1,Fine-Tuned E5,0.0155036896467208
1,Fine-Tuned E5,0.2466528117656707
1,Fine-Tuned E5,0.5762040615081787
1,Fine-Tuned E5,0.1009590625762939
1,Fine-Tuned E5,0.3183570280671119
1,Fine-Tuned E5,0.3594865053892135
1,Fine-Tuned E5,-0.0001117587089538
1,Fine-Tuned E5,0.484277956187725
1,Fine-Tuned E5,0.2025382816791534
1,Fine-Tuned E5,-0.132280632853508
1,Fine-Tuned E5,0.0663127973675727
1,Fine-Tuned E5,0.1528115794062614
1,Fine-Tuned E5,0.102653831243515
1,Fine-Tuned E5,0.1185110807418823
1,Fine-Tuned E5,0.4446840658783912
1,Fine-Tuned E5,0.0994692891836166
1,Fine-Tuned E5,0.1494084447622299
1,Fine-Tuned E5,0.3123522587120533
1,Fine-Tuned E5,0.3286778442561626
1,Fine-Tuned E5,0.1470344811677932
1,Fine-Tuned E5,0.1368756294250488
1,Fine-Tuned E5,0.512339174747467
1,Fine-Tuned E5,0.0873001217842102
1,Fine-Tuned E5,-0.0293428301811218
1,Fine-Tuned E5,0.0896990299224853
1,Fine-Tuned E5,0.6221998482942581
1,Fine-Tuned E5,0.3946238160133362
1,Fine-Tuned E5,0.4908012449741363
1,Fine-Tuned E5,0.1672511398792266
1,Fine-Tuned E5,0.1410770118236541
1,Fine-Tuned E5,0.4094725847244262
1,Fine-Tuned E5,0.2758076786994934
1,Fine-Tuned E5,0.1621417552232742
1,Fine-Tuned E5,0.2409313023090362
1,Fine-Tuned E5,0.270249605178833
1,Fine-Tuned E5,0.1383227109909057
1,Fine-Tuned E5,0.4157764390110969
1,Fine-Tuned E5,0.3469142690300941
1,Fine-Tuned E5,0.3360273838043213
1,Fine-Tuned E5,-0.0048401653766632
1,Fine-Tuned E5,0.4982745572924614
1,Fine-Tuned E5,0.0881418585777282
1,Fine-Tuned E5,0.1267596334218979
1,Fine-Tuned E5,0.0656793862581253
1,Fine-Tuned E5,0.0413413941860199
1,Fine-Tuned E5,0.3268561586737633
1,Fine-Tuned E5,0.190219298005104
1,Fine-Tuned E5,-0.2306395173072815
1,Fine-Tuned E5,0.3189388066530227
1,Fine-Tuned E5,0.6350875496864319
1,Fine-Tuned E5,0.5694206953048706
1,Fine-Tuned E5,0.2996084988117218
1,Fine-Tuned E5,0.3317722976207733
1,Fine-Tuned E5,0.3153878450393677
1,Fine-Tuned E5,0.3511494696140289
1,Fine-Tuned E5,0.2991476953029632
1,Fine-Tuned E5,0.236252099275589
1,Fine-Tuned E5,0.5969259589910507
1,Fine-Tuned E5,0.3770208433270454
1,Fine-Tuned E5,0.1314869523048401
1,Fine-Tuned E5,0.1252228617668151
1,Fine-Tuned E5,0.2832816503942013
1,Fine-Tuned E5,0.3966137617826462
1,Fine-Tuned E5,0.1058129370212555
1,Fine-Tuned E5,0.0886381864547729
1,Fine-Tuned E5,0.265959620475769
1,Fine-Tuned E5,0.1828627437353134
1,Fine-Tuned E5,0.5277623012661934
1,Fine-Tuned E5,0.5529920496046543
1,Fine-Tuned E5,0.1277796328067779
1,Fine-Tuned E5,-0.0674388110637664
1,Fine-Tuned E5,0.1580596268177032
1,Fine-Tuned E5,0.0273261666297912
1,Fine-Tuned E5,0.4452169239521026
1,Fine-Tuned E5,0.3276446387171745
1,Fine-Tuned E5,-0.1079417467117309
1,Fine-Tuned E5,0.2486452274024486
1,Fine-Tuned E5,0.5377188622951508
1,Fine-Tuned E5,0.0540410429239273
1,Fine-Tuned E5,0.0300009846687316
1,Fine-Tuned E5,0.0667127072811126
1,Fine-Tuned E5,0.2400256246328354
1,Fine-Tuned E5,0.0142759978771209
1,Fine-Tuned E5,0.2344714701175689
1,Fine-Tuned E5,0.3568714633584022
1,Fine-Tuned E5,0.0619699656963348
1,Fine-Tuned E5,0.3580546155571937
1,Fine-Tuned E5,0.0111092925071716
1,Fine-Tuned E5,-0.1247118413448333
1,Fine-Tuned E5,0.3931091129779815
1,Fine-Tuned E5,0.4798878282308578
1,Fine-Tuned E5,0.3340424299240112
1,Fine-Tuned E5,0.3298371061682701
1,Fine-Tuned E5,0.2639711052179336
1,Fine-Tuned E5,0.0374635756015777
1,Fine-Tuned E5,0.2268872261047363
1,Fine-Tuned E5,-0.0865126773715019
1,Fine-Tuned E5,0.3598219081759453
1,Fine-Tuned E5,0.025144338607788
1,Fine-Tuned E5,0.4162312094122171
1,Fine-Tuned E5,0.1375069916248321
1,Fine-Tuned E5,0.1186782419681549
1,Fine-Tuned E5,0.1618496924638748
1,Fine-Tuned E5,0.2212271392345428
1,Fine-Tuned E5,0.378655657172203
1,Fine-Tuned E5,0.0910624563694
1,Fine-Tuned E5,0.4209774956107139
1,Fine-Tuned E5,0.0301423668861389
1,Fine-Tuned E5,0.1935441195964813
1,Fine-Tuned E5,0.175779104232788
1,Fine-Tuned E5,0.4222246222198009
1,Fine-Tuned E5,0.3434912040829658
1,Fine-Tuned E5,0.142702430486679
1,Fine-Tuned E5,0.4601215627044439
1,Fine-Tuned E5,0.45287268422544
1,Fine-Tuned E5,0.1969119310379028
1,Fine-Tuned E5,0.2918848022818565
1,Fine-Tuned E5,0.427519413176924
1,Fine-Tuned E5,0.278783356770873
1,Fine-Tuned E5,0.10696741938591
1,Fine-Tuned E5,0.4857042282819748
1,Fine-Tuned E5,0.1167317032814025
1,Fine-Tuned E5,0.0655245780944824
1,Fine-Tuned E5,0.1469024419784546
1,Fine-Tuned E5,0.4577597081661224
1,Fine-Tuned E5,0.187930479645729
1,Fine-Tuned E5,0.0093870162963867
1,Fine-Tuned E5,-0.0448431372642517
1,Fine-Tuned E5,-0.0301606953144073
1,Fine-Tuned E5,0.3398788534104824
1,Fine-Tuned E5,0.4052418619394302
1,Fine-Tuned E5,-0.0646982491016388
1,Fine-Tuned E5,0.4610930830240249
1,Fine-Tuned E5,0.257977083325386
1,Fine-Tuned E5,0.0025445818901062
1,Fine-Tuned E5,0.058142066001892
1,Fine-Tuned E5,0.2112228572368621
1,Fine-Tuned E5,0.2211668491363525
1,Fine-Tuned E5,0.1005206108093261
1,Fine-Tuned E5,-0.0186125636100769
1,Fine-Tuned E5,0.075516402721405
1,Fine-Tuned E5,0.0509067177772522
1,Fine-Tuned E5,-0.0689689218997955
1,Fine-Tuned E5,0.3176427036523819
1,Fine-Tuned E5,-0.2397059500217437
1,Fine-Tuned E5,0.1982384622097015
1,Fine-Tuned E5,0.3426376357674598
1,Fine-Tuned E5,0.2454883772879839
1,Fine-Tuned E5,0.2148599475622177
1,Fine-Tuned E5,-0.1038732826709747
1,Fine-Tuned E5,0.2370082736015319
1,Fine-Tuned E5,0.2222581207752227
1,Fine-Tuned E5,0.1041209995746612
1,Fine-Tuned E5,-0.02185520529747
1,Fine-Tuned E5,0.2038559019565582
1,Fine-Tuned E5,0.0133952498435974
1,Fine-Tuned E5,0.1080372929573059
1,Fine-Tuned E5,0.6384701728820801
1,Fine-Tuned E5,0.430748138576746
1,Fine-Tuned E5,0.3560951948165893
1,Fine-Tuned E5,0.3454584777355194
1,Fine-Tuned E5,0.0329208374023437
1,Fine-Tuned E5,0.4616813659667969
1,Fine-Tuned E5,0.4629177004098892
1,Fine-Tuned E5,0.1745075136423111
1,Fine-Tuned E5,0.1420042216777801
1,Fine-Tuned E5,0.0778382420539856
1,Fine-Tuned E5,0.304020881652832
1,Fine-Tuned E5,0.3746037781238556
1,Fine-Tuned E5,0.2407492846250534
1,Fine-Tuned E5,0.1620388329029083
1,Fine-Tuned E5,0.0639861226081848
1,Fine-Tuned E5,-0.0671850144863128
1,Fine-Tuned E5,0.0945110917091369
1,Fine-Tuned E5,0.2936248034238815
1,Fine-Tuned E5,0.3090380653738975
1,Fine-Tuned E5,0.0522708892822265
1,Fine-Tuned E5,0.1448265835642814
1,Fine-Tuned E5,0.4066438227891922
1,Fine-Tuned E5,0.5283934995532036
1,Fine-Tuned E5,0.4140206426382065
1,Fine-Tuned E5,0.7840902507305145
1,Fine-Tuned E5,0.5686189197003841
1,Fine-Tuned E5,0.3149160146713257
1,Fine-Tuned E5,0.4994637370109558
1,Fine-Tuned E5,-0.0963134169578552
1,Fine-Tuned E5,0.2112955451011657
1,Fine-Tuned E5,0.221436396241188
1,Fine-Tuned E5,0.3078060932457447
1,Fine-Tuned E5,0.1186712682247161
1,Fine-Tuned E5,0.1778904944658279
1,Fine-Tuned E5,0.0861911475658416
1,Fine-Tuned E5,0.5933276824653149
1,Fine-Tuned E5,0.6862973868846893
1,Fine-Tuned E5,0.3719918429851532
1,Fine-Tuned E5,0.0204765051603317
1,Fine-Tuned E5,0.4484245330095291
1,Fine-Tuned E5,0.259509801864624
1,Fine-Tuned E5,0.170362502336502
1,Fine-Tuned E5,-0.0923843532800674
1,Fine-Tuned E5,0.4594586454331875
1,Fine-Tuned E5,0.2588262110948562
1,Fine-Tuned E5,0.3863564878702163
1,Fine-Tuned E5,0.5781999006867409
1,Fine-Tuned E5,0.4461089940741658
1,Fine-Tuned E5,0.3306354433298111
1,Fine-Tuned E5,0.1294114589691162
1,Fine-Tuned E5,0.3439965918660164
1,Fine-Tuned E5,0.0584624111652374
1,Fine-Tuned E5,0.21119025349617
1,Fine-Tuned E5,-0.0167326629161834
1,Fine-Tuned E5,0.1442214846611023
1,Fine-Tuned E5,0.1628369092941284
1,Fine-Tuned E5,0.2215228974819183
1,Fine-Tuned E5,0.3884416669607162
1,Fine-Tuned E5,0.0743793249130249
1,Fine-Tuned E5,0.0709799528121948
1,Fine-Tuned E5,0.5208689272403717
1,Fine-Tuned E5,0.492107056081295
1,Fine-Tuned E5,-0.1314060091972351
1,Fine-Tuned E5,0.3617579042911529
1,Fine-Tuned E5,0.5582024604082108
1,Fine-Tuned E5,0.232986718416214
1,Fine-Tuned E5,0.3876093477010727
1,Fine-Tuned E5,0.2527111768722534
1,Fine-Tuned E5,-0.0766786932945251
1,Fine-Tuned E5,-0.0245919227600097
1,Fine-Tuned E5,0.3204386457800865
1,Fine-Tuned E5,0.1357622146606445
1,Fine-Tuned E5,-0.0966236889362335
1,Fine-Tuned E5,0.5351763516664505
1,Fine-Tuned E5,0.2110608220100402
1,Fine-Tuned E5,-0.1814201325178146
1,Fine-Tuned E5,0.1911810040473938
1,Fine-Tuned E5,0.3180187419056892
1,Fine-Tuned E5,0.3684225529432297
1,Fine-Tuned E5,0.16671222448349
1,Fine-Tuned E5,0.4878714978694916
1,Fine-Tuned E5,0.1464390456676483
1,Fine-Tuned E5,0.295088954269886
1,Fine-Tuned E5,0.4216198846697807
1,Fine-Tuned E5,0.0826736986637115
1,Fine-Tuned E5,-0.0763460248708725
1,Fine-Tuned E5,-0.0350668281316757
1,Fine-Tuned E5,0.2917398139834404
1,Fine-Tuned E5,0.5665459185838699
1,Fine-Tuned E5,0.2600890398025512
1,Fine-Tuned E5,0.3961554914712906
1,Fine-Tuned E5,0.083439327776432
1,Fine-Tuned E5,0.2557710111141205
1,Fine-Tuned E5,0.4889107625931501
1,Fine-Tuned E5,0.2311645522713661
1,Fine-Tuned E5,-0.1078550517559051
1,Fine-Tuned E5,0.488802433013916
1,Fine-Tuned E5,0.3440292738378048
1,Fine-Tuned E5,0.1119985580444336
1,Fine-Tuned E5,0.1097981333732605
1,Fine-Tuned E5,0.3236502557992935
1,Fine-Tuned E5,-0.0108746886253356
1,Fine-Tuned E5,0.0622400939464569
1,Fine-Tuned E5,0.0284248441457748
1,Fine-Tuned E5,0.1462592035531997
1,Fine-Tuned E5,0.0455607175827026
1,Fine-Tuned E5,0.1554735898971557
1,Fine-Tuned E5,0.1876528114080429
1,Fine-Tuned E5,0.6363199576735497
1,Fine-Tuned E5,0.5627574329264462
1,Fine-Tuned E5,0.0392667651176452
1,Fine-Tuned E5,0.1802027970552444
1,Fine-Tuned E5,0.0872079730033874
1,Fine-Tuned E5,0.0416442453861236
1,Fine-Tuned E5,0.0544743239879608
1,Fine-Tuned E5,0.0883554220199585
1,Fine-Tuned E5,-0.0210216045379638
1,Fine-Tuned E5,0.3046175092458725
1,Fine-Tuned E5,0.1836422085762024
1,Fine-Tuned E5,0.2492465898394584
1,Fine-Tuned E5,0.2767483741044998
1,Fine-Tuned E5,0.3286035296041518
1,Fine-Tuned E5,0.336462914943695
1,Fine-Tuned E5,0.2756459806114435
1,Fine-Tuned E5,-0.0444867610931396
1,Fine-Tuned E5,0.2089386582374572
1,Fine-Tuned E5,0.5429677721112967
1,Fine-Tuned E5,0.0773904174566268
1,Fine-Tuned E5,0.1896611452102661
1,Fine-Tuned E5,0.1354298889636993
1,Fine-Tuned E5,0.1017021536827087
1,Fine-Tuned E5,0.2014291081577539
1,Fine-Tuned E5,-0.0944145321846008
1,Fine-Tuned E5,0.1304663121700287
1,Fine-Tuned E5,0.1433252990245819
1,Fine-Tuned E5,0.1698835492134094
1,Fine-Tuned E5,0.3825376182794571
1,Fine-Tuned E5,0.1109870374202728
1,Fine-Tuned E5,0.0245028436183929
1,Fine-Tuned E5,0.2459857538342476
1,Fine-Tuned E5,0.0328696072101593
1,Fine-Tuned E5,-0.0779445171356201
1,Fine-Tuned E5,0.2598692923784256
1,Fine-Tuned E5,0.0256435573101043
1,Fine-Tuned E5,-0.0454016923904418
1,Fine-Tuned E5,0.1544111967086792
1,Fine-Tuned E5,0.2941868156194687
1,Fine-Tuned E5,0.0706368386745452
2,Base E5,-0.0048954486846923
2,Base E5,-0.0137791037559509
2,Base E5,0.0698382258415222
2,Base E5,0.0807846784591674
2,Base E5,-0.0050291419029235
2,Base E5,-0.04510098695755
2,Base E5,-4.2319297790527344e-05
2,Base E5,-0.054352581501007
2,Base E5,0.0020571947097778
2,Base E5,-0.0163660049438476
2,Base E5,0.0129836797714233
2,Base E5,-0.023749828338623
2,Base E5,-0.039776861667633
2,Base E5,-0.0232576131820678
2,Base E5,0.0030860304832458
2,Base E5,-0.0675049424171447
2,Base E5,-0.0652834177017211
2,Base E5,-0.0541703701019287
2,Base E5,0.0170814394950866
2,Base E5,-0.0559556484222412
2,Base E5,-0.0670260190963745
2,Base E5,-0.0718260407447815
2,Base E5,-0.0578991770744323
2,Base E5,-0.0998348593711853
2,Base E5,-0.0615253448486328
2,Base E5,-0.0269120931625366
2,Base E5,0.0066849589347839
2,Base E5,-0.0325793623924255
2,Base E5,-0.0508655309677124
2,Base E5,-0.0244932174682617
2,Base E5,-0.0076215267181396
2,Base E5,-0.0485709309577941
2,Base E5,-0.0092791318893432
2,Base E5,-0.0153921842575073
2,Base E5,0.0085894465446472
2,Base E5,-0.0208246707916259
2,Base E5,-0.0183889865875244
2,Base E5,-0.0675394535064697
2,Base E5,0.0178473591804504
2,Base E5,-0.0365553498268127
2,Base E5,-0.0204415321350097
2,Base E5,-0.0239864587783813
2,Base E5,-0.024488627910614
2,Base E5,-0.0611442327499389
2,Base E5,-0.0214720964431762
2,Base E5,0.0210403800010681
2,Base E5,0.0502135157585144
2,Base E5,-0.0214876532554626
2,Base E5,-0.0322322249412536
2,Base E5,-0.0311547517776489
2,Base E5,-0.0148499011993408
2,Base E5,-0.0607501864433288
2,Base E5,-0.0261721014976501
2,Base E5,0.0310215353965759
2,Base E5,-0.0130345225334167
2,Base E5,-0.0610794425010681
2,Base E5,-0.0307145118713378
2,Base E5,-0.0163186788558959
2,Base E5,-0.0130823254585266
2,Base E5,-2.3424625396728516e-05
2,Base E5,0.006306767463684
2,Base E5,-0.0059112310409545
2,Base E5,-0.0320925116539001
2,Base E5,-0.039178729057312
2,Base E5,0.0548750162124633
2,Base E5,0.0596017837524414
2,Base E5,-0.0107128024101257
2,Base E5,0.0140217542648315
2,Base E5,0.0393670797348022
2,Base E5,-0.0254746675491333
2,Base E5,-0.0213927626609802
2,Base E5,0.0280561447143554
2,Base E5,0.0288942456245422
2,Base E5,-0.007139503955841
2,Base E5,0.0039713382720947
2,Base E5,0.0223143100738525
2,Base E5,0.0355140566825866
2,Base E5,0.0127202868461608
2,Base E5,0.0334668755531311
2,Base E5,0.0269259810447692
2,Base E5,0.0275537967681884
2,Base E5,0.0374089479446411
2,Base E5,-0.0163684487342834
2,Base E5,0.0103203058242797
2,Base E5,0.0509945750236511
2,Base E5,0.0612062215805053
2,Base E5,-0.0124643445014953
2,Base E5,-0.0313313007354736
2,Base E5,0.0356978774070739
2,Base E5,0.0488305687904357
2,Base E5,0.0333377718925476
2,Base E5,0.0441354513168334
2,Base E5,0.0089746713638305
2,Base E5,0.0342465639114379
2,Base E5,-0.0033881664276123
2,Base E5,-0.0046544671058654
2,Base E5,0.0108943581581115
2,Base E5,-0.0121037364006042
2,Base E5,-0.0107007026672363
2,Base E5,-0.000245451927185
2,Base E5,0.0775737762451171
2,Base E5,0.0529602766036987
2,Base E5,-0.0283371806144714
2,Base E5,-0.0001346468925476
2,Base E5,0.0582419633865356
2,Base E5,-0.0336548686027526
2,Base E5,-0.0132222175598144
2,Base E5,-0.002506673336029
2,Base E5,0.0621343851089477
2,Base E5,0.0265454053878784
2,Base E5,-0.0448156595230102
2,Base E5,0.0548324584960937
2,Base E5,0.0593425035476684
2,Base E5,0.0415884852409362
2,Base E5,0.0083842277526855
2,Base E5,-0.0111498236656188
2,Base E5,0.0533479452133178
2,Base E5,0.0200708508491516
2,Base E5,0.0088763833045959
2,Base E5,0.013491153717041
2,Base E5,0.0477524995803833
2,Base E5,0.0244219899177551
2,Base E5,-0.0119631886482238
2,Base E5,0.0414868593215942
2,Base E5,0.0229068994522094
2,Base E5,0.0453978180885314
2,Base E5,-0.0020070075988769
2,Base E5,-0.0012761950492858
2,Base E5,0.0174892544746398
2,Base E5,-0.0027779936790466
2,Base E5,0.0401530861854553
2,Base E5,0.0006773471832275
2,Base E5,0.0534050464630126
2,Base E5,0.0325989723205566
2,Base E5,0.0423170328140258
2,Base E5,0.0561650395393371
2,Base E5,-0.0267965793609619
2,Base E5,0.0182355046272277
2,Base E5,-0.0148894190788269
2,Base E5,0.0228949189186096
2,Base E5,0.0120118856430053
2,Base E5,-0.0051769614219665
2,Base E5,-0.0174115300178527
2,Base E5,0.0044640302658081
2,Base E5,0.0820358395576477
2,Base E5,-0.0153489708900451
2,Base E5,0.0365411639213562
2,Base E5,0.0487385988235473
2,Base E5,0.0209711790084838
2,Base E5,-0.009053885936737
2,Base E5,0.0315997004508972
2,Base E5,0.0319354534149169
2,Base E5,0.0291994214057922
2,Base E5,0.0227336287498474
2,Base E5,0.0286043286323547
2,Base E5,-0.0002965331077575
2,Base E5,-0.0250706076622009
2,Base E5,0.0215753316879272
2,Base E5,0.0135329961776733
2,Base E5,-0.0070835351943969
2,Base E5,0.0925999283790588
2,Base E5,-0.0020314455032348
2,Base E5,0.0308201313018798
2,Base E5,0.0265842080116271
2,Base E5,0.0141956806182861
2,Base E5,0.0239673256874084
2,Base E5,-0.0189895033836364
2,Base E5,0.0152385234832763
2,Base E5,-0.024673044681549
2,Base E5,0.0183464288711547
2,Base E5,0.0008060336112976
2,Base E5,0.0284336805343627
2,Base E5,0.0631651282310485
2,Base E5,-0.0577059984207153
2,Base E5,0.0191627740859985
2,Base E5,-0.0490468144416809
2,Base E5,0.0262888669967651
2,Base E5,-0.0069649815559387
2,Base E5,0.0316283702850341
2,Base E5,-0.0236907005310058
2,Base E5,0.0178941488265991
2,Base E5,0.0219780206680297
2,Base E5,0.0105419158935546
2,Base E5,-0.0350202322006225
2,Base E5,-0.0031116604804992
2,Base E5,0.034336507320404
2,Base E5,0.0196654200553894
2,Base E5,0.0435244441032409
2,Base E5,0.0083010792732238
2,Base E5,-0.0023928880691528
2,Base E5,-0.0410787463188171
2,Base E5,-0.0146856307983398
2,Base E5,0.0085423588752746
2,Base E5,-0.0362606048583984
2,Base E5,-0.0248263478279113
2,Base E5,-0.0115333795547485
2,Base E5,0.0146859884262084
2,Base E5,-0.0185706615447998
2,Base E5,-0.0165943503379821
2,Base E5,0.0004695057868957
2,Base E5,-0.0110482573509216
2,Base E5,-0.0166404247283935
2,Base E5,0.0114712119102478
2,Base E5,-0.0119489431381225
2,Base E5,0.0402233600616455
2,Base E5,0.004078984260559
2,Base E5,0.0085246562957763
2,Base E5,-0.0226402878761291
2,Base E5,0.0361286997795105
2,Base E5,0.0264845490455627
2,Base E5,-0.0092306733131408
2,Base E5,0.0314862132072448
2,Base E5,0.0691915154457092
2,Base E5,0.009846031665802
2,Base E5,0.0690324902534484
2,Base E5,0.0144222974777221
2,Base E5,0.0555270314216613
2,Base E5,0.0239918231964111
2,Base E5,0.0076082348823547
2,Base E5,0.0173243880271911
2,Base E5,-0.0097021460533142
2,Base E5,-0.0155251026153564
2,Base E5,-0.0110563039779663
2,Base E5,-0.0195123553276062
2,Base E5,0.0031282305717468
2,Base E5,0.0126273036003112
2,Base E5,0.0226399302482604
2,Base E5,-0.003232717514038
2,Base E5,0.0095317363739013
2,Base E5,0.0021348595619201
2,Base E5,0.0121265053749084
2,Base E5,-0.0599157214164733
2,Base E5,0.0095065832138061
2,Base E5,-0.0070400834083557
2,Base E5,-0.0514490008354187
2,Base E5,-0.000733733177185
2,Base E5,0.1023263931274414
2,Base E5,0.0693429708480835
2,Base E5,0.0213069915771484
2,Base E5,-0.0024213790893554
2,Base E5,0.0090532302856445
2,Base E5,0.015609860420227
2,Base E5,-0.0053534507751464
2,Base E5,-0.0084357261657714
2,Base E5,0.0227652788162231
2,Base E5,-0.0153934359550476
2,Base E5,0.0245642662048339
2,Base E5,-0.0486354231834411
2,Base E5,0.0632344484329223
2,Base E5,-0.0392090678215026
2,Base E5,-0.0004500150680541
2,Base E5,0.0111721754074096
2,Base E5,0.0155234336853027
2,Base E5,0.0356075167655944
2,Base E5,-0.0416697263717651
2,Base E5,0.0064114332199096
2,Base E5,0.0246905088424682
2,Base E5,-0.0090035200119018
2,Base E5,0.0242535471916198
2,Base E5,0.0184016227722167
2,Base E5,0.0451501011848449
2,Base E5,0.0191521048545837
2,Base E5,0.0023274421691894
2,Base E5,-0.0297831892967224
2,Base E5,0.0361862182617187
2,Base E5,0.0295307636260986
2,Base E5,-0.0483103990554809
2,Base E5,-0.0001951456069946
2,Base E5,0.0437496900558471
2,Base E5,0.0226771831512451
2,Base E5,0.0040826797485351
2,Base E5,-0.0096352696418762
2,Base E5,0.0188671350479125
2,Base E5,0.0105760693550109
2,Base E5,-0.0011731386184692
2,Base E5,0.0305956602096557
2,Base E5,0.0206267237663269
2,Base E5,0.0194060206413269
2,Base E5,0.0017727017402648
2,Base E5,-0.0016564726829528
2,Base E5,0.0172993540763854
2,Base E5,0.0063275694847106
2,Base E5,-0.0857664942741394
2,Base E5,0.0314041972160339
2,Base E5,0.0080695152282714
2,Base E5,-0.0047327280044555
2,Base E5,-0.0249574780464172
2,Base E5,0.0166419744491577
2,Base E5,0.0046256184577941
2,Base E5,-0.0125819444656372
2,Base E5,0.0039870738983154
2,Base E5,-0.0087647438049316
2,Base E5,0.0098453164100646
2,Base E5,0.0324762463569641
2,Base E5,0.0378254652023315
2,Base E5,0.0009196996688842
2,Base E5,-0.0071432590484619
2,Base E5,-0.0272436141967773
2,Base E5,0.0219612121582031
2,Base E5,-0.0245773792266845
2,Base E5,0.0098636150360107
2,Base E5,0.034853458404541
2,Base E5,0.0365547537803649
2,Base E5,0.031503140926361
2,Base E5,0.0087923407554626
2,Base E5,-0.0158268213272094
2,Base E5,0.0172902345657348
2,Base E5,-0.0028463006019592
2,Base E5,0.033557116985321
2,Base E5,0.0128461718559265
2,Base E5,0.0123443007469177
2,Base E5,0.0065190196037292
2,Base E5,-0.0066376328468322
2,Base E5,-0.0490527153015136
2,Base E5,0.0322245955467224
2,Base E5,-0.0041594505310058
2,Base E5,0.008269727230072
2,Base E5,-0.0067363381385803
2,Base E5,0.0326653718948364
2,Base E5,0.0505920648574829
2,Base E5,0.0503067374229431
2,Base E5,-0.0166963934898376
2,Base E5,0.0112070441246032
2,Base E5,-0.0051594376564025
2,Base E5,0.0099766850471496
2,Base E5,0.0046213269233703
2,Base E5,0.0144951939582824
2,Base E5,-0.0104984045028686
2,Base E5,-0.0141090750694274
2,Base E5,0.0159938335418701
2,Base E5,0.0105632543563842
2,Base E5,0.0231494903564453
2,Base E5,0.0137738585472106
2,Base E5,0.0118783712387084
2,Base E5,0.023988664150238
2,Base E5,0.0338751077651977
2,Base E5,0.0440372228622436
2,Base E5,0.0332732200622558
2,Base E5,0.0364658236503601
2,Base E5,-0.0003828406333923
2,Base E5,0.0123276710510253
2,Base E5,0.0103634595870971
2,Base E5,0.0045173168182373
2,Base E5,-0.0090815424919128
2,Base E5,0.02631676197052
2,Base E5,0.030054748058319
2,Base E5,0.0165028572082519
2,Base E5,-0.0046842694282531
2,Base E5,0.0196138024330139
2,Base E5,0.0145405530929565
2,Base E5,0.0463687777519226
2,Base E5,-0.0169179439544677
2,Base E5,0.0039842724800109
2,Base E5,-0.0018196702003479
2,Base E5,0.0080575942993164
2,Base E5,-0.0027617812156677
2,Base E5,0.0273329615592956
2,Base E5,0.010418951511383
2,Base E5,0.0124189853668212
2,Base E5,0.0143048167228698
2,Base E5,0.0029153227806091
2,Base E5,0.0153510570526123
2,Base E5,0.0019422769546508
2,Base E5,0.0103594660758972
2,Base E5,-0.0058556199073791
2,Base E5,-0.0006957650184631
2,Base E5,0.0089596509933471
2,Base E5,0.006492793560028
2,Base E5,0.0245547890663146
2,Base E5,0.0020233988761901
2,Base E5,0.027342677116394
2,Base E5,0.0314500331878662
2,Base E5,0.0278239846229553
2,Base E5,0.0315325260162353
2,Base E5,0.075263500213623
2,Base E5,-0.0103530287742614
2,Base E5,-0.0087735056877136
2,Base E5,0.0289222598075866
2,Base E5,0.0226525664329528
2,Base E5,0.0507808327674865
2,Base E5,0.0024937987327575
2,Base E5,0.0122691392898559
2,Base E5,0.0173328518867492
2,Base E5,0.0354174971580505
2,Base E5,0.0022183656692504
2,Base E5,0.0042641758918762
2,Base E5,-0.0180060267448425
2,Base E5,-0.0162705183029174
2,Base E5,0.0151007771492004
2,Base E5,-0.0074363350868225
2,Base E5,0.0346747636795043
2,Base E5,-0.0306372642517089
2,Base E5,-0.0327982306480407
2,Base E5,-0.0326547622680664
2,Base E5,0.0106887221336364
2,Base E5,-0.0379619002342224
2,Base E5,-0.0063084959983825
2,Base E5,-0.0086690783500671
2,Base E5,0.0021309256553649
2,Base E5,0.0078589916229248
2,Base E5,0.0083381533622741
2,Base E5,-0.0359386205673217
2,Base E5,-0.0067503452301025
2,Base E5,-0.0105298161506652
2,Base E5,-0.0072142481803894
2,Base E5,0.0619726181030273
2,Base E5,-0.0049274563789367
2,Base E5,-0.0032519698143005
2,Base E5,-0.005897045135498
2,Base E5,-0.0108881592750549
2,Base E5,0.0333152413368225
2,Base E5,-0.0026065707206726
2,Base E5,-0.0439648032188415
2,Base E5,0.0119263529777526
2,Base E5,-0.0165879726409912
2,Base E5,-0.0221385359764099
2,Base E5,0.0300189852714538
2,Base E5,-0.0317714810371398
2,Base E5,-0.0370630025863647
2,Base E5,-0.0562630295753479
2,Base E5,-0.0307024717330932
2,Base E5,-0.0341055989265441
2,Base E5,-0.034536600112915
2,Base E5,-0.0480105876922607
2,Base E5,0.0214927196502685
2,Base E5,-0.0351002216339111
2,Base E5,0.0019065141677856
2,Base E5,0.0093706250190734
2,Base E5,0.0487110018730163
2,Base E5,0.004012644290924
2,Base E5,0.0124946236610412
2,Base E5,-0.0077199935913085
2,Base E5,0.0185922980308532
2,Base E5,-0.0076346397399902
2,Base E5,-0.0015609264373779
2,Base E5,0.0129410624504089
2,Base E5,0.0149891376495361
2,Base E5,-0.0186132192611694
2,Base E5,0.0593422651290893
2,Base E5,-0.0432643294334411
2,Base E5,0.010779321193695
2,Base E5,-0.0039929747581481
2,Base E5,-0.0149007439613342
2,Base E5,-0.0032275319099426
2,Base E5,0.0121630430221557
2,Base E5,-0.0051659345626831
2,Base E5,0.0113736987113952
2,Base E5,-0.0078046321868896
2,Base E5,0.0307359099388122
2,Base E5,0.0410346984863281
2,Base E5,0.0252723097801208
2,Base E5,0.0127383470535278
2,Base E5,0.0151498317718505
2,Base E5,-0.0102088451385498
2,Base E5,0.0030178427696228
2,Base E5,-0.0021608471870422
2,Base E5,0.0338702797889709
2,Base E5,-0.0020706057548522
2,Base E5,0.0303304195404052
2,Base E5,-0.0150020122528076
2,Base E5,0.039337158203125
2,Base E5,0.0149378776550292
2,Base E5,0.0212353467941284
2,Base E5,0.024307370185852
2,Base E5,0.0223788022994995
2,Base E5,0.0568506121635437
2,Base E5,0.0354950428009033
2,Base E5,0.0377168655395507
2,Base E5,-0.0066972970962524
2,Base E5,-0.0138171315193176
2,Base E5,0.0354846715927124
2,Base E5,-0.0115553736686706
2,Base E5,0.0034608840942382
2,Base E5,0.0165203213691711
2,Base E5,0.0153371691703796
2,Base E5,0.0021322965621948
2,Base E5,0.0115008354187011
2,Base E5,-0.0076091885566711
2,Base E5,0.0142976641654968
2,Base E5,0.0354353189468383
2,Base E5,0.0238803625106811
2,Base E5,-0.0095664858818054
2,Base E5,0.0249558687210083
2,Base E5,-0.0109887719154357
2,Base E5,0.0282571911811828
2,Base E5,0.0119348764419555
2,Base E5,0.0313889384269714
2,Base E5,0.002358078956604
2,Base E5,0.0043498277664184
2,Base E5,-0.0166429877281188
2,Base E5,0.0448280572891235
2,Base E5,0.01800137758255
2,Base E5,0.0182372331619262
2,Base E5,-0.0096133351325988
2,Base E5,-0.0141550302505493
2,Base E5,0.0028761029243469
2,Base E5,-0.0040743947029113
2,Base E5,-0.0084785819053649
2,Base E5,0.0023708343505859
2,Base E5,0.0244248509407043
2,Base E5,0.0263559818267822
2,Base E5,0.0123195052146911
2,Base E5,0.0538959503173828
2,Base E5,-0.0182831287384033
2,Base E5,-0.0166268348693847
2,Base E5,-0.013754665851593
2,Base E5,-0.0120657086372375
2,Base E5,0.0204516649246215
2,Base E5,0.0298814177513122
2,Base E5,0.0123106837272644
2,Base E5,0.0178044438362121
2,Base E5,0.0036622285842895
2,Base E5,0.0472083091735839
2,Base E5,0.0459438562393188
2,Base E5,0.0375533103942871
2,Base E5,0.0245989561080932
2,Base E5,0.0576896071434021
2,Base E5,-0.0316781401634216
2,Base E5,0.0121998786926269
2,Base E5,0.0198224782943725
2,Base E5,0.0271790027618408
2,Base E5,0.0300524234771728
2,Base E5,0.0502651929855346
2,Base E5,0.0306293368339538
2,Base E5,0.0256665349006652
2,Base E5,-0.0110144615173339
2,Base E5,0.0062344670295715
2,Base E5,0.0203465819358825
2,Base E5,0.0005378127098083
2,Base E5,0.0026887655258178
2,Base E5,0.0144479870796203
2,Base E5,0.0339312553405761
2,Base E5,0.0308154225349426
2,Base E5,0.0217108726501464
2,Base E5,0.0078906416893005
2,Base E5,0.0356850624084472
2,Base E5,0.0496261715888977
2,Base E5,0.0423099994659423
2,Base E5,0.029677391052246
2,Base E5,0.0316417813301086
2,Base E5,-0.0143559575080871
2,Base E5,-0.0418663024902343
2,Base E5,-0.0110872983932495
2,Base E5,-0.0035156607627868
2,Base E5,-0.0150395035743713
2,Base E5,-0.0338514447212219
2,Base E5,0.0192364454269409
2,Base E5,-0.0284023284912109
2,Base E5,0.022727608680725
2,Base E5,-0.0200276374816894
2,Base E5,0.0057429671287536
2,Base E5,-0.0097600221633911
2,Base E5,0.0528964400291442
2,Base E5,-0.0154739022254943
2,Base E5,0.0011164546012878
2,Base E5,0.0262849926948547
2,Base E5,0.0104163289070129
2,Base E5,-0.0111982226371765
2,Base E5,0.0213896036148071
2,Base E5,-0.0126085877418518
2,Base E5,-0.0009435415267944
2,Base E5,0.0007697939872741
2,Base E5,0.0261213779449462
2,Base E5,-0.0131850838661193
2,Base E5,-0.0188108086585998
2,Base E5,0.0222843289375305
2,Base E5,0.0575514435768127
2,Base E5,-0.0008614659309387
2,Base E5,0.0337470769882202
2,Base E5,0.0017638802528381
2,Base E5,-0.0197733044624328
2,Base E5,0.0426118969917297
2,Base E5,0.0037606358528137
2,Base E5,0.0225647687911987
2,Base E5,0.0061160326004028
2,Base E5,0.0229898691177368
2,Base E5,-0.020018458366394
2,Base E5,0.0084728598594665
2,Base E5,0.0061115622520446
2,Base E5,-0.0110247135162353
2,Base E5,0.0526888966560363
2,Base E5,-0.0136702060699462
2,Base E5,0.0227754116058349
2,Base E5,-0.0060423016548156
2,Base E5,0.0081903338432312
2,Base E5,0.0100318789482116
2,Base E5,0.016980767250061
2,Base E5,0.0128189325332641
2,Base E5,0.0502479672431945
2,Base E5,0.0137118697166442
2,Base E5,0.0923302769660949
2,Base E5,0.0268992781639099
2,Base E5,0.0539469718933105
2,Base E5,0.0318789482116699
2,Base E5,0.0181448459625244
2,Base E5,0.0323125720024108
2,Base E5,0.0253336429595947
2,Base E5,-0.0007115602493286
2,Base E5,0.0304937362670898
2,Base E5,-0.0010056495666503
2,Base E5,0.0097102522850036
2,Base E5,0.0508081316947937
2,Base E5,0.0209014415740966
2,Base E5,0.0498683452606201
2,Base E5,0.0284923315048217
2,Base E5,0.054446518421173
2,Base E5,0.0507150888442993
2,Base E5,-0.0157273411750793
2,Base E5,0.0417251586914062
2,Base E5,0.0292812585830688
2,Base E5,0.0517980456352233
2,Base E5,0.0268568396568298
2,Base E5,0.0222782492637634
2,Base E5,-0.0217806100845336
2,Base E5,-0.000885009765625
2,Base E5,-0.0098588466644287
2,Base E5,0.0538678765296936
2,Base E5,0.0483832359313964
2,Base E5,0.0515598654747009
2,Base E5,0.0264784693717956
2,Base E5,0.0294912457466125
2,Base E5,0.019755482673645
2,Base E5,0.0186876058578491
2,Base E5,0.0019106268882751
2,Base E5,0.0171324014663696
2,Base E5,0.0055863857269287
2,Base E5,0.0180439352989196
2,Base E5,-0.0068572163581848
2,Base E5,0.0607644915580749
2,Base E5,-0.0650545358657836
2,Base E5,0.0099334716796875
2,Base E5,-0.000373899936676
2,Base E5,0.021923542022705
2,Base E5,0.0132156014442443
2,Base E5,0.0045772790908813
2,Base E5,0.0152176022529602
2,Base E5,-0.0291377902030944
2,Base E5,0.0045342445373535
2,Base E5,-0.0094555616378784
2,Base E5,-0.0106799006462097
2,Base E5,-0.0071222782135009
2,Base E5,-0.0201056599617004
2,Base E5,0.0090354681015014
2,Base E5,-0.0041346549987792
2,Base E5,0.0107638835906982
2,Base E5,-0.0525779128074646
2,Base E5,0.0005393028259277
2,Base E5,-0.0367836952209472
2,Base E5,-0.0067202448844909
2,Base E5,-0.0065500736236572
2,Base E5,0.0188240408897399
2,Base E5,-0.0144970417022705
2,Base E5,0.0198605060577392
2,Base E5,0.0190800428390502
2,Base E5,-0.0149511694908142
2,Base E5,0.0032153725624084
2,Base E5,0.0348036289215087
2,Base E5,0.0337918400764465
2,Base E5,0.0171188712120056
2,Base E5,0.0424786210060119
2,Base E5,-0.0039523839950561
2,Base E5,0.0178675055503845
2,Base E5,0.0698770880699157
2,Base E5,0.0393443703651428
2,Base E5,0.0058587789535522
2,Base E5,-0.0108239650726318
2,Base E5,-0.0228529572486877
2,Base E5,-0.0350592732429504
2,Base E5,0.0462924838066101
2,Base E5,0.0154598951339721
2,Base E5,0.0043005347251892
2,Base E5,-0.0072014331817626
2,Base E5,-0.0076671838760375
2,Base E5,-0.0155693292617797
2,Base E5,0.0079738497734069
2,Base E5,-0.005651831626892
2,Base E5,0.0249183177947998
2,Base E5,0.0264624953269958
2,Base E5,0.0113690495491027
2,Base E5,-0.0088428258895874
2,Base E5,0.0334592461585998
2,Base E5,0.0021905303001403
2,Base E5,0.0284660458564758
2,Base E5,0.0309608578681945
2,Base E5,0.0242825746536254
2,Base E5,-0.0104506015777587
2,Base E5,0.0085251331329345
2,Base E5,-0.0280060172080993
2,Base E5,-0.0088014602661132
2,Base E5,-0.0188941359519958
2,Base E5,0.0110768675804138
2,Base E5,-0.0398987531661987
2,Base E5,0.0257598161697387
2,Base E5,-0.0034757852554321
2,Base E5,0.0368391275405883
2,Base E5,-0.001492440700531
2,Base E5,-0.0050321817398071
2,Base E5,-0.0004957914352416
2,Base E5,0.0279897451400756
2,Base E5,0.0074250102043151
2,Base E5,0.0164811611175537
2,Base E5,0.0300261974334716
2,Base E5,0.0551704764366149
2,Base E5,0.0286867022514343
2,Base E5,0.0438026189804077
2,Base E5,0.0422607064247131
2,Base E5,0.0450803637504577
2,Base E5,0.0132598280906677
2,Base E5,0.0114014744758605
2,Base E5,0.0237189531326293
2,Base E5,0.0265614390373229
2,Base E5,0.006325364112854
2,Base E5,0.0042904615402221
2,Base E5,0.0067329406738281
2,Base E5,-0.0046783685684204
2,Base E5,-0.0160861611366271
2,Base E5,0.0398786664009094
2,Base E5,0.0307661890983581
2,Base E5,0.0325658917427063
2,Base E5,-0.0034242868423461
2,Base E5,0.0044518113136291
2,Base E5,-0.0090369582176208
2,Base E5,-0.0025420188903808
2,Base E5,0.0135623812675476
2,Base E5,0.0207740068435668
2,Base E5,-0.0099160075187683
2,Base E5,-0.0037800073623657
2,Base E5,0.0299270153045654
2,Base E5,0.0245965719223022
2,Base E5,0.0285356640815734
2,Base E5,0.0382406115531921
2,Base E5,0.0269687175750732
2,Base E5,0.014281690120697
2,Base E5,0.0014488697052001
2,Base E5,0.0157312154769897
2,Base E5,-0.0072709918022155
2,Base E5,-0.0066682696342468
2,Base E5,-0.0070928335189819
2,Base E5,0.0339764952659606
2,Base E5,-0.0052361488342285
2,Base E5,0.037357211112976
2,Base E5,0.0318340063095092
2,Base E5,0.0369407534599304
2,Base E5,0.0284675359725952
2,Base E5,0.0040833353996276
2,Base E5,0.0056905150413513
2,Base E5,0.0536029934883117
2,Base E5,0.0167235732078552
2,Base E5,-0.0299996137619018
2,Base E5,-0.0290194749832153
2,Base E5,-0.0224063992500305
2,Base E5,-0.0254933834075927
2,Base E5,-0.0156170129776
2,Base E5,0.0074740648269653
2,Base E5,-0.0034472346305847
2,Base E5,-0.000676691532135
2,Base E5,-0.000780701637268
2,Base E5,0.0128052234649658
2,Base E5,0.0317806601524353
2,Base E5,-0.0170804262161254
2,Base E5,-0.000157356262207
2,Base E5,-0.0022238492965698
2,Base E5,0.0263652801513671
2,Base E5,-0.0205253958702087
2,Base E5,0.0132552981376647
2,Base E5,-0.0120975375175476
2,Base E5,0.019977331161499
2,Base E5,-0.0051560997962951
2,Base E5,-0.0115173459053039
2,Base E5,0.009047508239746
2,Base E5,0.021851897239685
2,Base E5,0.0143371224403381
2,Base E5,-0.0020543932914733
2,Base E5,-0.0055747032165527
2,Base E5,0.0110064148902893
2,Base E5,-0.0035901069641113
2,Base E5,0.0313479304313659
2,Base E5,-0.0103790163993835
2,Base E5,0.0145344138145446
2,Base E5,0.0010125041007995
2,Base E5,0.0299098491668701
2,Base E5,-0.0014163851737976
2,Base E5,0.0236380100250244
2,Base E5,0.0072184801101684
2,Base E5,-0.0014001131057739
2,Base E5,0.0453320145606994
2,Base E5,0.0536600947380065
2,Base E5,-0.0116543173789978
2,Base E5,0.0122885107994079
2,Base E5,0.0100219249725341
2,Base E5,0.0451177358627319
2,Base E5,-0.0251564979553222
2,Base E5,0.0372012257575988
2,Base E5,0.0566199421882629
2,Base E5,0.0321699380874633
2,Base E5,0.0444926619529724
2,Base E5,-0.000369906425476
2,Base E5,-0.0019400119781494
2,Base E5,0.034308910369873
2,Base E5,0.0077264904975891
2,Base E5,-0.0413152575492858
2,Base E5,0.0202882885932922
2,Base E5,-0.010799765586853
2,Base E5,-0.0014194846153259
2,Base E5,-0.0026221871376037
2,Base E5,-0.0189434885978698
2,Base E5,0.0191455483436584
2,Base E5,0.009634792804718
2,Base E5,0.0016372799873352
2,Base E5,-0.0101730823516845
2,Base E5,-0.0073498487472534
2,Base E5,-0.0084673166275024
2,Base E5,-0.0120363235473632
2,Base E5,0.0469576716423034
2,Base E5,0.0033653974533081
2,Base E5,-0.0470259189605712
2,Base E5,0.0353643894195556
2,Base E5,0.0403422713279724
2,Base E5,0.0065862536430358
2,Base E5,0.0335891246795654
2,Base E5,0.0331829786300659
2,Base E5,0.0050773620605468
2,Base E5,0.0613849759101867
2,Base E5,-0.0154356956481933
2,Base E5,0.0248667001724243
2,Base E5,0.0031408667564392
2,Base E5,0.0577090978622436
2,Base E5,-0.0006795525550842
2,Base E5,0.0095037817955017
2,Base E5,-0.0048354268074035
2,Base E5,0.0612624287605285
2,Base E5,0.0083211064338684
2,Base E5,0.0015325546264648
2,Base E5,0.0356409549713134
2,Base E5,0.0225905179977417
2,Base E5,0.0380456447601318
2,Base E5,0.0036894679069519
2,Base E5,-0.0092646479606628
2,Base E5,0.0002762675285339
2,Base E5,-0.0014758110046386
2,Base E5,0.0124759078025817
2,Base E5,-0.0027934312820434
2,Base E5,0.033454954624176
2,Base E5,0.014832854270935
2,Base E5,0.0300647616386413
2,Base E5,0.01728355884552
2,Base E5,0.0491664409637451
2,Base E5,0.0321720242500305
2,Base E5,0.0147259831428527
2,Base E5,0.0174610614776611
2,Base E5,0.0115115046501159
2,Base E5,0.0114979147911071
2,Base E5,0.05662602186203
2,Base E5,0.0098907351493835
2,Base E5,0.0567036867141723
2,Base E5,0.021207571029663
2,Base E5,0.0379053950309753
2,Base E5,-0.0336270332336425
2,Base E5,0.0290819406509399
2,Base E5,0.0204641819000244
2,Base E5,0.0227681398391723
2,Base E5,0.0104583501815795
2,Base E5,0.0048481822013854
2,Base E5,-0.0238049626350402
2,Base E5,0.0133567452430725
2,Base E5,0.0071139931678771
2,Base E5,0.0339930653572082
2,Base E5,-0.0019907355308532
2,Base E5,0.0027846693992614
2,Base E5,-0.0296655297279357
2,Base E5,0.0171743631362915
2,Base E5,-0.015334129333496
2,Base E5,0.0392223596572876
2,Base E5,0.02951180934906
2,Base E5,0.0672273635864257
2,Base E5,0.1038612127304077
2,Base E5,0.0292186737060546
2,Base E5,-0.0281233191490173
2,Base E5,0.0250706076622009
2,Base E5,-0.027486503124237
2,Base E5,0.0663392543792724
2,Base E5,0.0392922759056091
2,Base E5,0.0704313516616821
2,Base E5,0.0247412323951721
2,Base E5,-0.0285775661468505
2,Base E5,-0.0071621537208557
2,Base E5,0.0364980101585388
2,Base E5,-0.0596576929092407
2,Base E5,-0.0637144446372985
2,Base E5,-0.0266177654266357
2,Base E5,0.0080115795135498
2,Base E5,-0.0040004253387451
2,Base E5,-0.0396486520767211
2,Base E5,-0.0464054346084594
2,Base E5,-0.0578991770744323
2,Base E5,-0.0759786367416381
2,Base E5,-0.0530369281768798
2,Base E5,-0.0110079050064086
2,Base E5,0.0219737887382507
2,Base E5,-0.0398733019828796
2,Base E5,-0.0290038585662841
2,Base E5,0.0223244428634643
2,Base E5,0.0425514578819274
2,Base E5,-0.0269824266433715
2,Base E5,0.0029790997505187
2,Base E5,0.0357919931411743
2,Base E5,0.0188492536544799
2,Base E5,-0.0204066634178161
2,Base E5,0.0078535079956054
2,Base E5,-0.0508736968040466
2,Base E5,0.0287643074989318
2,Base E5,0.0026808977127075
2,Base E5,0.0185232758522033
2,Base E5,0.0583625435829162
2,Base E5,-0.0367070436477661
2,Base E5,0.0206980109214782
2,Base E5,0.0001264214515686
2,Base E5,0.0321954488754272
2,Base E5,0.0986603498458862
2,Base E5,-0.0204171538352966
2,Base E5,0.0013765692710876
2,Base E5,-0.0299009084701538
2,Base E5,-0.015112817287445
2,Base E5,-0.0585153698921203
2,Base E5,0.0511045455932617
2,Base E5,0.0846531391143798
2,Base E5,-0.0350955724716186
2,Base E5,-0.0301596522331237
2,Base E5,0.0263342261314392
2,Base E5,0.003889262676239
2,Base E5,-0.0130823254585266
2,Base E5,0.0561388731002807
2,Base E5,0.0734745860099792
2,Base E5,0.047087013721466
2,Base E5,0.0348148345947265
2,Base E5,-0.0459693670272827
2,Base E5,0.1075846552848815
2,Base E5,0.0277416706085205
2,Base E5,-0.0107128024101257
2,Base E5,0.0213350653648376
2,Base E5,0.040625512599945
2,Base E5,0.014484167098999
2,Base E5,0.0064619779586791
2,Base E5,0.0541290640830993
2,Base E5,0.0004079937934875
2,Base E5,-0.007139503955841
2,Base E5,0.0111057162284851
2,Base E5,0.0211954712867736
2,Base E5,0.0530213117599487
2,Base E5,0.0068451166152954
2,Base E5,0.0309170484542846
2,Base E5,0.0040627121925354
2,Base E5,0.0439592599868774
2,Base E5,0.02495938539505
2,Base E5,0.0249011516571044
2,Base E5,0.0185641646385192
2,Base E5,0.0833232998847961
2,Base E5,0.0882761478424072
2,Base E5,0.0123668909072875
2,Base E5,-0.0381584167480468
2,Base E5,0.0169968605041503
2,Base E5,0.0552653670310974
2,Base E5,0.0823101997375488
2,Base E5,0.0959540009498596
2,Base E5,-0.0010837912559509
2,Base E5,0.063454270362854
2,Base E5,0.0165505409240722
2,Base E5,0.0294417738914489
2,Base E5,0.0496079325675964
2,Base E5,0.0186701416969299
2,Base E5,-0.0184155702590942
2,Base E5,0.0094229578971862
2,Base E5,0.058470606803894
2,Base E5,0.0480841994285583
2,Base E5,-0.0301787257194519
2,Base E5,-0.0131463408470153
2,Base E5,0.0541383028030395
2,Base E5,0.0108458399772644
2,Base E5,0.0040549039840698
2,Base E5,-0.0129414200782775
2,Base E5,0.0628442764282226
2,Base E5,0.0513363480567932
2,Base E5,-0.0254020094871521
2,Base E5,0.0812380313873291
2,Base E5,0.0805408358573913
2,Base E5,0.0450634360313415
2,Base E5,0.0094980001449584
2,Base E5,0.0065022706985473
2,Base E5,0.0199353098869323
2,Base E5,0.0465677976608276
2,Base E5,0.0688439011573791
2,Base E5,0.0543724298477172
2,Base E5,0.0835506916046142
2,Base E5,0.0371975302696228
2,Base E5,0.0365751981735229
2,Base E5,0.0672100186347961
2,Base E5,0.0045581459999084
2,Base E5,0.0715126395225524
2,Base E5,0.0125165581703186
2,Base E5,0.0121054053306579
2,Base E5,0.0227701067924499
2,Base E5,-0.0233336687088012
2,Base E5,0.0785415768623352
2,Base E5,0.0167406797409057
2,Base E5,0.0977852344512939
2,Base E5,0.0198758244514465
2,Base E5,0.0881223678588867
2,Base E5,0.0744171142578125
2,Base E5,0.0627177357673645
2,Base E5,0.0324763655662536
2,Base E5,-0.053695797920227
2,Base E5,0.0014045238494873
2,Base E5,0.0490328073501586
2,Base E5,0.0101354122161865
2,Base E5,-0.0076610445976257
2,Base E5,-0.006796658039093
2,Base E5,0.1063402891159057
2,Base E5,0.0186988711357116
2,Base E5,0.0586031675338745
2,Base E5,0.0898229479789733
2,Base E5,0.0653764009475708
2,Base E5,0.0287120938301086
2,Base E5,0.0359230637550354
2,Base E5,0.0452192425727844
2,Base E5,0.0424981713294982
2,Base E5,0.051354169845581
2,Base E5,0.0286043286323547
2,Base E5,0.0101904869079589
2,Base E5,-0.0250706076622009
2,Base E5,0.0301259756088256
2,Base E5,-0.0008206963539123
2,Base E5,-0.000849962234497
2,Base E5,0.0958278179168701
2,Base E5,-0.0092295408248901
2,Base E5,0.0343592762947082
2,Base E5,0.0812515616416931
2,Base E5,0.0226792693138122
2,Base E5,0.0282448530197143
2,Base E5,0.0141561627388
2,Base E5,0.030960202217102
2,Base E5,-0.0111631155014038
2,Base E5,0.0502650737762451
2,Base E5,0.002829372882843
2,Base E5,0.0469483733177185
2,Base E5,0.1084727048873901
2,Base E5,-0.0380793213844299
2,Base E5,-0.002274215221405
2,Base E5,-0.0471755266189575
2,Base E5,0.0155105590820312
2,Base E5,0.0166527032852172
2,Base E5,0.0335748195648193
2,Base E5,-0.0285691022872924
2,Base E5,0.0191994309425354
2,Base E5,0.0339865088462829
2,Base E5,0.0589882135391235
2,Base E5,-0.0543606877326965
2,Base E5,0.0981335043907165
2,Base E5,0.062166690826416
2,Base E5,0.0490698814392089
2,Base E5,0.0862093567848205
2,Base E5,0.0447281002998352
2,Base E5,0.0219099521636962
2,Base E5,-0.0628004074096679
2,Base E5,0.0226587653160095
2,Base E5,0.0864191651344299
2,Base E5,-0.0356298089027404
2,Base E5,0.0736573934555053
2,Base E5,0.0007600784301757
2,Base E5,0.0191276669502258
2,Base E5,-0.0122164487838745
2,Base E5,0.0192939043045043
2,Base E5,0.0279468894004821
2,Base E5,0.0286902785301208
2,Base E5,-0.0010125637054443
2,Base E5,0.0175994634628295
2,Base E5,0.0015593171119689
2,Base E5,0.0252798795700073
2,Base E5,0.0090079307556152
2,Base E5,-0.0015210509300231
2,Base E5,-0.0451480150222778
2,Base E5,0.0820914506912231
2,Base E5,0.0406725406646728
2,Base E5,0.0050417184829711
2,Base E5,0.0598601698875427
2,Base E5,0.1239322423934936
2,Base E5,0.0295318961143493
2,Base E5,0.0356072187423706
2,Base E5,0.0317335724830627
2,Base E5,0.0451765656471252
2,Base E5,0.0236287117004394
2,Base E5,0.0274837613105773
2,Base E5,0.0429390668869018
2,Base E5,0.0351075530052185
2,Base E5,0.0027543902397155
2,Base E5,0.0190847516059875
2,Base E5,0.0180286765098571
2,Base E5,0.0303313732147216
2,Base E5,0.0466338992118835
2,Base E5,0.0365257859230041
2,Base E5,-0.0019846558570861
2,Base E5,0.0429356694221496
2,Base E5,0.0189597606658935
2,Base E5,0.0634346008300781
2,Base E5,-0.0326870083808898
2,Base E5,0.0426691174507141
2,Base E5,-0.0044032931327819
2,Base E5,-0.0410087704658508
2,Base E5,-0.0073906779289245
2,Base E5,0.1353782415390014
2,Base E5,0.0547173619270324
2,Base E5,0.0318090319633483
2,Base E5,0.0137814283370971
2,Base E5,0.0300537347793579
2,Base E5,-0.0019217133522033
2,Base E5,0.0010198950767517
2,Base E5,0.0258713960647583
2,Base E5,-0.0126667022705078
2,Base E5,0.0110660195350646
2,Base E5,0.0628072023391723
2,Base E5,-0.0266571044921875
2,Base E5,0.044363796710968
2,Base E5,-0.0392090678215026
2,Base E5,-0.0367159247398376
2,Base E5,-0.037544310092926
2,Base E5,0.0506240725517272
2,Base E5,0.0335714221000671
2,Base E5,0.0062403082847595
2,Base E5,0.0310499668121337
2,Base E5,0.0602497458457946
2,Base E5,-0.0041093826293945
2,Base E5,0.0436039566993713
2,Base E5,-0.0030702948570251
2,Base E5,0.0464164018630981
2,Base E5,0.0410087704658508
2,Base E5,-0.0091261863708496
2,Base E5,-0.0039407610893249
2,Base E5,0.0410756468772888
2,Base E5,0.0054516792297363
2,Base E5,-0.0964546799659729
2,Base E5,0.0098100304603576
2,Base E5,0.0534027218818664
2,Base E5,-0.0133315920829772
2,Base E5,0.0108033418655395
2,Base E5,0.0316038131713867
2,Base E5,0.0450260639190673
2,Base E5,0.0114770531654357
2,Base E5,0.0170385837554931
2,Base E5,0.0715685486793518
2,Base E5,0.0395618081092834
2,Base E5,0.0601772665977478
2,Base E5,0.0424154996871948
2,Base E5,0.0289957523345947
2,Base E5,0.0139733552932739
2,Base E5,0.0308404564857482
2,Base E5,-0.0689467191696167
2,Base E5,0.0780748724937439
2,Base E5,0.0414069890975952
2,Base E5,0.0331446528434753
2,Base E5,-0.0169810056686401
2,Base E5,0.0207754969596862
2,Base E5,0.0467332601547241
2,Base E5,0.0607040524482727
2,Base E5,0.0049117803573608
2,Base E5,0.0329648852348327
2,Base E5,0.0287563800811767
2,Base E5,0.0093124508857727
2,Base E5,0.0370955467224121
2,Base E5,0.0007393360137939
2,Base E5,0.0219090580940246
2,Base E5,0.0839403271675109
2,Base E5,0.0074254870414733
2,Base E5,0.0045542120933532
2,Base E5,0.0011929869651794
2,Base E5,0.0023838281631469
2,Base E5,0.0380234122276306
2,Base E5,0.0026701092720031
2,Base E5,0.025954782962799
2,Base E5,0.049454391002655
2,Base E5,0.0212941765785217
2,Base E5,0.0150423049926757
2,Base E5,0.0552831292152404
2,Base E5,0.045791745185852
2,Base E5,0.0088339447975158
2,Base E5,0.0442156791687011
2,Base E5,0.0238188505172729
2,Base E5,-0.0683096051216125
2,Base E5,0.0673001408576965
2,Base E5,0.020756185054779
2,Base E5,0.0656889677047729
2,Base E5,0.014430820941925
2,Base E5,0.0546540021896362
2,Base E5,0.0798565745353698
2,Base E5,0.0715134739875793
2,Base E5,0.0210413336753845
2,Base E5,0.0177964568138122
2,Base E5,0.0593042373657226
2,Base E5,0.0236269235610961
2,Base E5,0.0451948046684265
2,Base E5,0.0282502770423889
2,Base E5,0.0460860729217529
2,Base E5,0.0171770453453063
2,Base E5,0.0278224945068359
2,Base E5,0.0196001529693603
2,Base E5,0.0448316931724548
2,Base E5,0.0371095538139343
2,Base E5,0.0380990505218505
2,Base E5,0.0585801601409912
2,Base E5,0.0023358464241027
2,Base E5,0.0509682893753051
2,Base E5,0.0881233811378479
2,Base E5,0.0469105243682861
2,Base E5,0.069965660572052
2,Base E5,0.0043411254882812
2,Base E5,0.0376163721084594
2,Base E5,0.0565137863159179
2,Base E5,-0.0101627111434936
2,Base E5,0.0600956678390502
2,Base E5,0.0426730513572692
2,Base E5,0.0472354888916015
2,Base E5,0.0611535310745239
2,Base E5,0.0309801697731018
2,Base E5,0.0241819024085998
2,Base E5,0.0644037127494812
2,Base E5,0.0353319644927978
2,Base E5,-0.0332636833190918
2,Base E5,0.0159304738044738
2,Base E5,0.0271292328834533
2,Base E5,0.0366085171699523
2,Base E5,0.032698631286621
2,Base E5,0.0081579685211181
2,Base E5,0.0357129573822021
2,Base E5,0.0626820921897888
2,Base E5,0.0348883271217346
2,Base E5,0.064432144165039
2,Base E5,0.0111474990844726
2,Base E5,0.0198702812194824
2,Base E5,-0.0058556199073791
2,Base E5,0.0150728225708007
2,Base E5,0.0069594383239746
2,Base E5,0.006492793560028
2,Base E5,0.0245547890663146
2,Base E5,0.0866085290908813
2,Base E5,0.0326184034347534
2,Base E5,0.0749433040618896
2,Base E5,0.0090976357460021
2,Base E5,0.0114574432373046
2,Base E5,0.0156484842300415
2,Base E5,0.0696232318878173
2,Base E5,-0.0257343649864196
2,Base E5,0.0172885656356811
2,Base E5,-0.0006311535835266
2,Base E5,0.0835857391357421
2,Base E5,0.0423599481582641
2,Base E5,0.0122691392898559
2,Base E5,0.0085631012916564
2,Base E5,0.0211734175682067
2,Base E5,0.0072827935218811
2,Base E5,0.0144233107566833
2,Base E5,0.0056661367416381
2,Base E5,0.0311397314071655
2,Base E5,0.0394255518913269
2,Base E5,0.0640939474105835
2,Base E5,0.0552594065666198
2,Base E5,-0.0173315405845642
2,Base E5,-0.044653296470642
2,Base E5,-0.013643205165863
2,Base E5,0.0200181603431701
2,Base E5,-0.0625982284545898
2,Base E5,0.0317680835723876
2,Base E5,-0.0155909061431884
2,Base E5,-0.0095638632774353
2,Base E5,0.0103407502174377
2,Base E5,0.0449392199516296
2,Base E5,-0.0221432447433471
2,Base E5,0.0611584186553955
2,Base E5,-0.0046433806419372
2,Base E5,0.0156941413879394
2,Base E5,0.0471439361572265
2,Base E5,0.0095666646957397
2,Base E5,0.0016182661056518
2,Base E5,0.0330948233604431
2,Base E5,0.0250686407089233
2,Base E5,0.0133398175239562
2,Base E5,-0.0088452696800231
2,Base E5,-0.041894257068634
2,Base E5,0.0331495404243469
2,Base E5,-0.0099815130233764
2,Base E5,-0.0004063844680786
2,Base E5,0.0548727512359619
2,Base E5,-0.0132547616958618
2,Base E5,-0.0074577927589416
2,Base E5,-0.0361248850822448
2,Base E5,-0.0025936365127563
2,Base E5,0.0251072645187377
2,Base E5,-0.0117400288581848
2,Base E5,0.0040245056152343
2,Base E5,0.0610489249229431
2,Base E5,-0.0096775889396667
2,Base E5,0.0263435244560241
2,Base E5,-0.0004341602325439
2,Base E5,0.0560486912727355
2,Base E5,0.0086965560913085
2,Base E5,0.0520580410957336
2,Base E5,0.0466417074203491
2,Base E5,0.0038825869560241
2,Base E5,0.0056731104850769
2,Base E5,-0.0029289126396179
2,Base E5,0.0161176323890686
2,Base E5,0.0610661506652832
2,Base E5,0.0093991160392761
2,Base E5,0.0339145064353942
2,Base E5,-0.0302439332008361
2,Base E5,0.0532999038696289
2,Base E5,0.0241175293922424
2,Base E5,-0.0149007439613342
2,Base E5,-0.0065656304359436
2,Base E5,0.032274842262268
2,Base E5,0.0215446352958679
2,Base E5,0.0140344500541687
2,Base E5,0.0282539129257202
2,Base E5,0.0625916123390197
2,Base E5,0.044097900390625
2,Base E5,0.0291967391967773
2,Base E5,0.0673715472221374
2,Base E5,0.0156441330909729
2,Base E5,-0.0064080357551574
2,Base E5,-0.0105215311050415
2,Base E5,0.0496288537979126
2,Base E5,0.0568150877952575
2,Base E5,0.077531099319458
2,Base E5,-0.0037305951118469
2,Base E5,0.0407111048698425
2,Base E5,0.0848456025123596
2,Base E5,0.0751053094863891
2,Base E5,0.0441141724586486
2,Base E5,0.033621609210968
2,Base E5,0.0505495071411132
2,Base E5,0.0789241194725036
2,Base E5,0.0198726654052734
2,Base E5,0.0553951263427734
2,Base E5,0.0742250680923461
2,Base E5,0.00531005859375
2,Base E5,0.0561167001724243
2,Base E5,0.0156894922256469
2,Base E5,0.0176522135734558
2,Base E5,0.0401502251625061
2,Base E5,0.0313880443572998
2,Base E5,0.0448086857795715
2,Base E5,0.0234297513961792
2,Base E5,0.0089836716651916
2,Base E5,0.0381193161010742
2,Base E5,0.0552402734756469
2,Base E5,0.0466094017028808
2,Base E5,0.0100497603416442
2,Base E5,0.0458351373672485
2,Base E5,0.0003600716590881
2,Base E5,0.063456654548645
2,Base E5,0.0051445960998535
2,Base E5,0.0912672877311706
2,Base E5,0.0396685004234313
2,Base E5,0.0516315102577209
2,Base E5,0.0222505331039428
2,Base E5,0.040480613708496
2,Base E5,0.0211259126663208
2,Base E5,0.0483829379081726
2,Base E5,0.0167621970176696
2,Base E5,0.0390039682388305
2,Base E5,-0.0247871875762939
2,Base E5,0.0042912364006042
2,Base E5,0.0092994570732116
2,Base E5,0.0135444998741149
2,Base E5,0.041166067123413
2,Base E5,0.0725440979003906
2,Base E5,0.0764529705047607
2,Base E5,0.0584922432899475
2,Base E5,0.0191578865051269
2,Base E5,-0.0045503973960876
2,Base E5,-0.0067664384841918
2,Base E5,-0.0120657086372375
2,Base E5,0.0416380167007446
2,Base E5,0.0711983442306518
2,Base E5,0.0669178366661071
2,Base E5,0.0278155803680419
2,Base E5,0.0417031645774841
2,Base E5,0.0858430862426757
2,Base E5,0.0401004552841186
2,Base E5,0.0815533399581909
2,Base E5,0.0440490245819091
2,Base E5,0.0772287249565124
2,Base E5,-0.012592077255249
2,Base E5,-0.010914921760559
2,Base E5,0.0544910430908203
2,Base E5,0.0400018692016601
2,Base E5,0.0512359142303466
2,Base E5,0.0626282095909118
2,Base E5,0.092152714729309
2,Base E5,0.0387826561927795
2,Base E5,0.0199752449989318
2,Base E5,0.0437293052673339
2,Base E5,0.0747343897819519
2,Base E5,0.0264714360237121
2,Base E5,0.006010890007019
2,Base E5,-0.0055226683616638
2,Base E5,0.037581443786621
2,Base E5,0.0432505011558532
2,Base E5,0.0293329954147338
2,Base E5,0.0209918022155761
2,Base E5,0.0546860098838806
2,Base E5,0.0689715147018432
2,Base E5,0.0469464063644409
2,Base E5,0.0216550827026367
2,Base E5,0.0427238345146179
2,Base E5,0.0165808200836181
2,Base E5,-0.0096980333328247
2,Base E5,0.0232141613960266
2,Base E5,0.0138998627662658
2,Base E5,-0.0197370648384094
2,Base E5,0.0086567401885986
2,Base E5,0.0328214764595031
2,Base E5,0.0049789547920227
2,Base E5,0.0395811796188354
2,Base E5,0.0292620062828063
2,Base E5,0.0225321054458618
2,Base E5,0.0373774170875549
2,Base E5,0.0525489449501037
2,Base E5,-0.0023739337921142
2,Base E5,0.0464634299278259
2,Base E5,0.0313910245895385
2,Base E5,0.0120191574096679
2,Base E5,0.0017939209938049
2,Base E5,0.0518470406532287
2,Base E5,0.0218545198440551
2,Base E5,0.0368539690971374
2,Base E5,0.039400577545166
2,Base E5,0.0360425114631652
2,Base E5,0.0088067054748535
2,Base E5,0.0157670974731445
2,Base E5,0.0347177982330322
2,Base E5,0.0567132830619812
2,Base E5,0.0374179482460022
2,Base E5,-0.0217532515525817
2,Base E5,0.0190056562423706
2,Base E5,-0.0001903176307678
2,Base E5,0.0570504665374755
2,Base E5,0.0328508019447326
2,Base E5,0.0495206117630004
2,Base E5,0.0244132876396179
2,Base E5,0.0439997911453247
2,Base E5,0.030564546585083
2,Base E5,0.0075425505638122
2,Base E5,0.0192742347717285
2,Base E5,0.0521710515022277
2,Base E5,0.0943676829338073
2,Base E5,0.0274449586868286
2,Base E5,0.0122802853584289
2,Base E5,-0.000889778137207
2,Base E5,0.1155965328216552
2,Base E5,0.0273849368095397
2,Base E5,0.0398256778717041
2,Base E5,0.0215675830841064
2,Base E5,0.0578670501708984
2,Base E5,-0.0003029704093933
2,Base E5,0.0978697538375854
2,Base E5,0.0907624959945678
2,Base E5,0.054333746433258
2,Base E5,0.0503381490707397
2,Base E5,0.0234180092811584
2,Base E5,0.0708222389221191
2,Base E5,0.0292657613754272
2,Base E5,0.0379105806350708
2,Base E5,0.0498089790344238
2,Base E5,-0.0116729140281677
2,Base E5,0.0721936225891113
2,Base E5,0.0432617664337158
2,Base E5,0.0219464302062988
2,Base E5,0.0725475549697876
2,Base E5,0.0512517094612121
2,Base E5,0.0532307624816894
2,Base E5,0.0259883999824523
2,Base E5,0.0025112032890319
2,Base E5,0.0551241636276245
2,Base E5,0.0449866652488708
2,Base E5,0.0334922671318054
2,Base E5,0.0285648703575134
2,Base E5,0.0247873663902282
2,Base E5,0.0131946802139282
2,Base E5,0.0197616815567016
2,Base E5,0.0206528902053833
2,Base E5,0.0417922139167785
2,Base E5,0.0588300824165344
2,Base E5,0.0410448312759399
2,Base E5,0.083655834197998
2,Base E5,0.0561598539352417
2,Base E5,0.0325797200202941
2,Base E5,0.0363634228706359
2,Base E5,0.0690646171569824
2,Base E5,0.0109687447547912
2,Base E5,0.0398412346839904
2,Base E5,0.0244472026824951
2,Base E5,0.0464960932731628
2,Base E5,0.0752979516983032
2,Base E5,-0.0669291019439697
2,Base E5,0.0169496536254882
2,Base E5,0.0314339995384216
2,Base E5,0.0409289598464965
2,Base E5,0.0356000065803527
2,Base E5,0.0454026460647583
2,Base E5,0.0347166061401367
2,Base E5,0.0073392987251281
2,Base E5,0.0463849306106567
2,Base E5,-0.0134731531143188
2,Base E5,-0.0074295401573181
2,Base E5,-0.0066389441490173
2,Base E5,-0.0107026696205139
2,Base E5,0.0264200568199157
2,Base E5,0.0419644713401794
2,Base E5,0.0460712313652038
2,Base E5,-0.0115419030189514
2,Base E5,0.0076127648353576
2,Base E5,-0.0144766569137573
2,Base E5,0.0197466015815734
2,Base E5,0.0044833421707153
2,Base E5,0.0393920540809631
2,Base E5,0.0106357932090759
2,Base E5,0.0307499766349792
2,Base E5,0.0271336436271667
2,Base E5,-0.0143831372261047
2,Base E5,0.0156892538070678
2,Base E5,0.084287405014038
2,Base E5,0.0529800057411193
2,Base E5,0.0732926726341247
2,Base E5,0.0916962027549743
2,Base E5,0.050726294517517
2,Base E5,0.0545703768730163
2,Base E5,0.145824134349823
2,Base E5,0.0756616592407226
2,Base E5,0.0214829444885253
2,Base E5,0.0112584233283996
2,Base E5,0.0409042835235595
2,Base E5,0.0053563714027404
2,Base E5,0.0747670531272888
2,Base E5,0.0136424899101257
2,Base E5,0.0120924711227417
2,Base E5,0.0245848298072814
2,Base E5,0.0200264453887939
2,Base E5,0.0173535943031311
2,Base E5,-0.0061318278312683
2,Base E5,0.0146414637565612
2,Base E5,0.0438835024833679
2,Base E5,0.0308929085731506
2,Base E5,0.1111632585525512
2,Base E5,0.0464032888412475
2,Base E5,-0.000511884689331
2,Base E5,0.0229431986808776
2,Base E5,0.0405422449111938
2,Base E5,0.0437481999397277
2,Base E5,0.0434716939926147
2,Base E5,0.0281500220298767
2,Base E5,-0.0040586590766906
2,Base E5,0.0331610441207885
2,Base E5,0.0358688831329345
2,Base E5,0.0056368112564086
2,Base E5,0.0292562842369079
2,Base E5,-0.0507706999778747
2,Base E5,0.0420805215835571
2,Base E5,-0.0251417160034179
2,Base E5,0.0473596453666687
2,Base E5,0.0159986019134521
2,Base E5,0.0142459273338317
2,Base E5,0.0310370326042175
2,Base E5,0.0782524347305297
2,Base E5,0.0337929725646972
2,Base E5,0.0965626835823059
2,Base E5,0.1043384671211242
2,Base E5,0.0470359921455383
2,Base E5,0.0565054416656494
2,Base E5,0.0366471409797668
2,Base E5,0.079289972782135
2,Base E5,0.0731717944145202
2,Base E5,0.0716933012008667
2,Base E5,0.0388845205307006
2,Base E5,0.0786665678024292
2,Base E5,0.0480070710182189
2,Base E5,0.030455470085144
2,Base E5,0.0326042771339416
2,Base E5,0.0533261895179748
2,Base E5,-0.0060529708862304
2,Base E5,0.0192940235137939
2,Base E5,0.0143417716026306
2,Base E5,0.0798797011375427
2,Base E5,0.0560863614082336
2,Base E5,0.0085214376449584
2,Base E5,0.0750261545181274
2,Base E5,0.0500922203063964
2,Base E5,-0.0004425644874572
2,Base E5,0.0237589478492736
2,Base E5,0.0304080247879028
2,Base E5,0.0318720340728759
2,Base E5,0.0219720005989074
2,Base E5,0.0563493967056274
2,Base E5,0.0470171570777893
2,Base E5,0.0578720569610595
2,Base E5,0.076326847076416
2,Base E5,0.0641674995422363
2,Base E5,0.0492020845413208
2,Base E5,0.0493380427360534
2,Base E5,0.0491855144500732
2,Base E5,0.0160807371139526
2,Base E5,0.0469307899475097
2,Base E5,0.0299728512763977
2,Base E5,0.0247101187705993
2,Base E5,0.0819805860519409
2,Base E5,0.0686098337173461
2,Base E5,0.0209398865699768
2,Base E5,0.0336979031562805
2,Base E5,0.0829720497131347
2,Base E5,0.0040833353996276
2,Base E5,0.0666058659553527
2,Base E5,0.0892532467842102
2,Base E5,0.0082063674926757
2,Base E5,-0.0102667212486267
2,Base E5,-0.0786432027816772
2,Base E5,-0.0366213917732238
2,Base E5,0.0080742239952087
2,Base E5,0.0257969498634338
2,Base E5,0.054727017879486
2,Base E5,0.0119065642356872
2,Base E5,0.0409415364265441
2,Base E5,0.0438933968544006
2,Base E5,0.0334112048149108
2,Base E5,0.0574454069137573
2,Base E5,0.0192013978958129
2,Base E5,-0.000832200050354
2,Base E5,0.0292412638664245
2,Base E5,0.05401611328125
2,Base E5,0.0035443305969238
2,Base E5,-0.0049715042114257
2,Base E5,-0.0079784393310546
2,Base E5,0.0186461806297302
2,Base E5,-0.0068044662475585
2,Base E5,0.0291308760643005
2,Base E5,0.0301437973976135
2,Base E5,0.0342574119567871
2,Base E5,0.0196706652641296
2,Base E5,0.0524858832359313
2,Base E5,0.0133023858070373
2,Base E5,0.0082312822341918
2,Base E5,0.0236069560050964
2,Base E5,0.0799678564071655
2,Base E5,-0.0152026414871215
2,Base E5,0.0337384343147277
2,Base E5,-0.0153866410255432
2,Base E5,0.0334046483039855
2,Base E5,0.0184365510940551
2,Base E5,0.0505678653717041
2,Base E5,0.0203867554664611
2,Base E5,0.0500430464744567
2,Base E5,0.0489236116409301
2,Base E5,0.070276141166687
2,Base E5,0.0099825263023376
2,Base E5,0.0612472891807556
2,Base E5,0.0182891488075256
2,Base E5,0.048757255077362
2,Base E5,-0.0114697813987731
2,Base E5,0.0493960380554199
2,Base E5,0.0740299224853515
2,Base E5,0.0394073724746704
2,Base E5,0.064581274986267
2,Base E5,0.0254968404769897
2,Base E5,0.029397428035736
2,Base E5,0.0345468521118164
2,Base E5,0.0386037230491638
2,Base E5,-0.0534541606903076
2,Base E5,0.0251227617263793
2,Base E5,0.0567324161529541
2,Base E5,0.0177592039108276
2,Base E5,0.0289617180824279
2,Base E5,0.0132253766059875
2,Base E5,0.0377995371818542
2,Base E5,0.0393179655075073
2,Base E5,-0.012025237083435
2,Base E5,0.0266505479812622
2,Base E5,0.0089878439903259
2,Base E5,0.015267014503479
2,Base E5,0.0303354859352111
2,Base E5,0.0725387930870056
2,Base E5,0.0085791945457458
2,Base E5,-0.0138117671012878
2,Base E5,0.0790150761604309
2,Base E5,0.0571351647377014
2,Base E5,-0.0309737920761108
2,Base E5,0.0335891246795654
2,Base E5,0.0571072697639465
2,Base E5,0.0556643605232238
2,Base E5,0.0133174061775207
2,Base E5,0.0209999084472656
2,Base E5,0.0239561796188354
2,Base E5,0.0289146304130554
2,Base E5,0.0888235569000244
2,Base E5,0.0275949835777282
2,Base E5,0.0501819849014282
2,Base E5,0.0107349157333374
2,Base E5,0.045694887638092
2,Base E5,0.0189645886421203
2,Base E5,0.0174341797828674
2,Base E5,0.0934514999389648
2,Base E5,0.0352134108543396
2,Base E5,0.0792735815048217
2,Base E5,0.0413973331451416
2,Base E5,0.0137154459953308
2,Base E5,0.0176079869270324
2,Base E5,0.0188935995101928
2,Base E5,0.0464522838592529
2,Base E5,0.056801438331604
2,Base E5,0.028702437877655
2,Base E5,0.0188060998916625
2,Base E5,0.1025329232215881
2,Base E5,-0.0185697674751281
2,Base E5,-0.0048034191131591
2,Base E5,0.079261839389801
2,Base E5,0.0182361006736755
2,Base E5,0.0342200398445129
2,Base E5,0.0392223596572876
2,Base E5,0.0359959006309509
2,Base E5,0.05662602186203
2,Base E5,0.0771566033363342
2,Base E5,0.0586389303207397
2,Base E5,0.0590115785598754
2,Base E5,0.0618342757225036
2,Base E5,0.044761836528778
2,Base E5,0.034885287284851
2,Base E5,0.1031224131584167
2,Base E5,0.05329030752182
2,Base E5,0.0369734764099121
2,Base E5,0.0287164449691772
2,Base E5,0.0022658109664916
2,Base E5,0.0108944773674011
2,Base E5,0.028228759765625
2,Base E5,0.0354484915733337
2,Base E5,0.0104018449783325
2,Base E5,0.0492298603057861
2,Base E5,0.001351773738861
2,Base E5,0.028567612171173
2,Base E5,0.0353515148162841
2,Fine-Tuned E5,0.110219657421112
2,Fine-Tuned E5,0.1933434158563614
2,Fine-Tuned E5,0.3633238077163696
2,Fine-Tuned E5,0.4177471920847893
2,Fine-Tuned E5,0.2453467343002557
2,Fine-Tuned E5,0.0549052953720092
2,Fine-Tuned E5,-0.0131515860557556
2,Fine-Tuned E5,0.1538686230778694
2,Fine-Tuned E5,0.1965883076190948
2,Fine-Tuned E5,-0.0447213687002658
2,Fine-Tuned E5,0.3499583033844828
2,Fine-Tuned E5,-0.0404744148254394
2,Fine-Tuned E5,0.1389813125133514
2,Fine-Tuned E5,0.5029801055788994
2,Fine-Tuned E5,0.3123248517513275
2,Fine-Tuned E5,-0.0614612251520156
2,Fine-Tuned E5,0.0982112735509872
2,Fine-Tuned E5,0.0208233296871185
2,Fine-Tuned E5,0.1280511766672134
2,Fine-Tuned E5,0.2573904022574425
2,Fine-Tuned E5,0.2018335592001676
2,Fine-Tuned E5,0.0503215789794921
2,Fine-Tuned E5,-0.0227954983711242
2,Fine-Tuned E5,-0.2347177602350711
2,Fine-Tuned E5,0.0672331154346466
2,Fine-Tuned E5,0.4771294696256518
2,Fine-Tuned E5,0.201328158378601
2,Fine-Tuned E5,0.1766106039285659
2,Fine-Tuned E5,0.0950499325990676
2,Fine-Tuned E5,0.0468034446239471
2,Fine-Tuned E5,0.0197760760784149
2,Fine-Tuned E5,0.0801458954811096
2,Fine-Tuned E5,0.4045353680849075
2,Fine-Tuned E5,0.3105504065752029
2,Fine-Tuned E5,0.3406814187765121
2,Fine-Tuned E5,0.0820504575967788
2,Fine-Tuned E5,0.2804783582687378
2,Fine-Tuned E5,-0.0667658001184463
2,Fine-Tuned E5,0.3133623898029327
2,Fine-Tuned E5,0.1073100864887237
2,Fine-Tuned E5,0.1083168387413024
2,Fine-Tuned E5,0.319448173046112
2,Fine-Tuned E5,0.0494792759418487
2,Fine-Tuned E5,-0.1585264801979065
2,Fine-Tuned E5,0.1427409052848816
2,Fine-Tuned E5,0.1548476964235305
2,Fine-Tuned E5,0.4469042047858238
2,Fine-Tuned E5,0.4335028082132339
2,Fine-Tuned E5,-0.0272774845361709
2,Fine-Tuned E5,0.1596717536449432
2,Fine-Tuned E5,0.2054768465459346
2,Fine-Tuned E5,0.0109540522098541
2,Fine-Tuned E5,-0.2230022251605987
2,Fine-Tuned E5,0.3943983763456344
2,Fine-Tuned E5,-0.0656226575374603
2,Fine-Tuned E5,-0.1653068363666534
2,Fine-Tuned E5,-0.1742053776979446
2,Fine-Tuned E5,0.0199978649616241
2,Fine-Tuned E5,-0.117598682641983
2,Fine-Tuned E5,0.130445048213005
2,Fine-Tuned E5,-0.1050028800964355
2,Fine-Tuned E5,0.0679288506507873
2,Fine-Tuned E5,0.1138589829206466
2,Fine-Tuned E5,-0.0466492548584938
2,Fine-Tuned E5,0.2026281952857971
2,Fine-Tuned E5,0.396556057035923
2,Fine-Tuned E5,0.0320662558078765
2,Fine-Tuned E5,0.1382921636104583
2,Fine-Tuned E5,0.2806734889745712
2,Fine-Tuned E5,-0.05767822265625
2,Fine-Tuned E5,0.284642681479454
2,Fine-Tuned E5,0.3040215671062469
2,Fine-Tuned E5,0.1345189958810806
2,Fine-Tuned E5,0.0296716094017028
2,Fine-Tuned E5,0.1379139721393585
2,Fine-Tuned E5,0.0021404325962066
2,Fine-Tuned E5,0.1306044161319732
2,Fine-Tuned E5,0.3717252612113952
2,Fine-Tuned E5,0.411555752158165
2,Fine-Tuned E5,0.1740306615829467
2,Fine-Tuned E5,0.1510479748249054
2,Fine-Tuned E5,0.4124709218740463
2,Fine-Tuned E5,0.1303873360157013
2,Fine-Tuned E5,0.3296824507415294
2,Fine-Tuned E5,0.3874303251504898
2,Fine-Tuned E5,0.3783679753541946
2,Fine-Tuned E5,0.1233262717723846
2,Fine-Tuned E5,-0.139002040028572
2,Fine-Tuned E5,0.0216531157493591
2,Fine-Tuned E5,0.3968799561262131
2,Fine-Tuned E5,0.3728544265031814
2,Fine-Tuned E5,0.4070081859827041
2,Fine-Tuned E5,0.3112048655748367
2,Fine-Tuned E5,0.3449052646756172
2,Fine-Tuned E5,0.252862274646759
2,Fine-Tuned E5,0.0916436612606048
2,Fine-Tuned E5,0.1668170690536499
2,Fine-Tuned E5,0.0122055858373641
2,Fine-Tuned E5,0.0750795006752014
2,Fine-Tuned E5,0.0963180363178253
2,Fine-Tuned E5,0.2923399060964584
2,Fine-Tuned E5,0.2860265597701072
2,Fine-Tuned E5,0.1650588512420654
2,Fine-Tuned E5,0.0429939478635787
2,Fine-Tuned E5,0.2264618873596191
2,Fine-Tuned E5,0.0544205904006958
2,Fine-Tuned E5,0.0402964055538177
2,Fine-Tuned E5,0.2276772037148475
2,Fine-Tuned E5,0.3258545100688934
2,Fine-Tuned E5,0.2229796200990677
2,Fine-Tuned E5,-0.0590129047632217
2,Fine-Tuned E5,0.2674271166324615
2,Fine-Tuned E5,0.2600395381450653
2,Fine-Tuned E5,0.1058541238307952
2,Fine-Tuned E5,0.1944295540452003
2,Fine-Tuned E5,0.0999992489814758
2,Fine-Tuned E5,0.3376641422510147
2,Fine-Tuned E5,0.0158809721469879
2,Fine-Tuned E5,0.2261208891868591
2,Fine-Tuned E5,0.1608592569828033
2,Fine-Tuned E5,0.1495132148265838
2,Fine-Tuned E5,-0.0708102583885192
2,Fine-Tuned E5,0.0479801744222641
2,Fine-Tuned E5,0.2488813623785972
2,Fine-Tuned E5,0.2943222224712372
2,Fine-Tuned E5,0.3808103501796722
2,Fine-Tuned E5,0.1053007841110229
2,Fine-Tuned E5,0.3412794470787048
2,Fine-Tuned E5,0.3682325109839439
2,Fine-Tuned E5,0.0066885948181152
2,Fine-Tuned E5,0.2670347541570663
2,Fine-Tuned E5,0.1237166225910186
2,Fine-Tuned E5,0.4915785491466522
2,Fine-Tuned E5,0.2018820941448211
2,Fine-Tuned E5,0.4014427959918976
2,Fine-Tuned E5,0.5221269428730011
2,Fine-Tuned E5,-0.151423692703247
2,Fine-Tuned E5,0.1275130957365036
2,Fine-Tuned E5,-0.0227455198764801
2,Fine-Tuned E5,0.0449030697345733
2,Fine-Tuned E5,0.0258004963397979
2,Fine-Tuned E5,0.1126681566238403
2,Fine-Tuned E5,0.1285337209701538
2,Fine-Tuned E5,0.1847466677427292
2,Fine-Tuned E5,0.2912873029708862
2,Fine-Tuned E5,-0.1032558977603912
2,Fine-Tuned E5,0.2809295058250427
2,Fine-Tuned E5,0.2379918843507766
2,Fine-Tuned E5,0.2919553220272064
2,Fine-Tuned E5,0.134295254945755
2,Fine-Tuned E5,0.2641604095697403
2,Fine-Tuned E5,0.5627856105566025
2,Fine-Tuned E5,0.0515126585960388
2,Fine-Tuned E5,0.2998583018779754
2,Fine-Tuned E5,0.143707126379013
2,Fine-Tuned E5,0.3032096326351166
2,Fine-Tuned E5,0.0160712748765945
2,Fine-Tuned E5,0.0871297717094421
2,Fine-Tuned E5,0.2332731187343597
2,Fine-Tuned E5,-0.1120804846286773
2,Fine-Tuned E5,0.2771080732345581
2,Fine-Tuned E5,0.1587395370006561
2,Fine-Tuned E5,0.2008890360593795
2,Fine-Tuned E5,0.1646766662597656
2,Fine-Tuned E5,0.1875219643115997
2,Fine-Tuned E5,0.4070914536714554
2,Fine-Tuned E5,0.1012511253356933
2,Fine-Tuned E5,0.1660781800746917
2,Fine-Tuned E5,-0.0746683776378631
2,Fine-Tuned E5,0.4001610055565834
2,Fine-Tuned E5,0.0580254197120666
2,Fine-Tuned E5,0.5407570451498032
2,Fine-Tuned E5,0.1536555588245391
2,Fine-Tuned E5,0.0935471653938293
2,Fine-Tuned E5,0.1320420354604721
2,Fine-Tuned E5,0.1885047405958175
2,Fine-Tuned E5,0.3380821943283081
2,Fine-Tuned E5,0.2862546145915985
2,Fine-Tuned E5,-0.0186513364315032
2,Fine-Tuned E5,0.1234026551246643
2,Fine-Tuned E5,0.0447301268577575
2,Fine-Tuned E5,0.2197800278663635
2,Fine-Tuned E5,0.2221941798925399
2,Fine-Tuned E5,-0.0986581444740295
2,Fine-Tuned E5,0.060969203710556
2,Fine-Tuned E5,0.0526104271411895
2,Fine-Tuned E5,0.2150637805461883
2,Fine-Tuned E5,0.3149641156196594
2,Fine-Tuned E5,0.0312590599060058
2,Fine-Tuned E5,0.2345476895570755
2,Fine-Tuned E5,0.1277055591344833
2,Fine-Tuned E5,0.1045517474412918
2,Fine-Tuned E5,0.1255342662334442
2,Fine-Tuned E5,-0.0094168037176132
2,Fine-Tuned E5,-0.2306793928146362
2,Fine-Tuned E5,0.1039654165506362
2,Fine-Tuned E5,-0.0664733946323394
2,Fine-Tuned E5,0.0625013709068298
2,Fine-Tuned E5,0.0900261104106903
2,Fine-Tuned E5,0.088112473487854
2,Fine-Tuned E5,0.2486238498240709
2,Fine-Tuned E5,0.0530562698841095
2,Fine-Tuned E5,0.2052391022443771
2,Fine-Tuned E5,0.0591122955083847
2,Fine-Tuned E5,0.2939887046813965
2,Fine-Tuned E5,0.219268336892128
2,Fine-Tuned E5,0.2468173205852508
2,Fine-Tuned E5,0.0935372188687324
2,Fine-Tuned E5,0.0671212375164032
2,Fine-Tuned E5,0.1451214551925659
2,Fine-Tuned E5,0.1304573118686676
2,Fine-Tuned E5,0.1910682916641235
2,Fine-Tuned E5,0.2084572613239288
2,Fine-Tuned E5,-0.0809396207332611
2,Fine-Tuned E5,0.3581008166074753
2,Fine-Tuned E5,0.3582071810960769
2,Fine-Tuned E5,0.1044319570064544
2,Fine-Tuned E5,0.0955517292022705
2,Fine-Tuned E5,0.0227587223052978
2,Fine-Tuned E5,0.2092696726322174
2,Fine-Tuned E5,0.3462237566709518
2,Fine-Tuned E5,0.0862621217966079
2,Fine-Tuned E5,0.1201198399066925
2,Fine-Tuned E5,0.0098350942134857
2,Fine-Tuned E5,0.2196358442306518
2,Fine-Tuned E5,0.2735049128532409
2,Fine-Tuned E5,0.2892637550830841
2,Fine-Tuned E5,0.2562964260578155
2,Fine-Tuned E5,0.4688285961747169
2,Fine-Tuned E5,0.2230095416307449
2,Fine-Tuned E5,0.1622900068759918
2,Fine-Tuned E5,0.1154039502143859
2,Fine-Tuned E5,0.1294180452823639
2,Fine-Tuned E5,0.1744648665189743
2,Fine-Tuned E5,-0.2871934324502945
2,Fine-Tuned E5,-0.0067444443702697
2,Fine-Tuned E5,0.409221813082695
2,Fine-Tuned E5,0.498974435031414
2,Fine-Tuned E5,0.1851119101047516
2,Fine-Tuned E5,0.258567526936531
2,Fine-Tuned E5,0.1000020802021026
2,Fine-Tuned E5,0.1827085614204406
2,Fine-Tuned E5,-0.1340528428554535
2,Fine-Tuned E5,-0.1826002299785614
2,Fine-Tuned E5,0.1053905189037323
2,Fine-Tuned E5,0.0986713021993637
2,Fine-Tuned E5,0.2060596533119678
2,Fine-Tuned E5,-0.1184615790843963
2,Fine-Tuned E5,0.3151629641652107
2,Fine-Tuned E5,-0.3755287863314152
2,Fine-Tuned E5,-0.0376194715499877
2,Fine-Tuned E5,0.2813152074813843
2,Fine-Tuned E5,0.132179319858551
2,Fine-Tuned E5,0.3215066790580749
2,Fine-Tuned E5,0.0308377146720886
2,Fine-Tuned E5,0.1739138960838318
2,Fine-Tuned E5,0.4460975229740143
2,Fine-Tuned E5,0.1927026659250259
2,Fine-Tuned E5,0.2173685431480407
2,Fine-Tuned E5,-0.036016434431076
2,Fine-Tuned E5,0.2272417545318603
2,Fine-Tuned E5,0.0677281618118286
2,Fine-Tuned E5,0.0685673058032989
2,Fine-Tuned E5,0.0745449215173721
2,Fine-Tuned E5,0.0949329137802124
2,Fine-Tuned E5,0.1820917725563049
2,Fine-Tuned E5,-0.1576513051986694
2,Fine-Tuned E5,0.0406670942902565
2,Fine-Tuned E5,-0.0302981734275817
2,Fine-Tuned E5,0.3554585613310337
2,Fine-Tuned E5,0.2046321034431457
2,Fine-Tuned E5,0.1454425454139709
2,Fine-Tuned E5,0.358848437666893
2,Fine-Tuned E5,0.2266055345535278
2,Fine-Tuned E5,-0.079528659582138
2,Fine-Tuned E5,0.4143533110618591
2,Fine-Tuned E5,0.2547130286693573
2,Fine-Tuned E5,0.2071061879396438
2,Fine-Tuned E5,0.0675588250160217
2,Fine-Tuned E5,0.2676399499177933
2,Fine-Tuned E5,0.109525516629219
2,Fine-Tuned E5,0.174061045050621
2,Fine-Tuned E5,0.1055538081564009
2,Fine-Tuned E5,0.0744332075119018
2,Fine-Tuned E5,0.2332593351602554
2,Fine-Tuned E5,0.0799155756831169
2,Fine-Tuned E5,-0.0227422714233398
2,Fine-Tuned E5,0.0976577699184417
2,Fine-Tuned E5,0.0035307109355926
2,Fine-Tuned E5,0.0127249062061309
2,Fine-Tuned E5,0.102963775396347
2,Fine-Tuned E5,0.3181395083665848
2,Fine-Tuned E5,0.0912575125694274
2,Fine-Tuned E5,0.3804004043340683
2,Fine-Tuned E5,0.0860152244567871
2,Fine-Tuned E5,0.1241059899330139
2,Fine-Tuned E5,0.3720193542540073
2,Fine-Tuned E5,0.2165968269109726
2,Fine-Tuned E5,0.0244441032409667
2,Fine-Tuned E5,-0.1588896587491035
2,Fine-Tuned E5,0.1186607778072357
2,Fine-Tuned E5,0.219085156917572
2,Fine-Tuned E5,0.1108240783214569
2,Fine-Tuned E5,0.1868430078029632
2,Fine-Tuned E5,-0.0232323110103607
2,Fine-Tuned E5,0.2890690863132477
2,Fine-Tuned E5,0.0161477625370025
2,Fine-Tuned E5,-0.0247100889682769
2,Fine-Tuned E5,0.1792865991592407
2,Fine-Tuned E5,0.1637868136167526
2,Fine-Tuned E5,0.2756946682929992
2,Fine-Tuned E5,0.2516748532652855
2,Fine-Tuned E5,0.1263148635625839
2,Fine-Tuned E5,0.0439961999654769
2,Fine-Tuned E5,0.0789550840854644
2,Fine-Tuned E5,0.2284633368253708
2,Fine-Tuned E5,-0.0783883333206176
2,Fine-Tuned E5,0.1253619454801082
2,Fine-Tuned E5,0.1556102037429809
2,Fine-Tuned E5,0.4482422675937414
2,Fine-Tuned E5,0.3829002976417541
2,Fine-Tuned E5,0.0367265194654464
2,Fine-Tuned E5,0.1060267090797424
2,Fine-Tuned E5,0.4246696811169386
2,Fine-Tuned E5,0.3882845640182495
2,Fine-Tuned E5,0.2548660635948181
2,Fine-Tuned E5,0.1062441915273666
2,Fine-Tuned E5,0.1533985435962677
2,Fine-Tuned E5,0.1647005081176757
2,Fine-Tuned E5,0.0453617572784423
2,Fine-Tuned E5,-0.1191283166408538
2,Fine-Tuned E5,0.0822599530220031
2,Fine-Tuned E5,0.1444955468177795
2,Fine-Tuned E5,0.1141911745071411
2,Fine-Tuned E5,0.2692544460296631
2,Fine-Tuned E5,0.2938380241394043
2,Fine-Tuned E5,0.3771839737892151
2,Fine-Tuned E5,0.2125321924686432
2,Fine-Tuned E5,0.2144043892621994
2,Fine-Tuned E5,0.0567602068185806
2,Fine-Tuned E5,0.1960107386112213
2,Fine-Tuned E5,0.4040391147136688
2,Fine-Tuned E5,0.0194089114665985
2,Fine-Tuned E5,0.039572536945343
2,Fine-Tuned E5,0.440997913479805
2,Fine-Tuned E5,0.13532155752182
2,Fine-Tuned E5,0.145530566573143
2,Fine-Tuned E5,0.2368740737438202
2,Fine-Tuned E5,0.3775991946458816
2,Fine-Tuned E5,0.2395898848772049
2,Fine-Tuned E5,0.2738975882530212
2,Fine-Tuned E5,0.1164180934429168
2,Fine-Tuned E5,0.0943206846714019
2,Fine-Tuned E5,0.2554201483726501
2,Fine-Tuned E5,0.2603223696351051
2,Fine-Tuned E5,0.2931577712297439
2,Fine-Tuned E5,0.463812917470932
2,Fine-Tuned E5,0.3831223882734775
2,Fine-Tuned E5,0.278889924287796
2,Fine-Tuned E5,0.0325095057487487
2,Fine-Tuned E5,0.1699517667293548
2,Fine-Tuned E5,0.0316320061683654
2,Fine-Tuned E5,0.0322522819042205
2,Fine-Tuned E5,0.2363180965185165
2,Fine-Tuned E5,-0.0221153199672698
2,Fine-Tuned E5,0.0351509153842926
2,Fine-Tuned E5,0.2115417718887329
2,Fine-Tuned E5,0.0601260066032409
2,Fine-Tuned E5,0.1694720387458801
2,Fine-Tuned E5,0.036088228225708
2,Fine-Tuned E5,0.1454212963581085
2,Fine-Tuned E5,0.5405588448047638
2,Fine-Tuned E5,0.1581734120845794
2,Fine-Tuned E5,0.3298985362052917
2,Fine-Tuned E5,0.3786287754774093
2,Fine-Tuned E5,0.0109137892723083
2,Fine-Tuned E5,0.0714728236198425
2,Fine-Tuned E5,0.1071768105030059
2,Fine-Tuned E5,0.2398033738136291
2,Fine-Tuned E5,0.3113970160484314
2,Fine-Tuned E5,0.2317279577255249
2,Fine-Tuned E5,0.1348986327648162
2,Fine-Tuned E5,0.3203030228614807
2,Fine-Tuned E5,0.3634240180253982
2,Fine-Tuned E5,0.105068139731884
2,Fine-Tuned E5,0.3372091650962829
2,Fine-Tuned E5,0.0420818626880645
2,Fine-Tuned E5,0.1378259062767028
2,Fine-Tuned E5,-0.0044300556182861
2,Fine-Tuned E5,0.1595697551965713
2,Fine-Tuned E5,0.390847384929657
2,Fine-Tuned E5,-0.173496589064598
2,Fine-Tuned E5,0.0089639425277709
2,Fine-Tuned E5,-0.1094485223293304
2,Fine-Tuned E5,0.2397398799657821
2,Fine-Tuned E5,-0.0885457545518875
2,Fine-Tuned E5,-0.1422448307275772
2,Fine-Tuned E5,0.0457675158977508
2,Fine-Tuned E5,-0.0706506222486496
2,Fine-Tuned E5,0.0483702421188354
2,Fine-Tuned E5,-0.0027115643024444
2,Fine-Tuned E5,0.1503566354513168
2,Fine-Tuned E5,0.1213240474462509
2,Fine-Tuned E5,-0.0794713199138641
2,Fine-Tuned E5,-0.0108928084373474
2,Fine-Tuned E5,0.482952605932951
2,Fine-Tuned E5,-0.0908462703227996
2,Fine-Tuned E5,0.1610669195652008
2,Fine-Tuned E5,0.414712630212307
2,Fine-Tuned E5,0.1712463945150375
2,Fine-Tuned E5,0.3715026676654815
2,Fine-Tuned E5,0.1399574279785156
2,Fine-Tuned E5,-0.0549797415733337
2,Fine-Tuned E5,0.133951723575592
2,Fine-Tuned E5,-0.0636369660496711
2,Fine-Tuned E5,0.1310479938983917
2,Fine-Tuned E5,0.2458268254995346
2,Fine-Tuned E5,0.0391756743192672
2,Fine-Tuned E5,0.0513492822647094
2,Fine-Tuned E5,-0.0113261640071868
2,Fine-Tuned E5,0.239698888733983
2,Fine-Tuned E5,-0.0048307478427886
2,Fine-Tuned E5,-0.0052337646484375
2,Fine-Tuned E5,-0.2236339747905731
2,Fine-Tuned E5,0.3146467730402946
2,Fine-Tuned E5,-0.0450941324234008
2,Fine-Tuned E5,0.1127235144376754
2,Fine-Tuned E5,-0.0549990534782409
2,Fine-Tuned E5,0.1200813651084899
2,Fine-Tuned E5,0.182879090309143
2,Fine-Tuned E5,0.1110188066959381
2,Fine-Tuned E5,0.2350282371044159
2,Fine-Tuned E5,0.0561660528182983
2,Fine-Tuned E5,-0.0157254040241241
2,Fine-Tuned E5,0.046234130859375
2,Fine-Tuned E5,0.2151416987180709
2,Fine-Tuned E5,0.2113808542490005
2,Fine-Tuned E5,0.0974511057138443
2,Fine-Tuned E5,0.3862033188343048
2,Fine-Tuned E5,-0.0494961589574813
2,Fine-Tuned E5,0.1476917564868927
2,Fine-Tuned E5,0.2176534235477447
2,Fine-Tuned E5,-0.0690804123878479
2,Fine-Tuned E5,0.2414191961288452
2,Fine-Tuned E5,0.1906288266181945
2,Fine-Tuned E5,0.026094913482666
2,Fine-Tuned E5,0.1671594232320785
2,Fine-Tuned E5,0.1415993869304657
2,Fine-Tuned E5,0.4818224608898163
2,Fine-Tuned E5,0.2644153237342834
2,Fine-Tuned E5,0.4709754064679146
2,Fine-Tuned E5,0.3139456957578659
2,Fine-Tuned E5,0.1527052223682403
2,Fine-Tuned E5,0.0775792002677917
2,Fine-Tuned E5,0.1473179757595062
2,Fine-Tuned E5,-0.0360983610153198
2,Fine-Tuned E5,0.248682826757431
2,Fine-Tuned E5,0.2640842050313949
2,Fine-Tuned E5,0.1116580069065094
2,Fine-Tuned E5,-0.0275790691375732
2,Fine-Tuned E5,0.4543600678443908
2,Fine-Tuned E5,0.0903549790382385
2,Fine-Tuned E5,0.2498896420001983
2,Fine-Tuned E5,0.2908089160919189
2,Fine-Tuned E5,0.4862657375633716
2,Fine-Tuned E5,0.2724353969097137
2,Fine-Tuned E5,0.3072763383388519
2,Fine-Tuned E5,0.3544823825359344
2,Fine-Tuned E5,0.2122281789779663
2,Fine-Tuned E5,0.2020613551139831
2,Fine-Tuned E5,0.4878255873918533
2,Fine-Tuned E5,0.1469853222370147
2,Fine-Tuned E5,0.1860824674367904
2,Fine-Tuned E5,0.2558197677135467
2,Fine-Tuned E5,0.3085214644670486
2,Fine-Tuned E5,0.0516780614852905
2,Fine-Tuned E5,0.2703793346881866
2,Fine-Tuned E5,-0.0058989077806472
2,Fine-Tuned E5,0.2382417023181915
2,Fine-Tuned E5,0.2430736124515533
2,Fine-Tuned E5,-0.0191783607006073
2,Fine-Tuned E5,0.181377038359642
2,Fine-Tuned E5,0.1628720611333847
2,Fine-Tuned E5,0.3688340317457914
2,Fine-Tuned E5,0.2178099155426025
2,Fine-Tuned E5,0.1048942804336547
2,Fine-Tuned E5,0.2377829253673553
2,Fine-Tuned E5,0.3706787079572677
2,Fine-Tuned E5,0.1946425586938858
2,Fine-Tuned E5,0.1615932136774063
2,Fine-Tuned E5,0.3313785493373871
2,Fine-Tuned E5,0.3277274146676063
2,Fine-Tuned E5,0.5318153575062752
2,Fine-Tuned E5,-0.0026906430721282
2,Fine-Tuned E5,0.2046972215175628
2,Fine-Tuned E5,0.1421199142932891
2,Fine-Tuned E5,0.1034149825572967
2,Fine-Tuned E5,0.2079438045620918
2,Fine-Tuned E5,0.108628511428833
2,Fine-Tuned E5,0.2197156250476837
2,Fine-Tuned E5,0.1700033545494079
2,Fine-Tuned E5,0.3374966382980346
2,Fine-Tuned E5,0.2526156604290008
2,Fine-Tuned E5,0.2774273008108139
2,Fine-Tuned E5,-0.0627776160836219
2,Fine-Tuned E5,-0.0314430892467498
2,Fine-Tuned E5,0.1565712243318557
2,Fine-Tuned E5,0.2050443589687347
2,Fine-Tuned E5,0.2137620151042938
2,Fine-Tuned E5,0.1433564722537994
2,Fine-Tuned E5,0.2329256534576416
2,Fine-Tuned E5,0.1161718666553497
2,Fine-Tuned E5,0.2980008423328399
2,Fine-Tuned E5,0.2787369638681412
2,Fine-Tuned E5,0.3104501664638519
2,Fine-Tuned E5,0.1570929586887359
2,Fine-Tuned E5,0.2060254216194152
2,Fine-Tuned E5,-0.0519822835922241
2,Fine-Tuned E5,0.3137751519680023
2,Fine-Tuned E5,0.2317549586296081
2,Fine-Tuned E5,0.4099979102611542
2,Fine-Tuned E5,0.3568377643823623
2,Fine-Tuned E5,0.4673145264387131
2,Fine-Tuned E5,0.3114558756351471
2,Fine-Tuned E5,0.2712185382843017
2,Fine-Tuned E5,0.0565488338470459
2,Fine-Tuned E5,0.138461023569107
2,Fine-Tuned E5,0.193156898021698
2,Fine-Tuned E5,0.3079015612602234
2,Fine-Tuned E5,0.0226876735687255
2,Fine-Tuned E5,0.2012119889259338
2,Fine-Tuned E5,0.1551684588193893
2,Fine-Tuned E5,0.2233989238739013
2,Fine-Tuned E5,0.3689750202465802
2,Fine-Tuned E5,0.296701218932867
2,Fine-Tuned E5,0.2015143036842346
2,Fine-Tuned E5,0.4866261929273605
2,Fine-Tuned E5,0.4790232181549072
2,Fine-Tuned E5,0.5251497987774201
2,Fine-Tuned E5,0.1820163279771804
2,Fine-Tuned E5,0.3367969393730163
2,Fine-Tuned E5,0.2012679874897003
2,Fine-Tuned E5,0.2141464650630951
2,Fine-Tuned E5,0.2858330458402633
2,Fine-Tuned E5,-0.0671722292900085
2,Fine-Tuned E5,0.2188273072242736
2,Fine-Tuned E5,0.1587501838803291
2,Fine-Tuned E5,0.2800506427884102
2,Fine-Tuned E5,0.4081105962395668
2,Fine-Tuned E5,0.2342038080096244
2,Fine-Tuned E5,0.3280349820852279
2,Fine-Tuned E5,0.1218542754650116
2,Fine-Tuned E5,0.2218026518821716
2,Fine-Tuned E5,-0.1421446502208709
2,Fine-Tuned E5,0.0324493944644928
2,Fine-Tuned E5,0.0264471769332885
2,Fine-Tuned E5,0.1031075567007064
2,Fine-Tuned E5,0.2815622538328171
2,Fine-Tuned E5,0.3032514452934265
2,Fine-Tuned E5,0.0953356921672821
2,Fine-Tuned E5,0.1043740212917327
2,Fine-Tuned E5,0.2117158621549606
2,Fine-Tuned E5,0.2111765891313552
2,Fine-Tuned E5,0.1337551474571228
2,Fine-Tuned E5,0.1575222909450531
2,Fine-Tuned E5,0.1952703893184662
2,Fine-Tuned E5,0.3397933393716812
2,Fine-Tuned E5,0.3278326243162155
2,Fine-Tuned E5,0.1236571371555328
2,Fine-Tuned E5,0.2330568134784698
2,Fine-Tuned E5,0.2327218353748321
2,Fine-Tuned E5,0.5179712399840355
2,Fine-Tuned E5,0.0696664452552795
2,Fine-Tuned E5,0.2574082314968109
2,Fine-Tuned E5,0.5248216688632965
2,Fine-Tuned E5,0.4199466854333877
2,Fine-Tuned E5,0.105074793100357
2,Fine-Tuned E5,0.3569112569093704
2,Fine-Tuned E5,0.1110322922468185
2,Fine-Tuned E5,0.3373115509748459
2,Fine-Tuned E5,0.7188167236745358
2,Fine-Tuned E5,0.1769937686622142
2,Fine-Tuned E5,0.3393673002719879
2,Fine-Tuned E5,0.2195077389478683
2,Fine-Tuned E5,0.1124162077903747
2,Fine-Tuned E5,0.3814604189246893
2,Fine-Tuned E5,0.2545691132545471
2,Fine-Tuned E5,0.4595498475246131
2,Fine-Tuned E5,0.4738625437021255
2,Fine-Tuned E5,0.2434947043657302
2,Fine-Tuned E5,0.4874085336923599
2,Fine-Tuned E5,0.427737183868885
2,Fine-Tuned E5,0.3208408951759338
2,Fine-Tuned E5,0.4005824029445648
2,Fine-Tuned E5,0.3184695839881897
2,Fine-Tuned E5,0.3102331757545471
2,Fine-Tuned E5,0.1449626386165619
2,Fine-Tuned E5,0.171566292643547
2,Fine-Tuned E5,0.1411775052547454
2,Fine-Tuned E5,0.2385432571172714
2,Fine-Tuned E5,0.1273526549339294
2,Fine-Tuned E5,0.6178885623812675
2,Fine-Tuned E5,0.1821860671043396
2,Fine-Tuned E5,0.2474385201930999
2,Fine-Tuned E5,0.5363023392856121
2,Fine-Tuned E5,0.3580478131771087
2,Fine-Tuned E5,0.4448654353618622
2,Fine-Tuned E5,0.129250094294548
2,Fine-Tuned E5,0.1828914880752563
2,Fine-Tuned E5,0.0843732357025146
2,Fine-Tuned E5,0.1906402111053466
2,Fine-Tuned E5,0.2517501413822174
2,Fine-Tuned E5,0.1362040340900421
2,Fine-Tuned E5,-0.239559605717659
2,Fine-Tuned E5,0.2050535231828689
2,Fine-Tuned E5,0.0599319636821746
2,Fine-Tuned E5,0.3726018965244293
2,Fine-Tuned E5,0.5746980831027031
2,Fine-Tuned E5,0.3482097387313843
2,Fine-Tuned E5,0.2134449481964111
2,Fine-Tuned E5,0.2213397026062011
2,Fine-Tuned E5,0.2959116399288177
2,Fine-Tuned E5,0.4583963006734848
2,Fine-Tuned E5,0.0833938717842102
2,Fine-Tuned E5,0.4514891505241394
2,Fine-Tuned E5,0.1532122492790222
2,Fine-Tuned E5,0.249171182513237
2,Fine-Tuned E5,-0.1175599098205566
2,Fine-Tuned E5,0.3806028366088867
2,Fine-Tuned E5,-0.0558941960334777
2,Fine-Tuned E5,0.3108225762844085
2,Fine-Tuned E5,0.3691394329071045
2,Fine-Tuned E5,0.2171920835971832
2,Fine-Tuned E5,0.0203142762184143
2,Fine-Tuned E5,0.350680448114872
2,Fine-Tuned E5,0.2132648527622223
2,Fine-Tuned E5,0.1356095075607299
2,Fine-Tuned E5,0.5828098803758621
2,Fine-Tuned E5,0.2058687806129455
2,Fine-Tuned E5,0.3464459031820297
2,Fine-Tuned E5,0.1306474506855011
2,Fine-Tuned E5,0.1086919605731964
2,Fine-Tuned E5,0.0360745191574096
2,Fine-Tuned E5,0.2153409123420715
2,Fine-Tuned E5,0.2783905267715454
2,Fine-Tuned E5,-0.021394208073616
2,Fine-Tuned E5,0.2543071359395981
2,Fine-Tuned E5,0.0608952343463897
2,Fine-Tuned E5,0.1674944534897804
2,Fine-Tuned E5,0.0972432047128677
2,Fine-Tuned E5,0.1505370885133743
2,Fine-Tuned E5,0.0265970677137374
2,Fine-Tuned E5,0.3370260521769523
2,Fine-Tuned E5,0.4469002932310104
2,Fine-Tuned E5,-0.0466095656156539
2,Fine-Tuned E5,0.2286104261875152
2,Fine-Tuned E5,0.225292295217514
2,Fine-Tuned E5,0.1112309098243713
2,Fine-Tuned E5,0.2320059537887573
2,Fine-Tuned E5,0.3412070125341415
2,Fine-Tuned E5,0.0767337083816528
2,Fine-Tuned E5,0.3477582037448883
2,Fine-Tuned E5,0.4062511026859283
2,Fine-Tuned E5,0.4705178141593933
2,Fine-Tuned E5,0.205613762140274
2,Fine-Tuned E5,0.0959757715463638
2,Fine-Tuned E5,-0.0740834772586822
2,Fine-Tuned E5,0.1274861991405487
2,Fine-Tuned E5,0.3363579213619232
2,Fine-Tuned E5,0.0856183767318725
2,Fine-Tuned E5,0.2152931690216064
2,Fine-Tuned E5,0.0153885632753372
2,Fine-Tuned E5,0.1069515943527221
2,Fine-Tuned E5,-0.0031578242778778
2,Fine-Tuned E5,0.0303099453449249
2,Fine-Tuned E5,0.1193846762180328
2,Fine-Tuned E5,0.4740825444459915
2,Fine-Tuned E5,0.3042276799678802
2,Fine-Tuned E5,0.1058862805366516
2,Fine-Tuned E5,0.1779743582010269
2,Fine-Tuned E5,0.2403164207935333
2,Fine-Tuned E5,0.2342463135719299
2,Fine-Tuned E5,0.343639001250267
2,Fine-Tuned E5,0.4190453588962555
2,Fine-Tuned E5,0.47398167476058
2,Fine-Tuned E5,-0.1566064059734344
2,Fine-Tuned E5,0.1538132727146148
2,Fine-Tuned E5,0.1418708860874176
2,Fine-Tuned E5,0.239901602268219
2,Fine-Tuned E5,0.0247348248958587
2,Fine-Tuned E5,0.2388476431369781
2,Fine-Tuned E5,0.0963473618030548
2,Fine-Tuned E5,0.5002252757549286
2,Fine-Tuned E5,0.3486668691039085
2,Fine-Tuned E5,0.1366419196128845
2,Fine-Tuned E5,0.2594888806343078
2,Fine-Tuned E5,0.0685395896434784
2,Fine-Tuned E5,0.3256352841854095
2,Fine-Tuned E5,0.1981852948665619
2,Fine-Tuned E5,-0.0206827819347381
2,Fine-Tuned E5,0.4434897005558014
2,Fine-Tuned E5,0.3520114123821258
2,Fine-Tuned E5,0.4124156236648559
2,Fine-Tuned E5,0.2161488234996795
2,Fine-Tuned E5,0.1726636886596679
2,Fine-Tuned E5,0.4183638542890548
2,Fine-Tuned E5,0.1555118560791015
2,Fine-Tuned E5,0.1741907000541687
2,Fine-Tuned E5,0.2444603741168975
2,Fine-Tuned E5,0.042398601770401
2,Fine-Tuned E5,0.3408583104610443
2,Fine-Tuned E5,0.2035381495952606
2,Fine-Tuned E5,0.0210694372653961
2,Fine-Tuned E5,0.227124273777008
2,Fine-Tuned E5,0.0810385346412658
2,Fine-Tuned E5,0.3661683052778244
2,Fine-Tuned E5,0.1630612313747406
2,Fine-Tuned E5,0.3498849123716354
2,Fine-Tuned E5,0.1154670417308807
2,Fine-Tuned E5,-0.1652217507362365
2,Fine-Tuned E5,0.2042463719844818
2,Fine-Tuned E5,0.1954507529735565
2,Fine-Tuned E5,0.0602323710918426
2,Fine-Tuned E5,0.4838847294449806
2,Fine-Tuned E5,0.3730953633785248
2,Fine-Tuned E5,0.0805497840046882
2,Fine-Tuned E5,0.3107945024967193
2,Fine-Tuned E5,0.388681560754776
2,Fine-Tuned E5,0.2097811102867126
2,Fine-Tuned E5,0.1298674345016479
2,Fine-Tuned E5,0.3246989101171493
2,Fine-Tuned E5,0.4573148488998413
2,Fine-Tuned E5,0.4216165542602539
2,Fine-Tuned E5,0.1996817588806152
2,Fine-Tuned E5,0.1427870690822601
2,Fine-Tuned E5,0.0711376965045929
2,Fine-Tuned E5,0.0059566497802734
2,Fine-Tuned E5,-0.0802002251148223
2,Fine-Tuned E5,0.1827941536903381
2,Fine-Tuned E5,0.014439046382904
2,Fine-Tuned E5,0.3066517859697342
2,Fine-Tuned E5,0.1230421662330627
2,Fine-Tuned E5,0.2781305462121963
2,Fine-Tuned E5,0.2553000152111053
2,Fine-Tuned E5,-0.0200828313827514
2,Fine-Tuned E5,0.0493033230304718
2,Fine-Tuned E5,0.4494328796863556
2,Fine-Tuned E5,0.2196831405162811
2,Fine-Tuned E5,0.2454852312803268
2,Fine-Tuned E5,0.2535467445850372
2,Fine-Tuned E5,0.2998499423265457
2,Fine-Tuned E5,-0.1341731250286102
2,Fine-Tuned E5,0.0139128118753433
2,Fine-Tuned E5,0.1141102313995361
2,Fine-Tuned E5,0.0970057994127273
2,Fine-Tuned E5,0.2334252893924713
2,Fine-Tuned E5,0.251329630613327
2,Fine-Tuned E5,0.2426479160785675
2,Fine-Tuned E5,0.1890427470207214
2,Fine-Tuned E5,-0.1149877607822418
2,Fine-Tuned E5,0.0555969476699829
2,Fine-Tuned E5,0.3171330839395523
2,Fine-Tuned E5,0.1565802097320556
2,Fine-Tuned E5,0.1256645619869232
2,Fine-Tuned E5,0.2923013865947723
2,Fine-Tuned E5,0.0932820588350296
2,Fine-Tuned E5,-0.0312557518482208
2,Fine-Tuned E5,0.0590436160564422
2,Fine-Tuned E5,-0.0658970773220062
2,Fine-Tuned E5,0.278486892580986
2,Fine-Tuned E5,0.1447796523571014
2,Fine-Tuned E5,0.2211761474609375
2,Fine-Tuned E5,-0.0527008771896362
2,Fine-Tuned E5,-0.0249981433153152
2,Fine-Tuned E5,0.2200261950492859
2,Fine-Tuned E5,0.210946649312973
2,Fine-Tuned E5,0.1286654323339462
2,Fine-Tuned E5,0.1457241177558899
2,Fine-Tuned E5,0.1409799307584762
2,Fine-Tuned E5,0.1511748433113098
2,Fine-Tuned E5,0.289213165640831
2,Fine-Tuned E5,-0.1510005295276641
2,Fine-Tuned E5,0.1955468356609344
2,Fine-Tuned E5,0.0793081820011138
2,Fine-Tuned E5,0.0085374116897583
2,Fine-Tuned E5,0.3678074926137924
2,Fine-Tuned E5,0.2605432569980621
2,Fine-Tuned E5,0.0395394265651702
2,Fine-Tuned E5,0.2983887307345867
2,Fine-Tuned E5,0.1015785336494445
2,Fine-Tuned E5,0.2615302801132202
2,Fine-Tuned E5,-0.0423061847686767
2,Fine-Tuned E5,0.3260242640972137
2,Fine-Tuned E5,0.595563817769289
2,Fine-Tuned E5,0.1093658804893493
2,Fine-Tuned E5,0.4127811938524246
2,Fine-Tuned E5,0.2432601600885391
2,Fine-Tuned E5,0.1611372530460357
2,Fine-Tuned E5,0.343423992395401
2,Fine-Tuned E5,0.1328274607658386
2,Fine-Tuned E5,0.1184369474649429
2,Fine-Tuned E5,0.3293041586875915
2,Fine-Tuned E5,0.152312770485878
2,Fine-Tuned E5,0.2511391043663025
2,Fine-Tuned E5,0.1385735273361206
2,Fine-Tuned E5,0.1545262485742569
2,Fine-Tuned E5,0.1782100796699524
2,Fine-Tuned E5,0.2776158452033996
2,Fine-Tuned E5,0.250062957406044
2,Fine-Tuned E5,0.2404235899448394
2,Fine-Tuned E5,0.2794820815324783
2,Fine-Tuned E5,0.0392701029777526
2,Fine-Tuned E5,0.1212596893310546
2,Fine-Tuned E5,0.4101332575082779
2,Fine-Tuned E5,0.3231309149414301
2,Fine-Tuned E5,-0.0238704532384872
2,Fine-Tuned E5,0.3528342545032501
2,Fine-Tuned E5,0.0863409340381622
2,Fine-Tuned E5,0.0188391804695129
2,Fine-Tuned E5,0.0948959589004516
2,Fine-Tuned E5,0.3818476349115371
2,Fine-Tuned E5,0.1061074137687683
2,Fine-Tuned E5,0.419486440718174
2,Fine-Tuned E5,0.0956121385097503
2,Fine-Tuned E5,0.3030518740415573
2,Fine-Tuned E5,0.0969898402690887
2,Fine-Tuned E5,0.3195665776729584
2,Fine-Tuned E5,0.425417497754097
2,Fine-Tuned E5,0.3152293562889099
2,Fine-Tuned E5,0.2972884476184845
2,Fine-Tuned E5,0.3479318916797638
2,Fine-Tuned E5,0.3523599803447723
2,Fine-Tuned E5,0.1361463665962219
2,Fine-Tuned E5,0.19320148229599
2,Fine-Tuned E5,0.2810898423194885
2,Fine-Tuned E5,0.2776013016700744
2,Fine-Tuned E5,0.0467762649059295
2,Fine-Tuned E5,-0.0635485500097274
2,Fine-Tuned E5,0.3959960900247097
2,Fine-Tuned E5,0.043315052986145
2,Fine-Tuned E5,-0.1063414812088012
2,Fine-Tuned E5,0.0266659259796142
2,Fine-Tuned E5,0.3402896821498871
2,Fine-Tuned E5,0.0620713084936142
2,Fine-Tuned E5,0.1343789398670196
2,Fine-Tuned E5,0.0542076230049133
2,Fine-Tuned E5,0.2976051568984985
2,Fine-Tuned E5,0.2205476462841034
2,Fine-Tuned E5,0.3753706365823746
2,Fine-Tuned E5,0.2757630795240402
2,Fine-Tuned E5,0.1110367178916931
2,Fine-Tuned E5,0.2045035362243652
2,Fine-Tuned E5,0.4233832955360412
2,Fine-Tuned E5,0.2613040432333946
2,Fine-Tuned E5,0.4607826471328735
2,Fine-Tuned E5,0.4662264510989189
2,Fine-Tuned E5,0.3032096773386001
2,Fine-Tuned E5,-0.3102103322744369
2,Fine-Tuned E5,0.1885073781013488
2,Fine-Tuned E5,0.3371007740497589
2,Fine-Tuned E5,0.5594036728143692
2,Fine-Tuned E5,-0.0821305215358734
2,Fine-Tuned E5,0.2226107716560363
2,Fine-Tuned E5,-0.1248223334550857
2,Fine-Tuned E5,0.1505153775215149
2,Fine-Tuned E5,0.1130878180265426
2,Fine-Tuned E5,0.3759838491678238
2,Fine-Tuned E5,0.3546941243112087
2,Fine-Tuned E5,0.1228745281696319
2,Fine-Tuned E5,0.0688649415969848
2,Fine-Tuned E5,0.500563234090805
2,Fine-Tuned E5,0.1909744590520858
2,Fine-Tuned E5,0.4783191159367561
2,Fine-Tuned E5,0.3142884895205498
2,Fine-Tuned E5,0.2054734230041504
2,Fine-Tuned E5,0.5873171240091324
2,Fine-Tuned E5,0.4005400240421295
2,Fine-Tuned E5,-0.0188531428575515
2,Fine-Tuned E5,0.1558469235897064
2,Fine-Tuned E5,0.2896503210067749
2,Fine-Tuned E5,0.4644408896565437
2,Fine-Tuned E5,0.1717435456812381
2,Fine-Tuned E5,0.4539228081703186
2,Fine-Tuned E5,0.3536388799548149
2,Fine-Tuned E5,-0.055752694606781
2,Fine-Tuned E5,0.1335552930831909
2,Fine-Tuned E5,0.5180580755695701
2,Fine-Tuned E5,0.0918421149253845
2,Fine-Tuned E5,0.0425932109355926
2,Fine-Tuned E5,0.1253466457128524
2,Fine-Tuned E5,-0.0527803897857666
2,Fine-Tuned E5,0.1809895634651184
2,Fine-Tuned E5,-0.0285825431346893
2,Fine-Tuned E5,0.0478688552975654
2,Fine-Tuned E5,-0.0227954983711242
2,Fine-Tuned E5,-0.2600192464888096
2,Fine-Tuned E5,0.0835386961698532
2,Fine-Tuned E5,0.4518226105719805
2,Fine-Tuned E5,0.2237091362476349
2,Fine-Tuned E5,0.0327262878417968
2,Fine-Tuned E5,0.2153554260730743
2,Fine-Tuned E5,0.1645331718027591
2,Fine-Tuned E5,0.3034303933382034
2,Fine-Tuned E5,0.1863945797085762
2,Fine-Tuned E5,0.4340064823627472
2,Fine-Tuned E5,0.3587925732135772
2,Fine-Tuned E5,0.4651282429695129
2,Fine-Tuned E5,0.1148827970027923
2,Fine-Tuned E5,0.3593476265668869
2,Fine-Tuned E5,-0.0754250437021255
2,Fine-Tuned E5,0.2081800103187561
2,Fine-Tuned E5,0.3189844489097595
2,Fine-Tuned E5,0.2431881129741668
2,Fine-Tuned E5,0.7995709776878357
2,Fine-Tuned E5,-0.1411339044570922
2,Fine-Tuned E5,0.3744042739272117
2,Fine-Tuned E5,0.2219671830534935
2,Fine-Tuned E5,0.1478314697742462
2,Fine-Tuned E5,0.3503007441759109
2,Fine-Tuned E5,0.4909237893298268
2,Fine-Tuned E5,0.248262895271182
2,Fine-Tuned E5,0.229267232120037
2,Fine-Tuned E5,0.0676037073135376
2,Fine-Tuned E5,-0.1520123332738876
2,Fine-Tuned E5,0.2461800929158926
2,Fine-Tuned E5,0.5105300806462765
2,Fine-Tuned E5,-0.2909214049577713
2,Fine-Tuned E5,0.1256593838334083
2,Fine-Tuned E5,-0.0270077884197235
2,Fine-Tuned E5,0.054599106311798
2,Fine-Tuned E5,-0.117598682641983
2,Fine-Tuned E5,0.2397187352180481
2,Fine-Tuned E5,0.2889852318912744
2,Fine-Tuned E5,0.3728964030742645
2,Fine-Tuned E5,0.1967786103487014
2,Fine-Tuned E5,-0.3604295402765274
2,Fine-Tuned E5,0.4220371679402888
2,Fine-Tuned E5,0.0808811485767364
2,Fine-Tuned E5,0.0320662558078765
2,Fine-Tuned E5,0.2000787705183029
2,Fine-Tuned E5,0.1309950947761535
2,Fine-Tuned E5,-0.0671951174736023
2,Fine-Tuned E5,0.1158180832862854
2,Fine-Tuned E5,0.3417464345693588
2,Fine-Tuned E5,-0.0934313535690307
2,Fine-Tuned E5,0.0296716094017028
2,Fine-Tuned E5,0.1756936311721801
2,Fine-Tuned E5,0.0927024185657501
2,Fine-Tuned E5,0.2791896611452102
2,Fine-Tuned E5,0.1269927620887756
2,Fine-Tuned E5,0.1495543718338012
2,Fine-Tuned E5,-0.0495079159736633
2,Fine-Tuned E5,0.0761161148548126
2,Fine-Tuned E5,0.228069394826889
2,Fine-Tuned E5,0.3770375326275825
2,Fine-Tuned E5,0.2090478390455246
2,Fine-Tuned E5,0.360521912574768
2,Fine-Tuned E5,0.365204319357872
2,Fine-Tuned E5,0.2561846971511841
2,Fine-Tuned E5,-0.1153807491064071
2,Fine-Tuned E5,-0.045444518327713
2,Fine-Tuned E5,0.3458953201770782
2,Fine-Tuned E5,0.4292184486985206
2,Fine-Tuned E5,0.5820802748203278
2,Fine-Tuned E5,0.1311166882514953
2,Fine-Tuned E5,0.226933941245079
2,Fine-Tuned E5,0.116207480430603
2,Fine-Tuned E5,0.277059331536293
2,Fine-Tuned E5,0.3908476531505584
2,Fine-Tuned E5,0.2232143748551607
2,Fine-Tuned E5,0.087729811668396
2,Fine-Tuned E5,0.1558512151241302
2,Fine-Tuned E5,0.0735695660114288
2,Fine-Tuned E5,0.1193753182888031
2,Fine-Tuned E5,-0.0986197888851165
2,Fine-Tuned E5,-0.022664338350296
2,Fine-Tuned E5,0.0226567685604095
2,Fine-Tuned E5,-0.1378754675388336
2,Fine-Tuned E5,0.2033702880144119
2,Fine-Tuned E5,0.2106083258986473
2,Fine-Tuned E5,0.0466976165771484
2,Fine-Tuned E5,0.2374633103609085
2,Fine-Tuned E5,-0.1084309220314025
2,Fine-Tuned E5,0.4183901846408844
2,Fine-Tuned E5,0.5014854744076729
2,Fine-Tuned E5,0.036639779806137
2,Fine-Tuned E5,0.1800006330013275
2,Fine-Tuned E5,0.2177612483501434
2,Fine-Tuned E5,-0.0503967404365539
2,Fine-Tuned E5,0.2914695367217064
2,Fine-Tuned E5,0.3285226374864578
2,Fine-Tuned E5,0.366644985973835
2,Fine-Tuned E5,0.3763899952173233
2,Fine-Tuned E5,0.2697458863258362
2,Fine-Tuned E5,0.1863073725253343
2,Fine-Tuned E5,0.4359403774142265
2,Fine-Tuned E5,0.309348776936531
2,Fine-Tuned E5,0.4725778866559267
2,Fine-Tuned E5,0.1417202353477478
2,Fine-Tuned E5,0.3475967645645141
2,Fine-Tuned E5,0.1705298572778701
2,Fine-Tuned E5,-0.1270692646503448
2,Fine-Tuned E5,0.3133134320378303
2,Fine-Tuned E5,0.0914073139429092
2,Fine-Tuned E5,0.7227693945169449
2,Fine-Tuned E5,0.2979026436805725
2,Fine-Tuned E5,0.4798777848482132
2,Fine-Tuned E5,0.6544833779335022
2,Fine-Tuned E5,0.2267513647675514
2,Fine-Tuned E5,0.2883729208260774
2,Fine-Tuned E5,-0.293496161699295
2,Fine-Tuned E5,0.1330172717571258
2,Fine-Tuned E5,0.245480790734291
2,Fine-Tuned E5,0.1988189369440078
2,Fine-Tuned E5,0.0742091834545135
2,Fine-Tuned E5,0.0642708241939544
2,Fine-Tuned E5,0.5481175482273102
2,Fine-Tuned E5,0.2584746852517128
2,Fine-Tuned E5,0.3369687497615814
2,Fine-Tuned E5,0.1842562109231948
2,Fine-Tuned E5,0.5015183202922344
2,Fine-Tuned E5,0.3896510079503059
2,Fine-Tuned E5,0.1241754591464996
2,Fine-Tuned E5,0.4799392372369766
2,Fine-Tuned E5,0.1582071483135223
2,Fine-Tuned E5,0.3363144993782043
2,Fine-Tuned E5,0.143707126379013
2,Fine-Tuned E5,0.0793768763542175
2,Fine-Tuned E5,0.0160712748765945
2,Fine-Tuned E5,0.0549045503139495
2,Fine-Tuned E5,0.155472844839096
2,Fine-Tuned E5,-0.1726813614368438
2,Fine-Tuned E5,0.238795131444931
2,Fine-Tuned E5,0.0366658866405487
2,Fine-Tuned E5,0.1925136744976043
2,Fine-Tuned E5,0.3361950814723968
2,Fine-Tuned E5,0.1879421770572662
2,Fine-Tuned E5,0.2661751210689544
2,Fine-Tuned E5,0.2017630934715271
2,Fine-Tuned E5,0.31048783659935
2,Fine-Tuned E5,-0.1125120222568512
2,Fine-Tuned E5,0.5236837640404701
2,Fine-Tuned E5,0.1246101558208465
2,Fine-Tuned E5,0.2147079110145568
2,Fine-Tuned E5,0.4026593156158924
2,Fine-Tuned E5,0.1210242807865142
2,Fine-Tuned E5,-0.0029395520687103
2,Fine-Tuned E5,0.1893307566642761
2,Fine-Tuned E5,0.1519160568714141
2,Fine-Tuned E5,0.1216542720794677
2,Fine-Tuned E5,0.0997817367315292
2,Fine-Tuned E5,0.0371498167514801
2,Fine-Tuned E5,-0.1004500687122345
2,Fine-Tuned E5,0.4297806471586227
2,Fine-Tuned E5,0.1866317093372345
2,Fine-Tuned E5,-0.3889907598495483
2,Fine-Tuned E5,0.4645712226629257
2,Fine-Tuned E5,0.187969297170639
2,Fine-Tuned E5,0.3251353055238724
2,Fine-Tuned E5,0.5780138727277517
2,Fine-Tuned E5,0.0906203985214233
2,Fine-Tuned E5,0.2731829285621643
2,Fine-Tuned E5,-0.090450644493103
2,Fine-Tuned E5,0.1293968558311462
2,Fine-Tuned E5,0.5155340656638145
2,Fine-Tuned E5,-0.106506809592247
2,Fine-Tuned E5,0.0608538761734962
2,Fine-Tuned E5,0.1222061812877655
2,Fine-Tuned E5,-0.0281965732574462
2,Fine-Tuned E5,0.0376076102256774
2,Fine-Tuned E5,0.2142160981893539
2,Fine-Tuned E5,0.3840096779167652
2,Fine-Tuned E5,0.0445300489664077
2,Fine-Tuned E5,0.1098999232053756
2,Fine-Tuned E5,0.0990149080753326
2,Fine-Tuned E5,0.1978869512677192
2,Fine-Tuned E5,0.4516926035284996
2,Fine-Tuned E5,0.1456238180398941
2,Fine-Tuned E5,0.041764348745346
2,Fine-Tuned E5,-0.1802579164505005
2,Fine-Tuned E5,0.4896203950047493
2,Fine-Tuned E5,0.2894367799162864
2,Fine-Tuned E5,0.078123390674591
2,Fine-Tuned E5,0.2131366953253746
2,Fine-Tuned E5,0.3912721145898103
2,Fine-Tuned E5,0.1351663321256637
2,Fine-Tuned E5,0.1761766672134399
2,Fine-Tuned E5,0.2658979743719101
2,Fine-Tuned E5,0.0140656232833862
2,Fine-Tuned E5,0.0732532143592834
2,Fine-Tuned E5,0.3764545023441314
2,Fine-Tuned E5,0.1875364482402801
2,Fine-Tuned E5,0.1913954839110374
2,Fine-Tuned E5,0.0399766564369201
2,Fine-Tuned E5,0.129803255200386
2,Fine-Tuned E5,0.1474975347518921
2,Fine-Tuned E5,0.2471985816955566
2,Fine-Tuned E5,0.1980942487716674
2,Fine-Tuned E5,0.3263569176197052
2,Fine-Tuned E5,0.3740110248327255
2,Fine-Tuned E5,0.289119005203247
2,Fine-Tuned E5,0.3194946348667145
2,Fine-Tuned E5,0.302287645637989
2,Fine-Tuned E5,0.1576764285564422
2,Fine-Tuned E5,0.2773631513118744
2,Fine-Tuned E5,0.2022624388337135
2,Fine-Tuned E5,-0.1285040527582168
2,Fine-Tuned E5,0.0986554473638534
2,Fine-Tuned E5,0.5733440406620502
2,Fine-Tuned E5,0.3581204861402511
2,Fine-Tuned E5,0.1109870076179504
2,Fine-Tuned E5,0.2009980529546737
2,Fine-Tuned E5,0.168954461812973
2,Fine-Tuned E5,-0.0527401566505432
2,Fine-Tuned E5,-0.0686147212982177
2,Fine-Tuned E5,0.1171707361936569
2,Fine-Tuned E5,-0.0137745738029479
2,Fine-Tuned E5,0.122335247695446
2,Fine-Tuned E5,0.1884753629565239
2,Fine-Tuned E5,0.0065346360206604
2,Fine-Tuned E5,0.0443595349788665
2,Fine-Tuned E5,-0.3755287863314152
2,Fine-Tuned E5,-0.0869194567203521
2,Fine-Tuned E5,-0.1250162124633789
2,Fine-Tuned E5,0.2815834482316859
2,Fine-Tuned E5,0.2514519691467285
2,Fine-Tuned E5,0.2027189210057258
2,Fine-Tuned E5,0.2513371855020523
2,Fine-Tuned E5,0.2829247713088989
2,Fine-Tuned E5,-0.0103023648262023
2,Fine-Tuned E5,0.25387704372406
2,Fine-Tuned E5,0.0158483982086181
2,Fine-Tuned E5,0.0992668271064758
2,Fine-Tuned E5,0.2125870585441589
2,Fine-Tuned E5,0.0629130601882934
2,Fine-Tuned E5,-0.0248579382896423
2,Fine-Tuned E5,-0.0465033650398254
2,Fine-Tuned E5,-0.0830191969871521
2,Fine-Tuned E5,-0.2404946982860565
2,Fine-Tuned E5,-0.0837272703647613
2,Fine-Tuned E5,0.054438292980194
2,Fine-Tuned E5,0.0772485733032226
2,Fine-Tuned E5,0.0155369043350219
2,Fine-Tuned E5,0.1844659969210624
2,Fine-Tuned E5,0.4023940563201904
2,Fine-Tuned E5,0.1865381598472595
2,Fine-Tuned E5,0.0983724296092987
2,Fine-Tuned E5,0.5685303248465061
2,Fine-Tuned E5,0.2356152534484863
2,Fine-Tuned E5,0.4852007701992988
2,Fine-Tuned E5,0.2115705609321594
2,Fine-Tuned E5,0.3027960062026977
2,Fine-Tuned E5,0.1430187821388244
2,Fine-Tuned E5,0.3042584583163261
2,Fine-Tuned E5,-0.0283056125044822
2,Fine-Tuned E5,0.6602364778518677
2,Fine-Tuned E5,0.2405586391687393
2,Fine-Tuned E5,0.2186405640095472
2,Fine-Tuned E5,0.2758897040039301
2,Fine-Tuned E5,0.2003206014633178
2,Fine-Tuned E5,0.3366488367319107
2,Fine-Tuned E5,0.3358636647462845
2,Fine-Tuned E5,-0.0216182619333267
2,Fine-Tuned E5,0.3465680629014969
2,Fine-Tuned E5,0.1536610424518585
2,Fine-Tuned E5,0.3035533428192138
2,Fine-Tuned E5,0.3323051184415817
2,Fine-Tuned E5,0.1946853995323181
2,Fine-Tuned E5,0.4599018096923828
2,Fine-Tuned E5,0.3681800048798322
2,Fine-Tuned E5,0.1010444313287735
2,Fine-Tuned E5,-0.0824555978178978
2,Fine-Tuned E5,0.0470167398452758
2,Fine-Tuned E5,-0.0249857008457183
2,Fine-Tuned E5,0.1786742955446243
2,Fine-Tuned E5,-0.0033720135688781
2,Fine-Tuned E5,0.0385554432868957
2,Fine-Tuned E5,0.4099920967128128
2,Fine-Tuned E5,0.1344837546348571
2,Fine-Tuned E5,0.2061207592487335
2,Fine-Tuned E5,0.4426691383123398
2,Fine-Tuned E5,0.2141523733735084
2,Fine-Tuned E5,0.1869289875030517
2,Fine-Tuned E5,0.2762146070599556
2,Fine-Tuned E5,0.2931249365210533
2,Fine-Tuned E5,-0.3659916520118713
2,Fine-Tuned E5,0.1885471940040588
2,Fine-Tuned E5,0.3394049555063247
2,Fine-Tuned E5,0.3592123314738273
2,Fine-Tuned E5,0.0089580714702606
2,Fine-Tuned E5,0.1905509829521179
2,Fine-Tuned E5,0.4284984059631824
2,Fine-Tuned E5,0.4594953805208206
2,Fine-Tuned E5,0.3366159051656723
2,Fine-Tuned E5,0.1360538303852081
2,Fine-Tuned E5,0.5450612306594849
2,Fine-Tuned E5,0.2317699790000915
2,Fine-Tuned E5,0.4219936579465866
2,Fine-Tuned E5,0.05969899892807
2,Fine-Tuned E5,0.5601273030042648
2,Fine-Tuned E5,0.1497175395488739
2,Fine-Tuned E5,0.1510845720767974
2,Fine-Tuned E5,0.0953417718410492
2,Fine-Tuned E5,0.1167010068893432
2,Fine-Tuned E5,0.0225409865379333
2,Fine-Tuned E5,0.266665555536747
2,Fine-Tuned E5,0.4395288825035095
2,Fine-Tuned E5,0.0120756328105926
2,Fine-Tuned E5,0.385220319032669
2,Fine-Tuned E5,0.4713479187339544
2,Fine-Tuned E5,0.0131309926509857
2,Fine-Tuned E5,0.4535596966743469
2,Fine-Tuned E5,0.1280114352703094
2,Fine-Tuned E5,0.2013455629348755
2,Fine-Tuned E5,0.264843538403511
2,Fine-Tuned E5,-0.0034022033214569
2,Fine-Tuned E5,0.5138878971338272
2,Fine-Tuned E5,0.2982819378376007
2,Fine-Tuned E5,0.3247576877474785
2,Fine-Tuned E5,0.6147667579352856
2,Fine-Tuned E5,0.335152119398117
2,Fine-Tuned E5,0.3432852178812027
2,Fine-Tuned E5,0.2469591200351715
2,Fine-Tuned E5,0.4977904856204986
2,Fine-Tuned E5,-0.0775337219238281
2,Fine-Tuned E5,0.2537992149591446
2,Fine-Tuned E5,0.2077700644731521
2,Fine-Tuned E5,0.3081545680761337
2,Fine-Tuned E5,0.5799475461244583
2,Fine-Tuned E5,0.0519787371158599
2,Fine-Tuned E5,0.5357493385672569
2,Fine-Tuned E5,0.1850835978984832
2,Fine-Tuned E5,0.3741411566734314
2,Fine-Tuned E5,0.3530187606811523
2,Fine-Tuned E5,0.1872189342975616
2,Fine-Tuned E5,0.2260778993368148
2,Fine-Tuned E5,-0.0221153199672698
2,Fine-Tuned E5,0.0842944979667663
2,Fine-Tuned E5,0.0361005663871765
2,Fine-Tuned E5,0.0601260066032409
2,Fine-Tuned E5,0.1694720387458801
2,Fine-Tuned E5,0.6282787919044495
2,Fine-Tuned E5,-0.0300886631011962
2,Fine-Tuned E5,0.4832080006599426
2,Fine-Tuned E5,-0.0597355365753173
2,Fine-Tuned E5,0.2343658506870269
2,Fine-Tuned E5,0.0488272309303283
2,Fine-Tuned E5,0.5137254744768143
2,Fine-Tuned E5,-0.0366538166999816
2,Fine-Tuned E5,0.1343560218811035
2,Fine-Tuned E5,0.2224359512329101
2,Fine-Tuned E5,0.5081848502159119
2,Fine-Tuned E5,0.4018737657461315
2,Fine-Tuned E5,0.1348986327648162
2,Fine-Tuned E5,0.0220533609390258
2,Fine-Tuned E5,0.1756497919559478
2,Fine-Tuned E5,-0.1420239359140396
2,Fine-Tuned E5,0.1873652338981628
2,Fine-Tuned E5,0.1150455325841903
2,Fine-Tuned E5,0.1998391672968864
2,Fine-Tuned E5,0.0503640323877334
2,Fine-Tuned E5,0.285450704395771
2,Fine-Tuned E5,0.3525239080190658
2,Fine-Tuned E5,-0.1157571226358413
2,Fine-Tuned E5,-0.0411189794540405
2,Fine-Tuned E5,-0.169148564338684
2,Fine-Tuned E5,0.1059644222259521
2,Fine-Tuned E5,-0.3874662071466446
2,Fine-Tuned E5,0.10622039437294
2,Fine-Tuned E5,0.0036565065383911
2,Fine-Tuned E5,-0.0260137170553207
2,Fine-Tuned E5,-0.1647665202617645
2,Fine-Tuned E5,0.2655125483870506
2,Fine-Tuned E5,-0.1385267078876495
2,Fine-Tuned E5,0.1963037103414535
2,Fine-Tuned E5,-0.0047686845064163
2,Fine-Tuned E5,-0.0831814110279083
2,Fine-Tuned E5,0.1759730577468872
2,Fine-Tuned E5,-0.0548473298549652
2,Fine-Tuned E5,0.185185894370079
2,Fine-Tuned E5,0.388355404138565
2,Fine-Tuned E5,0.1725543737411499
2,Fine-Tuned E5,0.0841730535030365
2,Fine-Tuned E5,-0.0183598399162292
2,Fine-Tuned E5,-0.1186069995164871
2,Fine-Tuned E5,0.153773084282875
2,Fine-Tuned E5,-0.0871778801083564
2,Fine-Tuned E5,0.0001638382673263
2,Fine-Tuned E5,0.349075011909008
2,Fine-Tuned E5,0.1141374632716178
2,Fine-Tuned E5,0.0465965718030929
2,Fine-Tuned E5,0.0173667445778846
2,Fine-Tuned E5,0.358634889125824
2,Fine-Tuned E5,0.2447042912244796
2,Fine-Tuned E5,0.0248663872480392
2,Fine-Tuned E5,0.0212023556232452
2,Fine-Tuned E5,0.4053328111767769
2,Fine-Tuned E5,0.0876271203160286
2,Fine-Tuned E5,0.1130425631999969
2,Fine-Tuned E5,-0.1385796964168548
2,Fine-Tuned E5,0.1496437340974807
2,Fine-Tuned E5,0.041576862335205
2,Fine-Tuned E5,0.2200121283531189
2,Fine-Tuned E5,0.4246923252940178
2,Fine-Tuned E5,-0.0214407444000244
2,Fine-Tuned E5,0.2707317546010017
2,Fine-Tuned E5,-0.0079048871994018
2,Fine-Tuned E5,0.1598546504974365
2,Fine-Tuned E5,0.4229619354009628
2,Fine-Tuned E5,0.067083865404129
2,Fine-Tuned E5,0.1722028851509094
2,Fine-Tuned E5,-0.2176757901906967
2,Fine-Tuned E5,0.5992302857339382
2,Fine-Tuned E5,0.1305840015411377
2,Fine-Tuned E5,-0.0690804123878479
2,Fine-Tuned E5,-0.0348527431488037
2,Fine-Tuned E5,0.1520562171936035
2,Fine-Tuned E5,0.0984630733728408
2,Fine-Tuned E5,0.2019657641649246
2,Fine-Tuned E5,0.3014352992177009
2,Fine-Tuned E5,0.5917217526584864
2,Fine-Tuned E5,0.5221426412463188
2,Fine-Tuned E5,0.3411365747451782
2,Fine-Tuned E5,0.4321899581700563
2,Fine-Tuned E5,0.1677712500095367
2,Fine-Tuned E5,0.1849726438522339
2,Fine-Tuned E5,0.1256826817989349
2,Fine-Tuned E5,0.4412713274359703
2,Fine-Tuned E5,0.677843488752842
2,Fine-Tuned E5,0.584899827837944
2,Fine-Tuned E5,0.0053427815437316
2,Fine-Tuned E5,0.5013988967984915
2,Fine-Tuned E5,0.5027181059122086
2,Fine-Tuned E5,0.3732917457818985
2,Fine-Tuned E5,0.1481750905513763
2,Fine-Tuned E5,0.1653207838535308
2,Fine-Tuned E5,0.5455560241825879
2,Fine-Tuned E5,0.4714428186416626
2,Fine-Tuned E5,0.2034207582473755
2,Fine-Tuned E5,0.4805665910243988
2,Fine-Tuned E5,0.6432584151625633
2,Fine-Tuned E5,0.1015767455101013
2,Fine-Tuned E5,0.365436777472496
2,Fine-Tuned E5,0.1731582731008529
2,Fine-Tuned E5,0.238631784915924
2,Fine-Tuned E5,0.1291705965995788
2,Fine-Tuned E5,0.3949382603168487
2,Fine-Tuned E5,0.1359338015317917
2,Fine-Tuned E5,0.3381063938140869
2,Fine-Tuned E5,-0.0629081577062606
2,Fine-Tuned E5,0.2212463468313217
2,Fine-Tuned E5,0.2233646512031555
2,Fine-Tuned E5,0.1877664625644683
2,Fine-Tuned E5,0.057211697101593
2,Fine-Tuned E5,0.0487096756696701
2,Fine-Tuned E5,0.2160230726003646
2,Fine-Tuned E5,0.5845363046973944
2,Fine-Tuned E5,0.0695783495903015
2,Fine-Tuned E5,0.3447125852108001
2,Fine-Tuned E5,0.4755087569355964
2,Fine-Tuned E5,0.1390886157751083
2,Fine-Tuned E5,0.1664474308490753
2,Fine-Tuned E5,0.2273050546646118
2,Fine-Tuned E5,0.3477391749620437
2,Fine-Tuned E5,0.5603926479816437
2,Fine-Tuned E5,0.1021886840462684
2,Fine-Tuned E5,0.5101248770952225
2,Fine-Tuned E5,-0.0898199677467346
2,Fine-Tuned E5,-0.0266870260238647
2,Fine-Tuned E5,0.1843766644597053
2,Fine-Tuned E5,0.1204446703195571
2,Fine-Tuned E5,0.1866735070943832
2,Fine-Tuned E5,0.2719464898109436
2,Fine-Tuned E5,0.4972802232950926
2,Fine-Tuned E5,0.1552984416484832
2,Fine-Tuned E5,0.3007702678442001
2,Fine-Tuned E5,0.0388809740543365
2,Fine-Tuned E5,-0.0169897228479385
2,Fine-Tuned E5,0.1565712243318557
2,Fine-Tuned E5,0.4293649196624756
2,Fine-Tuned E5,0.3099301755428314
2,Fine-Tuned E5,0.4949814900755882
2,Fine-Tuned E5,0.2015300393104553
2,Fine-Tuned E5,0.4887845143675804
2,Fine-Tuned E5,0.3381807953119278
2,Fine-Tuned E5,0.0915990769863128
2,Fine-Tuned E5,0.2939948141574859
2,Fine-Tuned E5,0.0559440851211547
2,Fine-Tuned E5,0.5295248553156853
2,Fine-Tuned E5,0.1181030571460723
2,Fine-Tuned E5,0.0834457278251648
2,Fine-Tuned E5,0.1833884716033935
2,Fine-Tuned E5,0.3089388012886047
2,Fine-Tuned E5,0.2231267988681793
2,Fine-Tuned E5,0.4488772004842758
2,Fine-Tuned E5,0.7692026868462563
2,Fine-Tuned E5,0.4087032526731491
2,Fine-Tuned E5,0.1907052397727966
2,Fine-Tuned E5,0.2967613413929939
2,Fine-Tuned E5,0.5222888104617596
2,Fine-Tuned E5,0.1987586021423339
2,Fine-Tuned E5,0.1388715058565139
2,Fine-Tuned E5,0.0633693933486938
2,Fine-Tuned E5,0.2485049143433571
2,Fine-Tuned E5,0.2416169494390487
2,Fine-Tuned E5,0.2699419185519218
2,Fine-Tuned E5,0.1057099252939224
2,Fine-Tuned E5,0.2425794079899788
2,Fine-Tuned E5,0.4891280680894851
2,Fine-Tuned E5,0.3310223817825317
2,Fine-Tuned E5,0.4210613518953323
2,Fine-Tuned E5,0.1956167370080948
2,Fine-Tuned E5,0.3061566352844238
2,Fine-Tuned E5,0.2655575089156627
2,Fine-Tuned E5,0.3123373538255691
2,Fine-Tuned E5,0.2574528157711029
2,Fine-Tuned E5,0.1370800137519836
2,Fine-Tuned E5,0.1991938054561615
2,Fine-Tuned E5,0.0147809982299804
2,Fine-Tuned E5,0.0361684262752532
2,Fine-Tuned E5,0.3906405866146087
2,Fine-Tuned E5,0.287527248263359
2,Fine-Tuned E5,0.3218680769205093
2,Fine-Tuned E5,0.2900200337171554
2,Fine-Tuned E5,0.2803389728069305
2,Fine-Tuned E5,-0.1881205439567566
2,Fine-Tuned E5,0.1552299261093139
2,Fine-Tuned E5,0.1962253898382187
2,Fine-Tuned E5,0.1611002385616302
2,Fine-Tuned E5,0.2427460551261901
2,Fine-Tuned E5,0.4384651035070419
2,Fine-Tuned E5,0.2369543388485908
2,Fine-Tuned E5,0.4537064284086227
2,Fine-Tuned E5,0.2984906584024429
2,Fine-Tuned E5,0.2659869492053985
2,Fine-Tuned E5,0.1774323880672454
2,Fine-Tuned E5,0.3851042687892914
2,Fine-Tuned E5,0.1834732890129089
2,Fine-Tuned E5,0.2627639770507812
2,Fine-Tuned E5,0.4621227998286485
2,Fine-Tuned E5,-0.0181509852409362
2,Fine-Tuned E5,0.3481584787368774
2,Fine-Tuned E5,0.2592627704143524
2,Fine-Tuned E5,0.4620964005589485
2,Fine-Tuned E5,0.1583253443241119
2,Fine-Tuned E5,0.3130175396800041
2,Fine-Tuned E5,-0.0019393563270568
2,Fine-Tuned E5,0.5049593895673752
2,Fine-Tuned E5,0.2413705214858055
2,Fine-Tuned E5,0.3798860684037208
2,Fine-Tuned E5,0.1175159960985183
2,Fine-Tuned E5,0.4011396020650863
2,Fine-Tuned E5,0.5962017476558685
2,Fine-Tuned E5,0.1224217116832733
2,Fine-Tuned E5,0.1972576081752777
2,Fine-Tuned E5,-0.0039526522159576
2,Fine-Tuned E5,0.6094000488519669
2,Fine-Tuned E5,0.1621463298797607
2,Fine-Tuned E5,0.3449063301086426
2,Fine-Tuned E5,0.2907071113586426
2,Fine-Tuned E5,0.3224393725395202
2,Fine-Tuned E5,-0.0342979729175567
2,Fine-Tuned E5,0.536253958940506
2,Fine-Tuned E5,0.5508790090680122
2,Fine-Tuned E5,0.0918841958045959
2,Fine-Tuned E5,0.4474496096372604
2,Fine-Tuned E5,0.2668420672416687
2,Fine-Tuned E5,0.374636746942997
2,Fine-Tuned E5,0.3483519703149795
2,Fine-Tuned E5,0.1991445124149322
2,Fine-Tuned E5,0.3297413289546966
2,Fine-Tuned E5,0.1186453104019165
2,Fine-Tuned E5,0.4810153171420097
2,Fine-Tuned E5,0.2229637503623962
2,Fine-Tuned E5,0.2315898537635803
2,Fine-Tuned E5,0.3683014214038849
2,Fine-Tuned E5,0.5232962220907211
2,Fine-Tuned E5,0.3651060461997986
2,Fine-Tuned E5,0.314238578081131
2,Fine-Tuned E5,0.2823209837079048
2,Fine-Tuned E5,0.1966135203838348
2,Fine-Tuned E5,0.1367119550704956
2,Fine-Tuned E5,0.0991585850715637
2,Fine-Tuned E5,0.1706349849700927
2,Fine-Tuned E5,0.0858893692493438
2,Fine-Tuned E5,0.1590728424489498
2,Fine-Tuned E5,0.1284844577312469
2,Fine-Tuned E5,0.2226114757359028
2,Fine-Tuned E5,0.3581823408603668
2,Fine-Tuned E5,0.5335288643836975
2,Fine-Tuned E5,0.2749275863170624
2,Fine-Tuned E5,0.6666309684514999
2,Fine-Tuned E5,0.3148366212844848
2,Fine-Tuned E5,0.1470492780208587
2,Fine-Tuned E5,0.3396629840135574
2,Fine-Tuned E5,0.3744282349944114
2,Fine-Tuned E5,0.386364221572876
2,Fine-Tuned E5,0.1402559578418731
2,Fine-Tuned E5,0.3372353017330169
2,Fine-Tuned E5,-0.061983585357666
2,Fine-Tuned E5,0.54789999127388
2,Fine-Tuned E5,0.0131694823503494
2,Fine-Tuned E5,0.334362730383873
2,Fine-Tuned E5,0.538420669734478
2,Fine-Tuned E5,0.406476691365242
2,Fine-Tuned E5,0.3069887980818748
2,Fine-Tuned E5,0.2574204057455063
2,Fine-Tuned E5,0.3872934393584728
2,Fine-Tuned E5,0.4289204813539982
2,Fine-Tuned E5,0.6449833624064922
2,Fine-Tuned E5,0.1559537053108215
2,Fine-Tuned E5,0.3532682657241821
2,Fine-Tuned E5,0.1569868475198745
2,Fine-Tuned E5,0.376359773799777
2,Fine-Tuned E5,0.0763493776321411
2,Fine-Tuned E5,0.2517363801598549
2,Fine-Tuned E5,0.3892273530364036
2,Fine-Tuned E5,0.0436316281557083
2,Fine-Tuned E5,0.2436658293008804
2,Fine-Tuned E5,0.16554856300354
2,Fine-Tuned E5,0.0755599290132522
2,Fine-Tuned E5,0.0503623038530349
2,Fine-Tuned E5,0.2239707335829734
2,Fine-Tuned E5,0.1525549506768584
2,Fine-Tuned E5,0.2194519340991974
2,Fine-Tuned E5,0.5161429867148399
2,Fine-Tuned E5,-0.0595460385084152
2,Fine-Tuned E5,0.2817502021789551
2,Fine-Tuned E5,0.6067710667848587
2,Fine-Tuned E5,0.4861995875835418
2,Fine-Tuned E5,0.5454176440834999
2,Fine-Tuned E5,0.6088054105639458
2,Fine-Tuned E5,0.3149710649158805
2,Fine-Tuned E5,0.20467609167099
2,Fine-Tuned E5,0.6374626979231834
2,Fine-Tuned E5,0.3065731525421142
2,Fine-Tuned E5,0.2158773690462112
2,Fine-Tuned E5,0.2132679522037506
2,Fine-Tuned E5,-0.0655438005924224
2,Fine-Tuned E5,0.3800766579806804
2,Fine-Tuned E5,0.4292645752429962
2,Fine-Tuned E5,0.0661666989326477
2,Fine-Tuned E5,0.2483301311731338
2,Fine-Tuned E5,0.0420779734849929
2,Fine-Tuned E5,0.2442482411861419
2,Fine-Tuned E5,0.1801052689552307
2,Fine-Tuned E5,-0.0760558247566223
2,Fine-Tuned E5,0.1483362093567848
2,Fine-Tuned E5,0.4964130781590938
2,Fine-Tuned E5,0.254111647605896
2,Fine-Tuned E5,0.131905123591423
2,Fine-Tuned E5,0.2338684424757957
2,Fine-Tuned E5,0.1137458384037017
2,Fine-Tuned E5,0.1447491645812988
2,Fine-Tuned E5,0.0801164805889129
2,Fine-Tuned E5,0.4693748019635677
2,Fine-Tuned E5,0.4111726060509681
2,Fine-Tuned E5,0.0586801469326019
2,Fine-Tuned E5,0.1152036488056182
2,Fine-Tuned E5,0.2443143352866172
2,Fine-Tuned E5,0.4181903153657913
2,Fine-Tuned E5,0.1960102319717407
2,Fine-Tuned E5,0.2752124369144439
2,Fine-Tuned E5,-0.1896320879459381
2,Fine-Tuned E5,0.201268196105957
2,Fine-Tuned E5,0.2359338700771331
2,Fine-Tuned E5,0.2136629819869995
2,Fine-Tuned E5,0.3953815996646881
2,Fine-Tuned E5,0.3881630450487137
2,Fine-Tuned E5,0.2133983671665191
2,Fine-Tuned E5,0.5126225426793098
2,Fine-Tuned E5,0.3648221343755722
2,Fine-Tuned E5,0.6354536935687065
2,Fine-Tuned E5,0.694472074508667
2,Fine-Tuned E5,0.1710297465324401
2,Fine-Tuned E5,0.2594121396541595
2,Fine-Tuned E5,0.2085154056549072
2,Fine-Tuned E5,0.3751932084560394
2,Fine-Tuned E5,0.4813404753804207
2,Fine-Tuned E5,0.3680494986474514
2,Fine-Tuned E5,0.2604489028453827
2,Fine-Tuned E5,0.4892034158110618
2,Fine-Tuned E5,0.3811783343553543
2,Fine-Tuned E5,0.2586351037025451
2,Fine-Tuned E5,0.3335072100162506
2,Fine-Tuned E5,0.1725120544433593
2,Fine-Tuned E5,0.0467652678489685
2,Fine-Tuned E5,0.4307590872049331
2,Fine-Tuned E5,0.0254082679748535
2,Fine-Tuned E5,0.4942790381610393
2,Fine-Tuned E5,0.5224746875464916
2,Fine-Tuned E5,0.1450740098953247
2,Fine-Tuned E5,0.6170820370316505
2,Fine-Tuned E5,0.5514561869204044
2,Fine-Tuned E5,0.3535367920994758
2,Fine-Tuned E5,0.2273602485656738
2,Fine-Tuned E5,0.2889102101325989
2,Fine-Tuned E5,-0.1368861198425293
2,Fine-Tuned E5,0.0148684978485107
2,Fine-Tuned E5,0.2148962020874023
2,Fine-Tuned E5,0.3475004136562347
2,Fine-Tuned E5,0.3646482527256012
2,Fine-Tuned E5,0.4843973666429519
2,Fine-Tuned E5,0.4171701669692993
2,Fine-Tuned E5,0.4555894285440445
2,Fine-Tuned E5,0.3189805746078491
2,Fine-Tuned E5,0.326877161860466
2,Fine-Tuned E5,0.2648646980524063
2,Fine-Tuned E5,0.4648602437227964
2,Fine-Tuned E5,0.1846610009670257
2,Fine-Tuned E5,0.1326000392436981
2,Fine-Tuned E5,0.5785385370254517
2,Fine-Tuned E5,0.4573920480906963
2,Fine-Tuned E5,0.0161621272563934
2,Fine-Tuned E5,0.25273497402668
2,Fine-Tuned E5,0.4324274808168411
2,Fine-Tuned E5,-0.0200828313827514
2,Fine-Tuned E5,0.3320512298960238
2,Fine-Tuned E5,0.5646934397518635
2,Fine-Tuned E5,-0.1297972202301025
2,Fine-Tuned E5,0.1509665548801422
2,Fine-Tuned E5,-0.1463464498519897
2,Fine-Tuned E5,0.1629776954650879
2,Fine-Tuned E5,0.1522769965231418
2,Fine-Tuned E5,0.2721402943134308
2,Fine-Tuned E5,0.4048634357750416
2,Fine-Tuned E5,-0.0565693378448486
2,Fine-Tuned E5,0.3567506242543459
2,Fine-Tuned E5,0.4185401871800422
2,Fine-Tuned E5,0.1460424363613128
2,Fine-Tuned E5,0.2330320328474044
2,Fine-Tuned E5,0.2300441041588783
2,Fine-Tuned E5,0.4134914651513099
2,Fine-Tuned E5,0.4862256795167923
2,Fine-Tuned E5,0.4379246830940246
2,Fine-Tuned E5,0.2081091105937957
2,Fine-Tuned E5,-0.0144229531288146
2,Fine-Tuned E5,-0.0932644605636596
2,Fine-Tuned E5,-0.1081409156322479
2,Fine-Tuned E5,0.1049270033836364
2,Fine-Tuned E5,-0.0405614674091339
2,Fine-Tuned E5,0.5512048825621605
2,Fine-Tuned E5,-0.0257663130760192
2,Fine-Tuned E5,0.2970978021621704
2,Fine-Tuned E5,0.2808917313814163
2,Fine-Tuned E5,0.0446855574846267
2,Fine-Tuned E5,0.095067411661148
2,Fine-Tuned E5,0.2287666201591491
2,Fine-Tuned E5,0.3816853333264589
2,Fine-Tuned E5,-0.0524610430002212
2,Fine-Tuned E5,0.0960421711206436
2,Fine-Tuned E5,-0.0806682109832763
2,Fine-Tuned E5,0.1491309702396392
2,Fine-Tuned E5,0.0796585232019424
2,Fine-Tuned E5,0.44889035820961
2,Fine-Tuned E5,0.2405889183282852
2,Fine-Tuned E5,0.2080598175525665
2,Fine-Tuned E5,0.3935138136148453
2,Fine-Tuned E5,0.3245712220668793
2,Fine-Tuned E5,0.3627506233751774
2,Fine-Tuned E5,0.3412808887660503
2,Fine-Tuned E5,0.1822772547602653
2,Fine-Tuned E5,0.2635711282491684
2,Fine-Tuned E5,0.0183514952659606
2,Fine-Tuned E5,0.4663610160350799
2,Fine-Tuned E5,0.4634193181991577
2,Fine-Tuned E5,0.1913507878780365
2,Fine-Tuned E5,0.4989819973707199
2,Fine-Tuned E5,0.3716371767222881
2,Fine-Tuned E5,0.2441264241933822
2,Fine-Tuned E5,0.2549996078014374
2,Fine-Tuned E5,0.2886321395635605
2,Fine-Tuned E5,-0.1320004761219024
2,Fine-Tuned E5,0.251703679561615
2,Fine-Tuned E5,0.2829679921269417
2,Fine-Tuned E5,0.255540519952774
2,Fine-Tuned E5,0.2047268599271774
2,Fine-Tuned E5,0.3607556000351906
2,Fine-Tuned E5,0.3315239995718002
2,Fine-Tuned E5,0.4925737082958221
2,Fine-Tuned E5,0.0838136374950409
2,Fine-Tuned E5,0.4138106778264045
2,Fine-Tuned E5,0.1838071942329406
2,Fine-Tuned E5,-0.0209741294384002
2,Fine-Tuned E5,0.2602461650967598
2,Fine-Tuned E5,0.3458301275968551
2,Fine-Tuned E5,0.0401600301265716
2,Fine-Tuned E5,-0.0114124864339828
2,Fine-Tuned E5,0.5823363736271858
2,Fine-Tuned E5,0.0352398157119751
2,Fine-Tuned E5,-0.1666836440563202
2,Fine-Tuned E5,0.0948959589004516
2,Fine-Tuned E5,0.190032958984375
2,Fine-Tuned E5,0.3865040577948093
2,Fine-Tuned E5,-0.0082623958587646
2,Fine-Tuned E5,0.2403301298618316
2,Fine-Tuned E5,0.0229784250259399
2,Fine-Tuned E5,0.3352050706744194
2,Fine-Tuned E5,0.4409955441951751
2,Fine-Tuned E5,0.386601835489273
2,Fine-Tuned E5,0.6774498820304871
2,Fine-Tuned E5,0.4323479069862515
2,Fine-Tuned E5,0.0967096090316772
2,Fine-Tuned E5,0.3127055764198303
2,Fine-Tuned E5,0.3088572397828102
2,Fine-Tuned E5,0.3641044907271862
2,Fine-Tuned E5,0.3487258926033973
2,Fine-Tuned E5,0.4466533958911896
2,Fine-Tuned E5,0.5032661110162735
2,Fine-Tuned E5,0.0329998880624771
2,Fine-Tuned E5,0.2586863040924072
2,Fine-Tuned E5,0.004568338394165
2,Fine-Tuned E5,0.231490209698677
2,Fine-Tuned E5,0.36844800459221
2,Fine-Tuned E5,0.1026090681552887
2,Fine-Tuned E5,0.2348168641328811
2,Fine-Tuned E5,0.5858712568879128
2,Fine-Tuned E5,-0.0457629859447479
2,Fine-Tuned E5,0.0824629068374633
2,Fine-Tuned E5,0.4846752509474754
2,Fine-Tuned E5,0.3630449920892715
2,Fine-Tuned E5,0.1865693628787994
2,Fine-Tuned E5,0.3588577776681632
2,Fine-Tuned E5,0.4361521769315004
2,Fine-Tuned E5,0.4233832955360412
2,Fine-Tuned E5,0.2966608852148056
2,Fine-Tuned E5,0.5007562935352325
2,Fine-Tuned E5,0.5410455539822578
2,Fine-Tuned E5,0.3657818306237459
2,Fine-Tuned E5,0.2847147546708584
2,Fine-Tuned E5,0.1890937387943267
2,Fine-Tuned E5,0.5159410833730362
2,Fine-Tuned E5,0.4031684398651123
2,Fine-Tuned E5,0.1873137950897216
2,Fine-Tuned E5,0.2468555718660354
2,Fine-Tuned E5,0.1263225376605987
2,Fine-Tuned E5,-0.0400415658950805
2,Fine-Tuned E5,0.2883026003837585
2,Fine-Tuned E5,0.147477388381958
2,Fine-Tuned E5,-0.0392282903194427
2,Fine-Tuned E5,0.3934099674224853
2,Fine-Tuned E5,0.208274558186531
2,Fine-Tuned E5,0.4418831020593643
2,Fine-Tuned E5,0.2427368611097335
3,Base E5,-0.0219027400016784
3,Base E5,-0.0155766606330871
3,Base E5,-0.0084289908409118
3,Base E5,-0.0443997383117675
3,Base E5,0.0293505191802978
3,Base E5,-0.0017609000205993
3,Base E5,0.0330890417098999
3,Base E5,0.0282322764396667
3,Base E5,0.0379923582077026
3,Base E5,0.0179522633552551
3,Base E5,0.0198451280593872
3,Base E5,0.0080847740173339
3,Base E5,0.0589164495468139
3,Base E5,0.0493437051773071
3,Base E5,0.0253640413284301
3,Base E5,0.0011886954307556
3,Base E5,0.000883936882019
3,Base E5,-0.0108537673950195
3,Base E5,0.0251237750053405
3,Base E5,0.0571571588516235
3,Base E5,0.0486354827880859
3,Base E5,0.0392133593559265
3,Base E5,0.0046361684799194
3,Base E5,0.0528183579444885
3,Base E5,0.0175235271453857
3,Base E5,0.0128580927848815
3,Base E5,0.0082840323448181
3,Base E5,0.022262156009674
3,Base E5,0.0307055711746215
3,Base E5,0.032877504825592
3,Base E5,0.0265308022499084
3,Base E5,0.0021798610687255
3,Base E5,0.0385707020759582
3,Base E5,-0.0167124271392822
3,Base E5,-0.0013017654418945
3,Base E5,0.0459940433502197
3,Base E5,0.0419675707817077
3,Base E5,0.0070402026176452
3,Base E5,0.0236673355102539
3,Base E5,0.0067150592803955
3,Base E5,-0.0014454126358032
3,Base E5,0.0001387596130371
3,Base E5,-0.0015422701835632
3,Base E5,0.0024618506431579
3,Base E5,0.0087172985076904
3,Base E5,-0.0052396059036254
3,Base E5,-0.018136441707611
3,Base E5,0.0004924535751342
3,Base E5,0.0084452033042907
3,Base E5,-0.0299044847488403
3,Base E5,-0.0260458588600158
3,Base E5,-0.0131312012672424
3,Base E5,0.01591157913208
3,Base E5,-0.0119926929473876
3,Base E5,0.0007807612419128
3,Base E5,0.0064762830734252
3,Base E5,0.0126080513000488
3,Base E5,-0.0241925120353698
3,Base E5,0.0079748630523681
3,Base E5,-0.0022640228271484
3,Base E5,0.0094395875930786
3,Base E5,0.0023669600486755
3,Base E5,0.008628487586975
3,Base E5,-0.0536360144615173
3,Base E5,-0.0007739067077636
3,Base E5,0.0018268823623657
3,Base E5,0.0338196754455566
3,Base E5,0.0276999473571777
3,Base E5,0.0597262978553772
3,Base E5,-0.091072142124176
3,Base E5,-0.0408234000205993
3,Base E5,-0.0565136075019836
3,Base E5,0.0004806518554687
3,Base E5,-0.0009816288948059
3,Base E5,-0.0449384450912475
3,Base E5,-0.0538145303726196
3,Base E5,-0.0160963535308837
3,Base E5,-0.0367788076400756
3,Base E5,-0.0099871754646301
3,Base E5,-0.0411309599876403
3,Base E5,-0.0019264221191406
3,Base E5,-0.0351491570472717
3,Base E5,0.0271650552749633
3,Base E5,-0.0004612207412719
3,Base E5,-0.0510758757591247
3,Base E5,-0.0468446016311645
3,Base E5,-0.0377329587936401
3,Base E5,-0.0348991155624389
3,Base E5,-0.0612006783485412
3,Base E5,-0.0344675183296203
3,Base E5,-0.0413072109222412
3,Base E5,-0.0603271722793579
3,Base E5,-0.071345031261444
3,Base E5,-0.0458222031593322
3,Base E5,0.0339457392692565
3,Base E5,-0.0102041959762573
3,Base E5,-0.0207012295722961
3,Base E5,-0.028446614742279
3,Base E5,-0.0324504375457763
3,Base E5,-0.032484233379364
3,Base E5,-0.0804870128631591
3,Base E5,-0.0684382915496826
3,Base E5,-0.0128548741340637
3,Base E5,-0.0736594200134277
3,Base E5,0.0112855434417724
3,Base E5,-0.0346031785011291
3,Base E5,-0.001488983631134
3,Base E5,-0.0367393493652343
3,Base E5,-0.005505084991455
3,Base E5,-0.0425549745559692
3,Base E5,0.01421320438385
3,Base E5,-0.0898059606552124
3,Base E5,0.0204615592956542
3,Base E5,0.021229863166809
3,Base E5,-0.0218504667282104
3,Base E5,0.0434768199920654
3,Base E5,0.0290440320968627
3,Base E5,-0.0473155975341796
3,Base E5,0.013403832912445
3,Base E5,-0.0039615035057067
3,Base E5,0.020515501499176
3,Base E5,-0.0159867405891418
3,Base E5,0.0018344521522521
3,Base E5,-0.0182234048843383
3,Base E5,0.0683680176734924
3,Base E5,0.0616890788078308
3,Base E5,0.0431270003318786
3,Base E5,0.0704743862152099
3,Base E5,0.0194568037986755
3,Base E5,0.026196539402008
3,Base E5,0.0266473889350891
3,Base E5,0.0694670677185058
3,Base E5,-0.0084018111228942
3,Base E5,-0.0253716707229614
3,Base E5,-0.0358514189720153
3,Base E5,-0.0298212766647338
3,Base E5,0.0298556685447692
3,Base E5,0.0533000230789184
3,Base E5,0.0886735320091247
3,Base E5,0.0419356226921081
3,Base E5,-0.0128944516181945
3,Base E5,0.0103245973587036
3,Base E5,-0.0043861269950866
3,Base E5,-0.0045671463012695
3,Base E5,-0.0011104941368103
3,Base E5,-0.018955111503601
3,Base E5,0.0186920762062072
3,Base E5,-0.0053169727325439
3,Base E5,0.0153359174728393
3,Base E5,0.0095785856246948
3,Base E5,0.0196488499641418
3,Base E5,0.0041533708572387
3,Base E5,-0.050123393535614
3,Base E5,-0.0031490921974182
3,Base E5,0.0326894521713256
3,Base E5,-0.055412471294403
3,Base E5,-0.0063522458076477
3,Base E5,0.0220111608505249
3,Base E5,-0.0066755414009094
3,Base E5,0.0188265442848205
3,Base E5,0.0417708158493042
3,Base E5,0.0195143222808837
3,Base E5,0.0449280738830566
3,Base E5,0.0373309254646301
3,Base E5,-0.0066460371017456
3,Base E5,0.0170612335205078
3,Base E5,-0.0015227198600769
3,Base E5,-0.0015926361083984
3,Base E5,-0.0137734413146972
3,Base E5,0.012760579586029
3,Base E5,-0.0186910033226013
3,Base E5,-0.0128707885742187
3,Base E5,-0.0163626074790954
3,Base E5,-0.0296968817710876
3,Base E5,-0.0017758607864379
3,Base E5,-0.0220268964767456
3,Base E5,0.0539838075637817
3,Base E5,0.0590177178382873
3,Base E5,0.0170403718948364
3,Base E5,0.0426680445671081
3,Base E5,-0.037391722202301
3,Base E5,-0.0004767179489135
3,Base E5,0.0154346823692321
3,Base E5,-0.0219258666038513
3,Base E5,0.0402672886848449
3,Base E5,0.0177579522132873
3,Base E5,-0.0189603567123413
3,Base E5,0.0020691156387329
3,Base E5,0.0176581740379333
3,Base E5,0.0075087547302246
3,Base E5,0.0124472975730896
3,Base E5,0.0023356080055236
3,Base E5,0.0495170950889587
3,Base E5,0.0230166912078857
3,Base E5,0.0193750858306884
3,Base E5,0.0009439587593078
3,Base E5,0.0290411114692688
3,Base E5,-0.0010867118835449
3,Base E5,0.0062958002090454
3,Base E5,0.0142736434936523
3,Base E5,0.0630677938461303
3,Base E5,0.0424637794494628
3,Base E5,-0.0200188755989074
3,Base E5,0.0122202634811401
3,Base E5,0.050331175327301
3,Base E5,0.0191910862922668
3,Base E5,0.0235031843185424
3,Base E5,0.0603054761886596
3,Base E5,-0.005599021911621
3,Base E5,-0.024001121520996
3,Base E5,-0.0028626322746276
3,Base E5,-0.0035572052001953
3,Base E5,0.0802284479141235
3,Base E5,0.0555174350738525
3,Base E5,0.0587809085845947
3,Base E5,0.059702455997467
3,Base E5,-0.0085809230804443
3,Base E5,0.0554814338684082
3,Base E5,0.0343012809753418
3,Base E5,0.0148602128028869
3,Base E5,0.037560224533081
3,Base E5,-0.012394905090332
3,Base E5,-0.0005397796630859
3,Base E5,-0.0035261511802673
3,Base E5,0.0408974289894104
3,Base E5,0.0410047173500061
3,Base E5,0.0507336258888244
3,Base E5,0.0593993067741394
3,Base E5,-0.0093092322349548
3,Base E5,-0.0243884325027465
3,Base E5,0.0076621770858764
3,Base E5,-0.0250775814056396
3,Base E5,-0.0202095508575439
3,Base E5,-0.0223474502563476
3,Base E5,0.0432034730911254
3,Base E5,-0.0343626737594604
3,Base E5,-0.02045339345932
3,Base E5,0.0017668604850769
3,Base E5,-0.0169805288314819
3,Base E5,-0.031926155090332
3,Base E5,0.0575705170631408
3,Base E5,0.0624266266822814
3,Base E5,0.0098481774330139
3,Base E5,0.0702244043350219
3,Base E5,-0.0015603899955749
3,Base E5,-0.0017844438552856
3,Base E5,0.0002568364143371
3,Base E5,-0.0258421301841735
3,Base E5,0.0516601800918579
3,Base E5,-0.01858651638031
3,Base E5,0.0116869211196899
3,Base E5,-0.0415759682655334
3,Base E5,0.0302808880805969
3,Base E5,-0.0235169529914855
3,Base E5,-0.0136670470237731
3,Base E5,-0.0343009829521179
3,Base E5,-0.0042640566825866
3,Base E5,0.009125530719757
3,Base E5,0.0111944675445556
3,Base E5,0.003497302532196
3,Base E5,-0.000546395778656
3,Base E5,0.0072432160377502
3,Base E5,0.0310035943984985
3,Base E5,0.0203562378883361
3,Base E5,0.0225706696510314
3,Base E5,0.0466804504394531
3,Base E5,0.0489104390144348
3,Base E5,0.0122143626213073
3,Base E5,0.0005562305450439
3,Base E5,0.0320395827293396
3,Base E5,0.0309275984764099
3,Base E5,0.0377358794212341
3,Base E5,-0.0113551616668701
3,Base E5,0.0123019814491271
3,Base E5,0.0561857819557189
3,Base E5,0.0189837217330932
3,Base E5,0.0479379296302795
3,Base E5,0.0172040462493896
3,Base E5,-0.0079090595245361
3,Base E5,0.0229970216751098
3,Base E5,-0.0002034306526184
3,Base E5,0.0353753566741943
3,Base E5,-0.0152264833450317
3,Base E5,0.0144768357276916
3,Base E5,0.0387530326843261
3,Base E5,0.020264983177185
3,Base E5,0.0093320608139038
3,Base E5,0.022374153137207
3,Base E5,0.0330092906951904
3,Base E5,0.0188298225402832
3,Base E5,-0.0189117789268493
3,Base E5,0.0391086339950561
3,Base E5,0.0046433210372924
3,Base E5,0.0156517028808593
3,Base E5,0.0379761457443237
3,Base E5,0.0093547105789184
3,Base E5,0.0268784165382385
3,Base E5,-0.0124745965003967
3,Base E5,0.0063323974609375
3,Base E5,-0.0086880922317504
3,Base E5,-0.0165272951126098
3,Base E5,0.011223018169403
3,Base E5,0.0278400778770446
3,Base E5,0.0001729130744934
3,Base E5,0.025888979434967
3,Base E5,-0.0121270418167114
3,Base E5,0.0359604954719543
3,Base E5,-0.0055363774299621
3,Base E5,0.0735127925872802
3,Base E5,0.0170366764068603
3,Base E5,0.0183333754539489
3,Base E5,-0.0082970857620239
3,Base E5,0.0991274714469909
3,Base E5,0.0366965532302856
3,Base E5,0.0577378869056701
3,Base E5,-0.0063044428825378
3,Base E5,-0.028496503829956
3,Base E5,0.0185727477073669
3,Base E5,0.0011177659034729
3,Base E5,-0.0020594596862792
3,Base E5,0.0324503779411315
3,Base E5,-0.0253298282623291
3,Base E5,-0.0352643132209777
3,Base E5,0.0013878941535949
3,Base E5,0.0193710923194885
3,Base E5,0.0150032043457031
3,Base E5,0.0190147161483764
3,Base E5,0.0106428265571594
3,Base E5,-0.0016653537750244
3,Base E5,-0.0235966444015502
3,Base E5,0.0129684805870056
3,Base E5,-0.0160814523696899
3,Base E5,-0.0022276043891906
3,Base E5,-0.0054467320442199
3,Base E5,-0.0155401825904846
3,Base E5,0.0787180066108703
3,Base E5,-0.0140835046768188
3,Base E5,0.0505973696708679
3,Base E5,0.0100257992744445
3,Base E5,0.0319322347640991
3,Base E5,0.0584920644760131
3,Base E5,0.0688848495483398
3,Base E5,-0.0015485882759094
3,Base E5,0.0714894533157348
3,Base E5,0.0666351914405822
3,Base E5,0.053205668926239
3,Base E5,0.0064318180084228
3,Base E5,0.0497825145721435
3,Base E5,0.0051165223121643
3,Base E5,0.0177260041236877
3,Base E5,0.071218192577362
3,Base E5,0.0251625776290893
3,Base E5,0.0639178156852722
3,Base E5,0.0330293774604797
3,Base E5,0.0778849720954895
3,Base E5,0.0443640947341918
3,Base E5,0.0227321982383728
3,Base E5,0.0400648117065429
3,Base E5,0.015673279762268
3,Base E5,-0.0105096101760864
3,Base E5,0.0315514206886291
3,Base E5,0.0194215774536132
3,Base E5,0.004459798336029
3,Base E5,-0.0083261132240295
3,Base E5,0.0396598577499389
3,Base E5,0.0286980867385864
3,Base E5,0.0467499494552612
3,Base E5,0.0089812874794006
3,Base E5,0.0557761788368225
3,Base E5,0.0027835965156555
3,Base E5,-0.011505126953125
3,Base E5,0.0417072772979736
3,Base E5,0.0359019637107849
3,Base E5,-0.0298144817352294
3,Base E5,0.0366703271865844
3,Base E5,-0.0018891096115112
3,Base E5,0.0308684110641479
3,Base E5,-0.0040974020957946
3,Base E5,0.0206546783447265
3,Base E5,0.0077688694000244
3,Base E5,-0.0091005563735961
3,Base E5,0.0075510740280151
3,Base E5,0.0252937078475952
3,Base E5,-0.008020281791687
3,Base E5,0.0283514857292175
3,Base E5,0.007226288318634
3,Base E5,0.0120044946670532
3,Base E5,0.0016987323760986
3,Base E5,-0.0142097473144531
3,Base E5,0.000650942325592
3,Base E5,-0.0152919292449951
3,Base E5,-0.033867061138153
3,Base E5,0.0530252456665039
3,Base E5,0.0219795107841491
3,Base E5,0.0314311981201171
3,Base E5,0.0487324595451355
3,Base E5,0.0045485496520996
3,Base E5,0.0183376669883728
3,Base E5,0.0224812626838684
3,Base E5,0.0204308629035949
3,Base E5,-0.0258160233497619
3,Base E5,0.0124121904373168
3,Base E5,-0.0423578023910522
3,Base E5,-0.0090264081954956
3,Base E5,0.0231407284736633
3,Base E5,0.0194544196128845
3,Base E5,-0.018941044807434
3,Base E5,-0.0029171109199523
3,Base E5,-0.0013381838798522
3,Base E5,0.0179007053375244
3,Base E5,0.0205100774765014
3,Base E5,0.0203956961631774
3,Base E5,0.0076777935028076
3,Base E5,0.0287815332412719
3,Base E5,0.0093885064125061
3,Base E5,0.0565447211265563
3,Base E5,0.0725628137588501
3,Base E5,-0.0014758110046386
3,Base E5,-0.0287883877754211
3,Base E5,0.00640869140625
3,Base E5,0.0637351870536804
3,Base E5,0.0146877765655517
3,Base E5,0.031718909740448
3,Base E5,0.0618816018104553
3,Base E5,0.0158405303955078
3,Base E5,-0.0152590870857238
3,Base E5,0.0061354637145996
3,Base E5,-0.0201379656791687
3,Base E5,-0.0002928376197814
3,Base E5,-0.0198968052864074
3,Base E5,0.0100826025009155
3,Base E5,-0.0251083374023437
3,Base E5,0.0322837233543396
3,Base E5,0.0081806182861328
3,Base E5,0.0004605054855346
3,Base E5,-0.0043023824691772
3,Base E5,0.0024572610855102
3,Base E5,0.005197525024414
3,Base E5,0.0207164287567138
3,Base E5,-0.001965582370758
3,Base E5,0.010275661945343
3,Base E5,-0.0091997981071472
3,Base E5,0.0055292248725891
3,Base E5,0.0205080509185791
3,Base E5,-0.0059342980384826
3,Base E5,0.0138078331947326
3,Base E5,0.0278528332710266
3,Base E5,0.0350784063339233
3,Base E5,0.0199191570281982
3,Base E5,-0.0363099575042724
3,Base E5,-0.0325798392295837
3,Base E5,0.009344458580017
3,Base E5,0.0099657773971557
3,Base E5,-0.0215942859649658
3,Base E5,-0.0424785017967224
3,Base E5,0.022746205329895
3,Base E5,0.0159087181091308
3,Base E5,-0.0331137776374816
3,Base E5,0.0162296891212463
3,Base E5,0.0192769169807434
3,Base E5,0.0046200156211853
3,Base E5,0.0022352337837219
3,Base E5,-0.0207799673080444
3,Base E5,-0.0048520565032958
3,Base E5,-0.0128265023231506
3,Base E5,-0.0040701627731323
3,Base E5,-0.0160719752311706
3,Base E5,-0.0046236515045166
3,Base E5,0.0153135061264038
3,Base E5,-0.0059878826141357
3,Base E5,0.0043776631355285
3,Base E5,-0.0515217185020446
3,Base E5,0.0098606348037719
3,Base E5,0.0204470753669738
3,Base E5,0.0183295011520385
3,Base E5,0.0285403728485107
3,Base E5,0.0399395823478698
3,Base E5,0.0160154104232788
3,Base E5,-0.0388890504837036
3,Base E5,-0.0111913681030273
3,Base E5,0.0004113912582397
3,Base E5,0.0179809927940368
3,Base E5,-0.0019404888153076
3,Base E5,-0.0399231314659118
3,Base E5,0.0519571304321289
3,Base E5,0.0075255632400512
3,Base E5,5.823373794555664e-05
3,Base E5,0.0207082629203796
3,Base E5,0.0142521858215332
3,Base E5,-0.0034507513046264
3,Base E5,-0.0330052375793457
3,Base E5,-0.0383324027061462
3,Base E5,-0.0446794629096984
3,Base E5,-0.0205814838409423
3,Base E5,-0.0319554209709167
3,Base E5,-0.002314805984497
3,Base E5,-0.0027941465377807
3,Base E5,-0.0157864689826965
3,Base E5,0.0114974975585937
3,Base E5,0.0115740299224853
3,Base E5,-0.0008859634399414
3,Base E5,0.0354167222976684
3,Base E5,0.0076102018356323
3,Base E5,-0.0108820796012878
3,Base E5,0.0316736698150634
3,Base E5,0.0033003091812133
3,Base E5,0.0315492153167724
3,Base E5,-0.0007439851760864
3,Base E5,-0.0033808946609497
3,Base E5,-0.0038463473320007
3,Base E5,-0.0218965411186218
3,Base E5,-0.0171765685081481
3,Base E5,0.0158873796463012
3,Base E5,0.0115203261375427
3,Base E5,-0.0013057589530944
3,Base E5,0.0425485372543334
3,Base E5,-0.0019387602806091
3,Base E5,0.0073998570442199
3,Base E5,-0.0013245344161987
3,Base E5,0.0290861129760742
3,Base E5,0.0498122572898864
3,Base E5,0.0601046085357666
3,Base E5,-0.0270527601242065
3,Base E5,-0.0176653265953063
3,Base E5,0.0110008120536804
3,Base E5,0.0416002869606018
3,Base E5,0.0008031725883483
3,Base E5,0.0493561625480651
3,Base E5,0.0072397589683532
3,Base E5,0.0084244012832641
3,Base E5,0.0062814950942993
3,Base E5,-0.0187453627586364
3,Base E5,0.0505914688110351
3,Base E5,0.0142477750778198
3,Base E5,-0.020150601863861
3,Base E5,0.011185348033905
3,Base E5,0.0017856955528259
3,Base E5,0.0477823615074157
3,Base E5,0.0546613335609436
3,Base E5,-0.0232085585594177
3,Base E5,0.0078684091567993
3,Base E5,-0.0014370679855346
3,Base E5,-0.0038021802902221
3,Base E5,0.0004671216011047
3,Base E5,0.061280608177185
3,Base E5,0.0632520318031311
3,Base E5,0.0581421256065368
3,Base E5,0.0323836207389831
3,Base E5,0.0304264426231384
3,Base E5,-0.0058728456497192
3,Base E5,-0.0107120871543884
3,Base E5,0.015294075012207
3,Base E5,0.0036137700080871
3,Base E5,0.0053400993347167
3,Base E5,0.0007438659667968
3,Base E5,-0.0290272831916809
3,Base E5,-0.0086351037025451
3,Base E5,0.0080381631851196
3,Base E5,-0.001070499420166
3,Base E5,-0.0296432971954345
3,Base E5,0.0498141646385192
3,Base E5,-0.0203453302383422
3,Base E5,-0.0065827965736389
3,Base E5,-0.0427145361900329
3,Base E5,0.0162122845649719
3,Base E5,-0.0041866302490234
3,Base E5,-0.0281094312667846
3,Base E5,-0.0605607628822326
3,Base E5,0.0170938968658447
3,Base E5,0.0167188644409179
3,Base E5,-0.0233219265937805
3,Base E5,-0.0092458724975585
3,Base E5,0.0118513107299804
3,Base E5,-0.0293557047843933
3,Base E5,-0.0356901884078979
3,Base E5,0.024407684803009
3,Base E5,0.012783408164978
3,Base E5,0.0123335123062133
3,Base E5,-0.0266016125679016
3,Base E5,-0.0159751772880554
3,Base E5,0.0572596192359924
3,Base E5,-0.0530498623847961
3,Base E5,0.0092276930809021
3,Base E5,0.0048335790634155
3,Base E5,0.0429086685180664
3,Base E5,0.0601503252983093
3,Base E5,-0.0233043432235717
3,Base E5,0.0554159283638
3,Base E5,0.023796796798706
3,Base E5,0.0082751512527465
3,Base E5,-0.0030027627944946
3,Base E5,0.0327218174934387
3,Base E5,0.0146640539169311
3,Base E5,0.0056937932968139
3,Base E5,0.0200306177139282
3,Base E5,0.0019083023071289
3,Base E5,0.0399169325828552
3,Base E5,-0.0438235402107238
3,Base E5,0.0086499452590942
3,Base E5,-0.0030381679534912
3,Base E5,0.0363003611564636
3,Base E5,-0.0665909647941589
3,Base E5,0.0482870936393737
3,Base E5,0.0190908908843994
3,Base E5,0.0723556280136108
3,Base E5,-0.0093401670455932
3,Base E5,0.0259037613868713
3,Base E5,-0.0015619993209838
3,Base E5,0.0222476124763488
3,Base E5,0.0093355178833007
3,Base E5,0.0253819823265075
3,Base E5,0.0098894238471984
3,Base E5,0.0060464739799499
3,Base E5,-0.0174957513809204
3,Base E5,-0.0123804807662963
3,Base E5,-0.0093489289283752
3,Base E5,0.035601794719696
3,Base E5,-0.0001499056816101
3,Base E5,0.0265780687332153
3,Base E5,0.0026840567588806
3,Base E5,0.0249064564704895
3,Base E5,0.0437414050102233
3,Base E5,0.0040187835693359
3,Base E5,0.0314391255378723
3,Base E5,0.0190881490707397
3,Base E5,-0.0043752193450927
3,Base E5,0.0498238205909729
3,Base E5,0.0384756922721862
3,Base E5,0.0172389149665832
3,Base E5,-0.0075221061706542
3,Base E5,0.002097725868225
3,Base E5,-0.003152847290039
3,Base E5,0.0306848883628845
3,Base E5,-0.0015849471092224
3,Base E5,0.0229495167732238
3,Base E5,-0.0191497802734375
3,Base E5,0.0631818771362304
3,Base E5,-0.0001100301742553
3,Base E5,-0.0114836692810058
3,Base E5,0.028221309185028
3,Base E5,0.008114755153656
3,Base E5,-0.0281668901443481
3,Base E5,0.0160530805587768
3,Base E5,0.0125296115875244
3,Base E5,-0.0028101205825805
3,Base E5,0.0193009972572326
3,Base E5,0.0092677474021911
3,Base E5,0.0082937479019165
3,Base E5,0.0277971029281616
3,Base E5,0.0131990313529968
3,Base E5,0.0310832262039184
3,Base E5,-0.0014500021934509
3,Base E5,0.0288461446762084
3,Base E5,0.0042388439178466
3,Base E5,0.0178857445716857
3,Base E5,-0.0105873942375183
3,Base E5,-0.0078426003456115
3,Base E5,-0.0193527936935424
3,Base E5,0.0053668618202209
3,Base E5,-0.0112887620925903
3,Base E5,-0.0004463791847229
3,Base E5,-0.0109692215919494
3,Base E5,0.0125244259834289
3,Base E5,-0.0136457085609436
3,Base E5,-0.0235315561294555
3,Base E5,-0.0043751001358032
3,Base E5,-0.012780487537384
3,Base E5,-0.0533490180969238
3,Base E5,0.0440951585769653
3,Base E5,0.0399954319000244
3,Base E5,0.0452448725700378
3,Base E5,-0.0174176096916198
3,Base E5,0.0138061642646789
3,Base E5,-0.0123453736305236
3,Base E5,0.0063588619232177
3,Base E5,0.0020875334739685
3,Base E5,-0.0197958350181579
3,Base E5,-0.0175006985664367
3,Base E5,0.0463390946388244
3,Base E5,-0.0158296823501586
3,Base E5,-0.0023350119590759
3,Base E5,0.0083913207054138
3,Base E5,-0.0231611728668212
3,Base E5,-0.0182702541351318
3,Base E5,0.0014590620994567
3,Base E5,0.0359584689140319
3,Base E5,0.0198444724082946
3,Base E5,0.0082629323005676
3,Base E5,0.0559350252151489
3,Base E5,-0.0514468550682067
3,Base E5,0.0128365159034729
3,Base E5,0.0064398646354675
3,Base E5,0.0263753533363342
3,Base E5,-0.0188900232315063
3,Base E5,0.0414855480194091
3,Base E5,-0.0077113509178161
3,Base E5,-0.0189713835716247
3,Base E5,0.0066662430763244
3,Base E5,-0.010556936264038
3,Base E5,0.0119872689247131
3,Base E5,-0.0201685428619384
3,Base E5,-0.0007203817367553
3,Base E5,-0.0036360025405883
3,Base E5,-0.0154164433479309
3,Base E5,0.0304909348487854
3,Base E5,-0.0355205535888671
3,Base E5,-0.0152345299720764
3,Base E5,-0.0379356145858764
3,Base E5,0.0029339790344238
3,Base E5,0.0293718576431274
3,Base E5,0.0005532503128051
3,Base E5,0.006377637386322
3,Base E5,-0.0203643441200256
3,Base E5,0.0031542778015136
3,Base E5,0.0062465071678161
3,Base E5,0.0148252844810485
3,Base E5,0.0033279061317443
3,Base E5,-0.0184196233749389
3,Base E5,-4.51207160949707e-05
3,Base E5,-0.0125752091407775
3,Base E5,0.0056840181350708
3,Base E5,-0.0101913809776306
3,Base E5,0.0268880724906921
3,Base E5,-0.0061994791030883
3,Base E5,0.0043185353279113
3,Base E5,0.0250878930091857
3,Base E5,0.0398581624031066
3,Base E5,0.0130176544189453
3,Base E5,0.040099561214447
3,Base E5,-0.0236545205116271
3,Base E5,0.0361523628234863
3,Base E5,-0.0110859870910644
3,Base E5,0.0352940559387207
3,Base E5,0.0307204127311706
3,Base E5,0.0371025800704956
3,Base E5,0.0143484473228454
3,Base E5,0.0166051983833313
3,Base E5,0.0093538165092468
3,Base E5,0.0183088779449462
3,Base E5,-0.0312740206718444
3,Base E5,0.0236468315124511
3,Base E5,-0.0028717517852783
3,Base E5,0.0042165517807006
3,Base E5,-0.0316333770751953
3,Base E5,0.0370760560035705
3,Base E5,0.0218201279640197
3,Base E5,-0.0225644707679748
3,Base E5,0.011293888092041
3,Base E5,0.0027763247489929
3,Base E5,0.0176003575325012
3,Base E5,0.002148151397705
3,Base E5,0.0132511258125305
3,Base E5,0.0513555407524108
3,Base E5,0.0306818485260009
3,Base E5,0.0290515422821044
3,Base E5,0.026604950428009
3,Base E5,0.0069355964660644
3,Base E5,0.0338436961174011
3,Base E5,0.0321481823921203
3,Base E5,0.0059543251991271
3,Base E5,0.0204754471778869
3,Base E5,0.0072517395019531
3,Base E5,0.0177425742149353
3,Base E5,0.0245859622955322
3,Base E5,-3.62396240234375e-05
3,Base E5,-0.0164018273353576
3,Base E5,-0.009840190410614
3,Base E5,-0.02837336063385
3,Base E5,0.0001676082611083
3,Base E5,0.0305960178375244
3,Base E5,0.0211899876594543
3,Base E5,0.0199615359306335
3,Base E5,0.0343374609947204
3,Base E5,0.0328443646430969
3,Base E5,0.0476885437965393
3,Base E5,-0.0088631510734558
3,Base E5,0.0162597298622131
3,Base E5,0.0032329559326171
3,Base E5,0.0325064063072204
3,Base E5,0.0186498761177063
3,Base E5,0.0415002703666687
3,Base E5,0.0073170661926269
3,Base E5,0.0272833704948425
3,Base E5,0.0071566700935363
3,Base E5,0.0277610421180725
3,Base E5,0.0410569310188293
3,Base E5,0.0047173500061035
3,Base E5,-0.0094479322433471
3,Base E5,-0.0001952648162841
3,Base E5,-0.0099350810050964
3,Base E5,-0.0028759241104125
3,Base E5,0.0095416903495788
3,Base E5,-0.0134039521217346
3,Base E5,0.0053464174270629
3,Base E5,0.0121495723724365
3,Base E5,-0.0241155624389648
3,Base E5,0.0286239385604858
3,Base E5,-0.0171198844909667
3,Base E5,0.01249361038208
3,Base E5,-0.0047214031219482
3,Base E5,-0.0250911712646484
3,Base E5,-0.0048952102661132
3,Base E5,0.0007576942443847
3,Base E5,-0.0004104375839233
3,Base E5,-0.01105797290802
3,Base E5,-0.0087458491325378
3,Base E5,-0.006213366985321
3,Base E5,-0.0152625441551208
3,Base E5,0.0320472121238708
3,Base E5,0.0154637694358825
3,Base E5,0.0549325942993164
3,Base E5,-0.0009142160415649
3,Base E5,0.0061752200126647
3,Base E5,-0.0150098800659179
3,Base E5,0.0008862018585205
3,Base E5,-0.0246767997741699
3,Base E5,0.0089547038078308
3,Base E5,0.0237866640090942
3,Base E5,0.0254489183425903
3,Base E5,0.0345309972763061
3,Base E5,0.0400514602661132
3,Base E5,0.0149799585342407
3,Base E5,0.0198280215263366
3,Base E5,0.0266051888465881
3,Base E5,0.0146832466125488
3,Base E5,0.0093736052513122
3,Base E5,0.0044620037078857
3,Base E5,0.0119383335113525
3,Base E5,0.0363818407058715
3,Base E5,0.0215716361999511
3,Base E5,-0.0257551074028015
3,Base E5,-0.0041779279708862
3,Base E5,-0.0129497051239013
3,Base E5,0.0166022777557373
3,Base E5,0.0069975852966308
3,Base E5,0.0116905570030212
3,Base E5,-0.0100203156471252
3,Base E5,-0.018216848373413
3,Base E5,0.0205761790275573
3,Base E5,-0.0019692182540893
3,Base E5,-0.0287815332412719
3,Base E5,0.0077776908874511
3,Base E5,-0.0020872354507446
3,Base E5,0.0057071447372436
3,Base E5,-0.0183237791061401
3,Base E5,0.002539038658142
3,Base E5,0.0372798442840576
3,Base E5,-0.0105030536651611
3,Base E5,0.0385059118270874
3,Base E5,0.0472699403762817
3,Base E5,-0.0170096158981323
3,Base E5,0.0487067103385925
3,Base E5,0.048387587070465
3,Base E5,0.0332221984863281
3,Base E5,0.0605636835098266
3,Base E5,0.0209956765174865
3,Base E5,0.0361092686653137
3,Base E5,0.0141536593437194
3,Base E5,0.0194356441497802
3,Base E5,-0.0135196447372436
3,Base E5,-0.0048668980598449
3,Base E5,-0.0022374391555786
3,Base E5,-0.000352144241333
3,Base E5,0.0009357333183288
3,Base E5,0.0271959900856018
3,Base E5,0.0474732518196105
3,Base E5,0.0059885382652282
3,Base E5,0.011796236038208
3,Base E5,0.0052972435951232
3,Base E5,-0.0079206228256225
3,Base E5,-0.0296005606651306
3,Base E5,-0.0076282024383544
3,Base E5,-0.0136968493461608
3,Base E5,-0.0095409750938415
3,Base E5,0.0242561101913452
3,Base E5,-0.0290093421936035
3,Base E5,-0.0058262944221496
3,Base E5,-0.008956491947174
3,Base E5,0.0227599740028381
3,Base E5,0.0104410052299499
3,Base E5,0.0174829959869384
3,Base E5,0.0071935653686523
3,Base E5,0.0207372307777404
3,Base E5,-0.0037896037101745
3,Base E5,0.0083938241004943
3,Base E5,-0.0115069150924682
3,Base E5,0.0333640575408935
3,Base E5,0.0202128291130065
3,Base E5,0.0296916365623474
3,Base E5,-0.0245350003242492
3,Base E5,0.0155690312385559
3,Base E5,-0.0022732615470886
3,Base E5,0.0211790800094604
3,Base E5,-0.0025839805603027
3,Base E5,0.0170551538467407
3,Base E5,0.0227627158164978
3,Base E5,0.014014184474945
3,Base E5,0.0139241218566894
3,Base E5,0.0515865683555603
3,Base E5,0.0270061492919921
3,Base E5,0.0268518924713134
3,Base E5,0.0026713609695434
3,Base E5,0.0501019954681396
3,Base E5,-0.0169997811317443
3,Base E5,-0.0192340016365051
3,Base E5,-0.0178386569023132
3,Base E5,-0.0081385374069213
3,Base E5,-0.0167914628982543
3,Base E5,0.0261058807373046
3,Base E5,-0.0041640400886535
3,Base E5,0.0127807855606079
3,Base E5,0.0211497545242309
3,Base E5,0.044117271900177
3,Base E5,0.0215153694152832
3,Base E5,0.0110096335411071
3,Base E5,0.0346086025238037
3,Base E5,-0.0044057369232177
3,Base E5,-0.0165556073188781
3,Base E5,0.0132368803024292
3,Base E5,0.0014063715934753
3,Base E5,0.0071426033973693
3,Base E5,0.0046943426132202
3,Base E5,0.0089468359947204
3,Base E5,-0.0157905220985412
3,Base E5,0.0434266328811645
3,Base E5,0.0430126786231994
3,Base E5,-0.0149052739143371
3,Base E5,0.0366603732109069
3,Base E5,0.0017520785331726
3,Base E5,0.0055161714553833
3,Base E5,-0.0168275237083435
3,Base E5,-0.0147768259048461
3,Base E5,-0.003350019454956
3,Base E5,-0.0102739334106445
3,Base E5,-0.0209747552871704
3,Base E5,0.0109963417053222
3,Base E5,0.0173237919807434
3,Base E5,0.0220475196838378
3,Base E5,0.0466355681419372
3,Base E5,0.0112345218658447
3,Base E5,0.0259962677955627
3,Base E5,-0.0005589127540588
3,Base E5,-0.0022264719009399
3,Base E5,-0.0196460485458374
3,Base E5,0.0195025205612182
3,Base E5,0.0034372210502624
3,Base E5,0.0394568443298339
3,Base E5,-0.0092120766639709
3,Base E5,0.0490807890892028
3,Base E5,0.0248328447341918
3,Base E5,0.0492428541183471
3,Base E5,0.0241516232490539
3,Base E5,0.0396642684936523
3,Base E5,0.0003424882888793
3,Base E5,0.0193167924880981
3,Base E5,0.0198404192924499
3,Base E5,0.0429496169090271
3,Base E5,0.0021405220031738
3,Base E5,0.0427504181861877
3,Base E5,0.0344876646995544
3,Base E5,0.0393322706222534
3,Base E5,0.0352933406829834
3,Base E5,0.0285513997077941
3,Base E5,-0.009591519832611
3,Base E5,-0.009264051914215
3,Base E5,0.0128118395805358
3,Base E5,-0.0040907859802246
3,Base E5,0.0043338537216186
3,Base E5,0.0166677236557006
3,Base E5,0.0203442573547363
3,Base E5,-0.0006688833236694
3,Base E5,-0.0180935859680175
3,Base E5,-0.0023273229598999
3,Base E5,0.0059119462966918
3,Base E5,0.0263106226921081
3,Base E5,0.0034444332122802
3,Base E5,-0.051826536655426
3,Base E5,-0.0226982831954956
3,Base E5,-0.0340449810028076
3,Base E5,-0.0120773911476135
3,Base E5,-0.0053383708000183
3,Base E5,-0.019203782081604
3,Base E5,-0.0111501812934875
3,Base E5,-0.0298966169357299
3,Base E5,-0.0031101107597351
3,Base E5,-0.0148966312408447
3,Base E5,0.0016385316848754
3,Base E5,-0.0016691088676452
3,Base E5,0.0133586525917053
3,Base E5,0.0002969503402709
3,Base E5,0.0085701942443847
3,Base E5,-0.005455732345581
3,Base E5,-0.0078490376472473
3,Base E5,0.0136650800704956
3,Base E5,0.0107437968254089
3,Base E5,-0.0102227330207824
3,Base E5,-0.0209689140319824
3,Base E5,-0.0204581618309021
3,Base E5,-0.0106035470962524
3,Base E5,-0.0046679973602294
3,Base E5,0.0134219527244567
3,Base E5,-0.0072008371353149
3,Base E5,-0.003233790397644
3,Base E5,-0.0111473202705383
3,Base E5,0.0144781470298767
3,Base E5,-0.0052745938301086
3,Base E5,-0.0119099617004394
3,Base E5,-0.0058701634407043
3,Base E5,0.0050305128097534
3,Base E5,0.0062112212181091
3,Base E5,0.0173971056938171
3,Base E5,0.0037280321121215
3,Base E5,-0.0035667419433593
3,Base E5,0.0111165642738342
3,Base E5,0.0067158937454223
3,Base E5,0.0001689195632934
3,Base E5,-0.0025816559791564
3,Base E5,0.0087881684303283
3,Base E5,0.0139684677124023
3,Base E5,-0.0367619395256042
3,Base E5,-0.0182918310165405
3,Base E5,-0.0061566829681396
3,Base E5,0.019408643245697
3,Base E5,-0.0109373331069946
3,Base E5,0.0137932300567626
3,Base E5,0.0042555928230285
3,Base E5,-0.0108705759048461
3,Base E5,0.0193066000938415
3,Base E5,0.0144131779670715
3,Base E5,0.006548523902893
3,Base E5,0.007850170135498
3,Base E5,-5.668401718139648e-05
3,Base E5,0.0183907747268676
3,Base E5,-0.0029204487800598
3,Base E5,0.0200267434120178
3,Base E5,-0.0128551125526428
3,Base E5,0.021162211894989
3,Base E5,0.0060204267501831
3,Base E5,0.0182733535766601
3,Base E5,0.0091415643692016
3,Base E5,0.0614189505577087
3,Base E5,-0.0131179690361022
3,Base E5,-0.0022250413894653
3,Base E5,0.0138882398605346
3,Base E5,0.0024227499961853
3,Base E5,-0.0027653574943542
3,Base E5,0.0398188829421997
3,Base E5,-0.0070891380310058
3,Base E5,0.0415432453155517
3,Base E5,0.0539796948432922
3,Base E5,-0.0154806971549987
3,Base E5,0.0195403099060058
3,Base E5,0.0179131031036376
3,Base E5,0.0151155591011047
3,Base E5,0.0088629722595214
3,Base E5,-0.0069465637207031
3,Base E5,0.0448455214500427
3,Base E5,0.0302135944366455
3,Base E5,0.0151785612106323
3,Base E5,0.0133650302886962
3,Base E5,0.0193323493003845
3,Base E5,0.0196638107299804
3,Base E5,0.0331097841262817
3,Base E5,0.0086925029754638
3,Base E5,-0.0213211178779602
3,Base E5,0.0255295038223266
3,Base E5,0.0138977169990539
3,Base E5,-0.0136146545410156
3,Base E5,-0.018937349319458
3,Base E5,-0.0227032303810119
3,Base E5,0.0451447367668151
3,Base E5,0.0131828188896179
3,Base E5,0.0024971365928649
3,Base E5,0.0024231076240539
3,Base E5,0.0131327509880065
3,Base E5,-0.0221034884452819
3,Base E5,0.0139101147651672
3,Base E5,-0.0091749429702758
3,Base E5,0.0384217500686645
3,Base E5,0.015080988407135
3,Base E5,-0.0022513270378112
3,Base E5,-0.0019561648368835
3,Base E5,0.0337235927581787
3,Base E5,0.0343519449234008
3,Base E5,0.0478719472885131
3,Base E5,0.0290013551712036
3,Base E5,0.0236055254936218
3,Base E5,0.0365959405899047
3,Base E5,0.0138874650001525
3,Base E5,-0.0004454255104064
3,Base E5,0.0269805192947387
3,Base E5,0.0118114352226257
3,Base E5,0.010449469089508
3,Base E5,0.0030373334884643
3,Base E5,0.0053898096084594
3,Base E5,-0.0086333155632019
3,Base E5,-0.0205245018005371
3,Base E5,-0.0018987655639648
3,Base E5,0.0036296248435974
3,Base E5,-0.0241433978080749
3,Base E5,0.0230624079704284
3,Base E5,-0.0178442001342773
3,Base E5,-0.0029924511909484
3,Base E5,0.0050249695777893
3,Base E5,0.003727376461029
3,Base E5,0.0144947171211242
3,Base E5,-0.0274305343627929
3,Base E5,0.0113482475280761
3,Base E5,-0.0057803988456726
3,Base E5,-0.0186675190925598
3,Base E5,0.025822639465332
3,Base E5,0.0133675336837768
3,Base E5,-0.0031337738037109
3,Base E5,0.0011842846870422
3,Base E5,0.0101993083953857
3,Base E5,0.0116471052169799
3,Base E5,-0.000211477279663
3,Base E5,-0.0184568166732788
3,Base E5,0.0010203719139099
3,Base E5,-0.0277830362319946
3,Base E5,-0.0040388107299804
3,Base E5,-0.0045834183692932
3,Base E5,-0.0401703119277954
3,Base E5,0.0110995769500732
3,Base E5,0.0160122513771057
3,Base E5,-0.0012591481208801
3,Base E5,0.0434753894805908
3,Base E5,-0.0593751668930053
3,Base E5,0.0498526692390441
3,Base E5,0.0287926197052001
3,Base E5,0.0303394198417663
3,Base E5,0.0240655541419982
3,Base E5,-0.0393726229667663
3,Base E5,-0.0266585350036621
3,Base E5,0.0119357705116271
3,Base E5,-0.0030521154403686
3,Base E5,0.0032151341438293
3,Base E5,-0.0055497288703918
3,Base E5,0.0052644610404968
3,Base E5,0.0040076375007629
3,Base E5,0.014960765838623
3,Base E5,0.001504361629486
3,Base E5,0.0198180079460144
3,Base E5,-0.0146659016609191
3,Base E5,0.0094770193099975
3,Base E5,-0.0174444317817688
3,Base E5,0.0145950317382812
3,Base E5,-0.0023627281188964
3,Base E5,0.029578149318695
3,Base E5,0.0293276309967041
3,Base E5,-0.0314521193504333
3,Base E5,-0.0029869079589843
3,Base E5,-0.0002641081809997
3,Base E5,-0.0322867631912231
3,Base E5,0.0183256268501281
3,Base E5,-0.0024385452270507
3,Base E5,0.039025604724884
3,Base E5,0.0022923350334167
3,Base E5,-0.0039888620376586
3,Base E5,-0.0116614699363708
3,Base E5,-0.0036894083023071
3,Base E5,0.0033323764801025
3,Base E5,0.0103145837783813
3,Base E5,0.0118926167488098
3,Base E5,0.0456627011299133
3,Base E5,-0.0111966133117675
3,Base E5,0.0033434629440307
3,Base E5,-0.018409788608551
3,Base E5,-0.0111312866210937
3,Base E5,-0.0054534077644348
3,Base E5,0.0373175740242004
3,Base E5,0.0047289729118347
3,Base E5,0.0321241021156311
3,Base E5,0.0026074647903442
3,Base E5,0.0381718873977661
3,Base E5,0.0282813310623168
3,Base E5,-0.0163741111755371
3,Base E5,0.0244500637054443
3,Base E5,-0.005873680114746
3,Base E5,-0.0061423182487487
3,Base E5,0.0174453854560852
3,Base E5,0.0200394392013549
3,Base E5,0.0277812480926513
3,Base E5,0.0053101181983947
3,Base E5,0.0181692242622375
3,Base E5,0.0249672532081604
3,Base E5,0.0314938426017761
3,Base E5,0.0162709951400756
3,Base E5,0.009835660457611
3,Base E5,-0.0019994378089904
3,Base E5,0.0292910933494567
3,Base E5,-0.0055956244468688
3,Base E5,-0.0045045614242553
3,Base E5,-0.0297267436981201
3,Base E5,-0.0082685351371765
3,Base E5,-0.0107606649398803
3,Base E5,0.0074244737625122
3,Base E5,0.0095978379249572
3,Base E5,0.0075454115867614
3,Base E5,-0.0003554224967956
3,Base E5,0.0368024706840515
3,Base E5,0.0332149267196655
3,Base E5,0.0120770931243896
3,Base E5,0.0227717161178588
3,Base E5,0.0347534418106079
3,Base E5,0.0120213627815246
3,Base E5,0.039465844631195
3,Base E5,0.0245770215988159
3,Base E5,0.050337791442871
3,Base E5,-0.0131874680519104
3,Base E5,0.0303298830986022
3,Base E5,0.0261816382408142
3,Base E5,-0.0014374256134033
3,Base E5,0.0076965689659118
3,Base E5,0.0093371272087097
3,Base E5,-0.0231860280036926
3,Base E5,0.0420019030570983
3,Base E5,0.0312797427177429
3,Base E5,-0.0023599863052368
3,Base E5,0.0030232667922973
3,Base E5,0.0176305174827575
3,Base E5,0.0209358930587768
3,Base E5,-0.0333457589149475
3,Base E5,-0.0002305507659912
3,Base E5,0.0136645436286926
3,Base E5,-0.0208973288536071
3,Base E5,-0.0082209706306457
3,Base E5,0.007125973701477
3,Base E5,-0.0115302205085754
3,Base E5,-0.0212018489837646
3,Base E5,-0.0082519054412841
3,Base E5,-0.0178880095481872
3,Base E5,0.000929832458496
3,Base E5,-0.0254462957382202
3,Base E5,-0.0127466320991516
3,Base E5,-0.0182577967643737
3,Base E5,0.0136641263961792
3,Base E5,-0.0271235108375549
3,Base E5,0.0163166522979736
3,Base E5,0.0083785057067871
3,Base E5,0.0236009955406188
3,Base E5,0.0141622424125671
3,Base E5,0.0259215831756591
3,Base E5,-0.0073034763336181
3,Base E5,-0.0069029927253723
3,Base E5,0.0046820044517517
3,Base E5,0.013216495513916
3,Base E5,-0.0363017916679382
3,Base E5,-0.0101356506347656
3,Base E5,-0.0072802305221557
3,Base E5,0.0167279243469238
3,Base E5,-0.0025533437728881
3,Base E5,-0.009902000427246
3,Base E5,-0.0286878943443298
3,Base E5,-0.0310339927673339
3,Base E5,-0.0087464451789855
3,Base E5,-0.0100579857826232
3,Base E5,-0.0228873491287231
3,Base E5,-0.0166734457015991
3,Base E5,-0.0189632177352905
3,Base E5,-0.0039833784103393
3,Base E5,-0.0169093608856201
3,Base E5,-0.0551828742027282
3,Base E5,0.0006893277168273
3,Base E5,-0.011370301246643
3,Base E5,-0.0205256938934326
3,Base E5,0.0092685222625732
3,Base E5,-0.0003121495246887
3,Base E5,-0.0029045939445495
3,Base E5,-0.0204084515571594
3,Base E5,-0.0234121084213256
3,Base E5,-0.0185128450393676
3,Base E5,-0.0098214745521545
3,Base E5,-0.0080651640892028
3,Base E5,0.0263715982437133
3,Base E5,-0.004690945148468
3,Base E5,0.0341333150863647
3,Base E5,0.0053795576095581
3,Base E5,0.025343894958496
3,Base E5,-0.0049195885658264
3,Base E5,0.0063710212707519
3,Base E5,-0.0007316470146179
3,Base E5,0.0179725885391235
3,Base E5,0.044869065284729
3,Base E5,0.0264222025871276
3,Base E5,-0.0060184597969055
3,Base E5,0.0328646898269653
3,Base E5,-0.0100868940353393
3,Base E5,0.0258899331092834
3,Base E5,0.0345187187194824
3,Base E5,0.0041197538375854
3,Base E5,0.0128549933433532
3,Base E5,-0.002903938293457
3,Base E5,-0.0233881473541259
3,Base E5,0.0201347470283508
3,Base E5,0.0255382657051086
3,Base E5,0.0027639865875244
3,Base E5,-0.0288153886795043
3,Base E5,0.0217726826667785
3,Base E5,0.0372672080993652
3,Base E5,0.0320180058479309
3,Base E5,0.0297616124153137
3,Base E5,0.0111415386199951
3,Base E5,0.0024284720420837
3,Base E5,-0.0032231211662292
3,Base E5,-0.0237239003181457
3,Base E5,-0.0331251621246337
3,Base E5,-0.0047004222869873
3,Base E5,-0.0093859434127807
3,Base E5,-0.0564954876899719
3,Base E5,0.0102925896644592
3,Base E5,-0.035419762134552
3,Base E5,0.0225670337677001
3,Base E5,0.0237704515457153
3,Base E5,0.0024693012237548
3,Base E5,-0.0397913455963134
3,Base E5,-0.0156231522560119
3,Base E5,-0.0082098245620727
3,Base E5,0.024643063545227
3,Base E5,0.0015316009521484
3,Base E5,-0.0202788114547729
3,Base E5,0.0006442666053771
3,Base E5,-0.0325014591217041
3,Base E5,-0.0041611194610595
3,Base E5,-0.0029206275939941
3,Base E5,0.0327451825141906
3,Base E5,0.0230282545089721
3,Base E5,0.0051988363265991
3,Base E5,-0.0171219110488891
3,Base E5,-0.0356863141059875
3,Base E5,-0.0284265875816345
3,Base E5,-0.0130757093429565
3,Base E5,-0.0035909414291381
3,Base E5,0.0030067563056945
3,Base E5,0.0189818739891052
3,Base E5,-0.0339955687522888
3,Base E5,0.0086948871612548
3,Base E5,0.0421910881996154
3,Base E5,0.0220625400543212
3,Base E5,0.013301134109497
3,Base E5,-0.0226801037788391
3,Base E5,0.0055741071701049
3,Base E5,0.0578212738037109
3,Base E5,0.0092380046844482
3,Base E5,-0.0156636238098144
3,Base E5,-0.0085642337799072
3,Base E5,0.0335850715637207
3,Base E5,-0.0174452066421508
3,Base E5,-0.0016214847564697
3,Base E5,-0.0280670523643493
3,Base E5,-0.0173995494842529
3,Base E5,-0.0228885412216186
3,Base E5,0.0505375862121582
3,Base E5,0.0599262714385986
3,Base E5,0.0589065551757812
3,Base E5,0.0468915104866027
3,Base E5,0.0224304795265197
3,Base E5,0.00830739736557
3,Base E5,-0.0097153782844543
3,Base E5,0.0129925608634948
3,Base E5,0.004119873046875
3,Base E5,-0.0038110613822937
3,Base E5,-0.00615656375885
3,Base E5,0.0045201182365417
3,Base E5,-0.001529037952423
3,Base E5,-0.007700502872467
3,Base E5,-0.0237272977828979
3,Base E5,-0.0155403017997741
3,Base E5,0.0300666689872741
3,Base E5,0.0013791322708129
3,Base E5,0.0370873212814331
3,Base E5,0.0037490129470825
3,Base E5,0.0047591924667358
3,Base E5,-0.002220869064331
3,Base E5,0.0267265439033508
3,Base E5,0.0037204623222351
3,Base E5,0.0282285213470459
3,Base E5,0.0201589465141296
3,Base E5,0.0174480676651
3,Base E5,-0.0160144567489624
3,Base E5,0.0009604692459106
3,Base E5,0.0052397847175598
3,Base E5,-0.0197005271911621
3,Base E5,-0.0436159968376159
3,Base E5,0.0087776184082031
3,Base E5,0.0205063223838806
3,Base E5,0.0473864674568176
3,Base E5,0.0097639560699462
3,Base E5,0.0326858758926391
3,Base E5,0.0116012096405029
3,Base E5,0.0255205035209655
3,Base E5,0.0041443705558776
3,Base E5,0.0104060173034667
3,Base E5,0.0057473182678222
3,Base E5,0.0127220153808593
3,Base E5,0.0051640272140502
3,Base E5,-0.0131871104240417
3,Base E5,-0.0060153603553771
3,Base E5,0.0220058560371398
3,Base E5,-0.0271017551422119
3,Base E5,-0.0057990550994873
3,Base E5,0.0045869350433349
3,Base E5,-0.0003616213798522
3,Base E5,0.0065294504165649
3,Base E5,0.0008711814880371
3,Base E5,0.0017317533493041
3,Base E5,0.0022196769714355
3,Base E5,0.0198755264282226
3,Base E5,0.0117502212524414
3,Base E5,-0.0047875046730041
3,Base E5,-0.0145730972290039
3,Base E5,-0.0029425621032714
3,Base E5,0.0186303853988647
3,Base E5,0.0141666531562805
3,Base E5,0.0313103795051574
3,Base E5,0.0134214758872985
3,Base E5,-0.0316070318222045
3,Base E5,-0.0034777522087097
3,Base E5,0.0021389722824096
3,Base E5,-0.0044910311698913
3,Base E5,0.0152985453605651
3,Base E5,0.021762192249298
3,Base E5,0.0459463000297546
3,Base E5,0.0072391033172607
3,Base E5,-0.0040801167488098
3,Base E5,0.0025163888931274
3,Base E5,0.0388254523277282
3,Base E5,-0.0076534152030944
3,Base E5,0.0010483860969543
3,Base E5,-0.0082767605781555
3,Base E5,0.0118205547332763
3,Base E5,-0.0103254318237304
3,Base E5,0.0187384486198425
3,Base E5,0.0022821426391601
3,Base E5,0.0272417664527893
3,Base E5,-0.0629589557647705
3,Base E5,-0.0141471028327941
3,Base E5,-0.0021725893020629
3,Base E5,-0.004443347454071
3,Base E5,-0.0347012877464294
3,Base E5,0.0106838941574096
3,Base E5,-0.0023152232170104
3,Base E5,0.0491160154342651
3,Base E5,0.0132562518119812
3,Base E5,0.0259389281272888
3,Base E5,-0.0500175356864929
3,Base E5,0.0076838135719299
3,Base E5,-0.0090203881263732
3,Base E5,0.012982964515686
3,Base E5,0.0054960250854492
3,Base E5,-0.0006573796272277
3,Base E5,-0.0340811610221862
3,Base E5,0.0310155153274536
3,Base E5,-0.0176392793655395
3,Base E5,0.0615632534027099
3,Base E5,-0.0212793350219726
3,Base E5,0.0464350581169128
3,Base E5,0.0093787908554077
3,Base E5,-0.0305274724960327
3,Base E5,-0.0146183967590332
3,Base E5,0.01625657081604
3,Base E5,-0.0230511426925659
3,Base E5,0.0065933465957641
3,Base E5,0.0197689533233642
3,Base E5,0.0412884950637817
3,Base E5,0.0247275829315185
3,Base E5,0.0258005857467651
3,Base E5,0.0210539102554321
3,Base E5,0.0287885665893554
3,Base E5,-0.0059530138969421
3,Base E5,0.0417490601539611
3,Base E5,-0.0090099573135375
3,Base E5,0.0199606418609619
3,Base E5,-0.0411893129348754
3,Base E5,0.0292072892189025
3,Base E5,-0.009755253791809
3,Base E5,0.0001259446144104
3,Base E5,-0.0097867846488952
3,Base E5,0.0517711043357849
3,Base E5,0.0067659616470336
3,Base E5,0.0300644636154174
3,Base E5,0.020629346370697
3,Base E5,0.0162560939788818
3,Base E5,0.0182988047599792
3,Base E5,-0.0268174409866333
3,Base E5,-0.0180314183235168
3,Base E5,0.0053032636642456
3,Base E5,0.0002607703208923
3,Base E5,0.0226765275001525
3,Base E5,-0.0230510830879211
3,Base E5,0.0116812586784362
3,Base E5,0.0137528777122497
3,Base E5,0.0334289669990539
3,Base E5,0.0441697835922241
3,Base E5,0.0322951674461364
3,Base E5,0.0195661783218383
3,Base E5,-0.0092743635177612
3,Base E5,0.0026056170463562
3,Base E5,0.0137749910354614
3,Base E5,0.0365166664123535
3,Base E5,0.0503325462341308
3,Base E5,-0.0285122394561767
3,Base E5,0.0172892808914184
3,Base E5,-0.0041730403900146
3,Base E5,-0.0132076740264892
3,Base E5,-0.0209705233573913
3,Base E5,0.0227742791175842
3,Base E5,-0.0121185183525085
3,Base E5,0.0164286494255065
3,Base E5,0.0058407187461853
3,Base E5,-0.0190991163253784
3,Base E5,-0.0288317203521728
3,Base E5,0.0495203733444213
3,Base E5,-0.034406304359436
3,Base E5,0.0041741132736206
3,Base E5,0.0119644999504089
3,Base E5,-0.0079967975616455
3,Base E5,-0.0061599016189575
3,Base E5,0.0032840371131896
3,Base E5,0.0048880577087402
3,Base E5,0.0045700669288635
3,Base E5,0.029372215270996
3,Base E5,0.0471866726875305
3,Base E5,-0.0264806151390075
3,Base E5,0.0140746235847473
3,Base E5,-0.0408158898353576
3,Base E5,-0.0201185941696167
3,Base E5,0.00574791431427
3,Base E5,0.019627034664154
3,Base E5,0.0023605227470397
3,Base E5,-0.0201019644737243
3,Base E5,-0.0107987523078918
3,Base E5,0.017989695072174
3,Base E5,0.0674651265144348
3,Base E5,0.0466722249984741
3,Base E5,-0.0035878419876098
3,Base E5,0.0166438817977905
3,Base E5,-0.0070458650588989
3,Base E5,0.0055865049362182
3,Base E5,-0.0102337598800659
3,Base E5,0.0109103918075561
3,Base E5,-0.0065470337867736
3,Base E5,-0.0029414296150207
3,Base E5,-0.0014551877975463
3,Base E5,0.0397976636886596
3,Base E5,-0.0161965489387512
3,Base E5,0.0371185541152954
3,Base E5,0.048832893371582
3,Base E5,0.0048390626907348
3,Base E5,-0.0197874903678894
3,Base E5,0.0189651846885681
3,Base E5,0.003204345703125
3,Base E5,0.013873279094696
3,Base E5,-0.0078214406967163
3,Base E5,-0.0156648755073547
3,Base E5,0.0144006013870239
3,Base E5,0.0082606673240661
3,Base E5,0.0276671648025512
3,Base E5,-0.0168653130531311
3,Base E5,0.0029892921447753
3,Base E5,0.0452461242675781
3,Base E5,0.0243033170700073
3,Base E5,0.0178529024124145
3,Base E5,0.0241492390632629
3,Base E5,0.0312473177909851
3,Base E5,0.0277503132820129
3,Base E5,0.0120407938957214
3,Base E5,0.0462328195571899
3,Base E5,-0.0358804464340209
3,Base E5,0.00977224111557
3,Base E5,-0.0144222378730773
3,Base E5,-0.0322192907333374
3,Base E5,0.0029398202896118
3,Base E5,-0.017020046710968
3,Base E5,-0.0082342624664306
3,Base E5,-0.0073282122611999
3,Base E5,0.0478898286819458
3,Base E5,0.0367238521575927
3,Base E5,0.0371159315109252
3,Base E5,0.0232619047164917
3,Base E5,-0.0192431807518005
3,Base E5,-0.0479287505149841
3,Base E5,0.0045875310897827
3,Base E5,-0.0163386464118957
3,Base E5,0.0288968682289123
3,Base E5,0.008089542388916
3,Base E5,-0.0135309696197509
3,Base E5,0.0147812366485595
3,Base E5,-0.0211431980133056
3,Base E5,-0.0083450078964233
3,Base E5,-0.000196635723114
3,Base E5,-0.0322731137275695
3,Base E5,0.002995491027832
3,Base E5,-0.0308005809783935
3,Base E5,0.0158658623695373
3,Base E5,-0.0309180617332458
3,Base E5,0.0121089220046997
3,Base E5,0.0149699449539184
3,Base E5,0.0119147300720214
3,Base E5,0.0119169354438781
3,Base E5,0.010055661201477
3,Base E5,-0.0232129096984863
3,Base E5,0.0179060101509094
3,Base E5,0.0034036636352539
3,Base E5,0.0059520602226257
3,Base E5,-0.0250367522239685
3,Base E5,-0.0114237070083618
3,Base E5,0.0173828601837158
3,Base E5,0.0147565603256225
3,Base E5,-0.0021016001701354
3,Base E5,0.0540715456008911
3,Base E5,0.0027142763137817
3,Base E5,0.0249804854393005
3,Base E5,0.0228592157363891
3,Base E5,0.0085762739181518
3,Base E5,0.0023225545883178
3,Base E5,0.0178778171539306
3,Base E5,-0.0045081377029418
3,Base E5,0.023427128791809
3,Base E5,0.0017821192741394
3,Base E5,0.026946485042572
3,Base E5,0.0149933099746704
3,Base E5,0.0397323369979858
3,Base E5,0.0119494199752807
3,Base E5,0.0131230950355529
3,Base E5,-0.0011144876480102
3,Base E5,-0.0158300995826721
3,Base E5,-0.0361369848251342
3,Base E5,-0.0071858167648315
3,Base E5,-0.0019181966781616
3,Base E5,0.0219479799270629
3,Base E5,-0.0038490295410156
3,Base E5,-0.0002379417419433
3,Base E5,-0.0026086568832397
3,Base E5,-0.0093494057655334
3,Base E5,-0.0124122500419616
3,Base E5,-0.003676950931549
3,Base E5,-0.0008485317230224
3,Base E5,-0.0136974453926086
3,Base E5,-0.012372612953186
3,Base E5,0.0155673623085021
3,Base E5,-0.0254418849945068
3,Base E5,0.0319615602493286
3,Base E5,0.0109807252883911
3,Base E5,0.008781611919403
3,Base E5,0.0121545791625976
3,Base E5,0.0103042721748352
3,Base E5,0.007228672504425
3,Base E5,0.0187880396842956
3,Base E5,0.0282297134399414
3,Base E5,0.0278649926185607
3,Base E5,0.0125220417976379
3,Base E5,0.0220022201538085
3,Base E5,0.0017895102500915
3,Base E5,0.0325492024421691
3,Base E5,0.030007004737854
3,Base E5,0.0239446759223938
3,Base E5,0.0115121603012084
3,Base E5,-0.0066132545471191
3,Base E5,0.0008040070533752
3,Base E5,0.1000936627388
3,Base E5,0.0172123312950134
3,Base E5,0.0316957235336303
3,Base E5,0.0729715228080749
3,Base E5,0.0461968779563903
3,Base E5,0.072173535823822
3,Base E5,-0.0102066993713378
3,Base E5,0.0792033672332763
3,Base E5,0.0778207182884216
3,Base E5,-0.0073444247245788
3,Base E5,-0.0027215480804443
3,Base E5,0.0449613332748413
3,Base E5,0.1084132194519043
3,Base E5,0.0300826430320739
3,Base E5,0.0846608281135559
3,Base E5,0.0221391320228576
3,Base E5,0.0267855525016784
3,Base E5,0.0225565433502197
3,Base E5,0.0296112298965454
3,Base E5,0.0176820755004882
3,Base E5,0.0680893063545227
3,Base E5,0.0174243450164794
3,Base E5,0.0259634852409362
3,Base E5,-0.0018342733383178
3,Base E5,-0.0096887350082397
3,Base E5,-0.013272225856781
3,Base E5,-0.0199915170669555
3,Base E5,0.0048601627349853
3,Base E5,0.0054366588592529
3,Base E5,-0.0121405720710754
3,Base E5,-0.0578622817993164
3,Base E5,0.0135111808776855
3,Base E5,0.0174808502197265
3,Base E5,-0.0036364793777465
3,Base E5,-0.0005947947502136
3,Base E5,0.0007421970367431
3,Base E5,0.0194642543792724
3,Base E5,0.0026690363883972
3,Base E5,0.0168748497962951
3,Base E5,-0.0352802276611328
3,Base E5,0.0206218957901
3,Base E5,0.0202206969261169
3,Base E5,0.0231696963310241
3,Base E5,0.020034372806549
3,Base E5,0.0064408183097839
3,Base E5,0.0117430686950683
3,Base E5,-0.0096960663795471
3,Base E5,-0.0073481202125549
3,Base E5,0.026330292224884
3,Base E5,-0.0151178836822509
3,Base E5,0.0104642510414123
3,Base E5,0.0066426992416381
3,Base E5,0.0208513140678405
3,Base E5,0.0259360074996948
3,Base E5,0.0263603925704956
3,Base E5,0.0139818787574768
3,Base E5,-0.0344637036323547
3,Base E5,-0.0377507805824279
3,Base E5,-0.0486208796501159
3,Base E5,-0.0334935188293457
3,Base E5,0.0058370232582092
3,Base E5,0.0250366330146789
3,Base E5,0.0219371914863586
3,Base E5,0.0153360962867736
3,Base E5,0.0495861172676086
3,Base E5,0.0042307376861572
3,Base E5,0.0063348412513732
3,Base E5,0.0526264309883117
3,Base E5,0.006138265132904
3,Base E5,0.0006936192512512
3,Base E5,0.0075650811195373
3,Base E5,-0.0002045035362243
3,Base E5,-0.0186918973922729
3,Base E5,-0.0059089064598083
3,Base E5,0.0231406092643737
3,Base E5,0.0067476630210876
3,Base E5,0.0079689621925354
3,Base E5,-0.0434864163398742
3,Base E5,0.0033276081085205
3,Base E5,-0.0115483999252319
3,Base E5,-0.023895263671875
3,Base E5,0.0102676153182983
3,Base E5,0.0004694461822509
3,Base E5,-0.0086735486984252
3,Base E5,0.003316044807434
3,Base E5,-0.0388036966323852
3,Base E5,0.0505492687225341
3,Base E5,-0.0120141506195068
3,Base E5,-0.0150204896926879
3,Base E5,-0.0207222700119018
3,Base E5,0.019206166267395
3,Base E5,0.0130164623260498
3,Base E5,0.0237736105918884
3,Base E5,-0.0049155354499816
3,Base E5,0.0241928696632385
3,Base E5,-0.0037152171134948
3,Base E5,0.0095828175544738
3,Base E5,0.0053001046180725
3,Base E5,-0.0017318725585937
3,Base E5,0.0045658946037292
3,Base E5,0.01022869348526
3,Base E5,0.0081167817115783
3,Base E5,0.0206738114356994
3,Base E5,-0.0013462305068969
3,Base E5,0.0441266298294067
3,Base E5,0.0595659613609313
3,Base E5,0.0207900404930114
3,Base E5,0.0178866982460021
3,Base E5,0.001672089099884
3,Base E5,0.0137739181518554
3,Base E5,0.0293567180633544
3,Base E5,-0.0050164461135864
3,Base E5,-0.0124531984329223
3,Base E5,0.0202957987785339
3,Base E5,0.0082497596740722
3,Base E5,-0.0184332132339477
3,Base E5,-0.0230546593666076
3,Base E5,0.0058361887931823
3,Base E5,0.0212507247924804
3,Base E5,-0.0202321410179138
3,Base E5,-0.0196640491485595
3,Base E5,-0.0079863667488098
3,Base E5,0.0471952557563781
3,Base E5,-0.0359287858009338
3,Base E5,0.0177543759346008
3,Base E5,-0.0150283575057983
3,Base E5,0.0042006969451904
3,Base E5,0.0038557648658752
3,Base E5,0.0069401264190673
3,Base E5,0.0384842753410339
3,Base E5,0.0165685415267944
3,Base E5,0.0013019442558288
3,Base E5,0.0051580071449279
3,Base E5,-0.0154720544815063
3,Base E5,-0.0027250051498413
3,Base E5,0.0174235701560974
3,Base E5,0.025884985923767
3,Base E5,0.0200393199920654
3,Base E5,0.0219919681549072
3,Base E5,0.0102182626724243
3,Base E5,0.0137931108474731
3,Base E5,0.0165113806724548
3,Base E5,0.0185992717742919
3,Base E5,0.0155541896820068
3,Base E5,0.0200889110565185
3,Base E5,0.000656247138977
3,Base E5,0.0417002439498901
3,Base E5,0.0183795690536499
3,Base E5,0.0326167345046997
3,Base E5,-0.0042557716369628
3,Base E5,0.0291287302970886
3,Base E5,0.0193358659744262
3,Base E5,-0.019941508769989
3,Base E5,-0.0129890441894531
3,Base E5,-0.00846529006958
3,Base E5,-0.0272602438926696
3,Base E5,-0.0031239390373229
3,Base E5,-0.0377540588378906
3,Base E5,0.0055441260337829
3,Base E5,-0.0223527550697326
3,Base E5,0.0161449909210205
3,Base E5,0.0107824802398681
3,Base E5,0.0327827930450439
3,Base E5,0.0256088972091674
3,Base E5,-0.0089789032936096
3,Base E5,-0.0054082870483398
3,Base E5,-0.0161826014518737
3,Base E5,-0.0158207416534423
3,Base E5,-0.0032090544700622
3,Base E5,0.0160560011863708
3,Base E5,0.0224847197532653
3,Base E5,0.0141524672508239
3,Base E5,0.0247824788093566
3,Base E5,-0.0241938829421997
3,Base E5,0.0175009369850158
3,Base E5,0.0082619786262512
3,Base E5,0.023535668849945
3,Base E5,-0.0017451643943786
3,Base E5,-0.0224092602729797
3,Base E5,0.0363653302192688
3,Base E5,0.0014152526855468
3,Base E5,-0.0152158737182617
3,Base E5,-0.0257532596588134
3,Base E5,-0.0253580212593078
3,Base E5,-0.0168434381484985
3,Base E5,-0.0032223463058471
3,Base E5,0.0107029676437377
3,Base E5,0.0165385603904724
3,Base E5,0.0018423795700073
3,Base E5,-0.0317006707191467
3,Base E5,-0.0037315487861633
3,Base E5,0.000618577003479
3,Base E5,0.0118648409843444
3,Base E5,-0.0079496502876281
3,Base E5,0.015621542930603
3,Base E5,-0.0108795166015625
3,Base E5,0.0177177786827087
3,Base E5,0.0411072373390197
3,Base E5,0.0515636205673217
3,Base E5,0.0288513302803039
3,Base E5,0.0127013325691223
3,Base E5,0.0173399448394775
3,Base E5,0.0172405242919921
3,Base E5,-0.0232582688331604
3,Base E5,0.0166372656822204
3,Base E5,0.0050143003463745
3,Base E5,0.0118039846420288
3,Base E5,0.0323582291603088
3,Base E5,-0.0180829763412475
3,Base E5,-0.0098012685775756
3,Base E5,-0.0121567249298095
3,Base E5,-0.0241588354110717
3,Base E5,0.0222145318984985
3,Base E5,0.0397440195083618
3,Base E5,0.0366293787956237
3,Base E5,0.0407671332359313
3,Base E5,0.0498881936073303
3,Base E5,0.0192400217056274
3,Base E5,0.0274558067321777
3,Base E5,0.0602666139602661
3,Base E5,0.0578035712242126
3,Base E5,0.0161179304122924
3,Base E5,0.0435280203819274
3,Base E5,-0.0174724459648132
3,Base E5,0.0237398147583007
3,Base E5,-0.0228091478347778
3,Base E5,0.0461600422859191
3,Base E5,-0.0388442873954772
3,Base E5,0.0174713730812072
3,Base E5,-0.0112439393997192
3,Base E5,-0.0040220618247985
3,Base E5,-0.0110558867454528
3,Base E5,-0.0136553049087524
3,Base E5,-0.0053284764289855
3,Base E5,-0.0127601623535156
3,Base E5,-0.0128566026687622
3,Base E5,-0.000123918056488
3,Base E5,-0.003534972667694
3,Base E5,-0.0384799838066101
3,Base E5,-0.0224676132202148
3,Base E5,0.0031944513320922
3,Base E5,0.0066300630569458
3,Base E5,-0.0096309185028076
3,Base E5,-0.0473420619964599
3,Base E5,0.0310457944869995
3,Base E5,0.0119727849960327
3,Base E5,0.013083279132843
3,Base E5,0.0206464529037475
3,Base E5,0.0616637468338012
3,Base E5,0.0262669324874877
3,Base E5,0.0035299658775329
3,Base E5,0.0059812664985656
3,Base E5,0.0698632597923278
3,Base E5,0.0251597762107849
3,Base E5,0.0123848319053649
3,Base E5,0.009755790233612
3,Base E5,0.0183473825454711
3,Base E5,-0.0013971328735351
3,Base E5,0.0226534008979797
3,Base E5,0.0536773204803466
3,Base E5,0.0228819847106933
3,Base E5,0.0276411175727844
3,Base E5,-0.0147520899772644
3,Base E5,0.030069351196289
3,Base E5,0.0167279839515686
3,Base E5,0.0323119163513183
3,Base E5,0.0092101097106933
3,Base E5,0.0166578292846679
3,Base E5,0.0184782147407531
3,Base E5,0.028103768825531
3,Base E5,-0.020002007484436
3,Base E5,0.0142220258712768
3,Base E5,0.0494059324264526
3,Base E5,0.0138572454452514
3,Base E5,0.0072585940361022
3,Base E5,0.029678463935852
3,Base E5,0.0487425327301025
3,Base E5,0.0476631522178649
3,Base E5,0.0436917543411254
3,Base E5,0.0161020755767822
3,Base E5,0.0445277690887451
3,Base E5,0.0229396820068359
3,Base E5,-0.0111523866653442
3,Base E5,0.0052818059921264
3,Base E5,0.0371990203857421
3,Base E5,0.0003151297569274
3,Base E5,0.0486823320388793
3,Base E5,0.0310732126235961
3,Base E5,0.0218240022659301
3,Base E5,-0.0128104090690612
3,Base E5,-0.0421435832977294
3,Base E5,0.0255537033081054
3,Base E5,0.0251190662384033
3,Base E5,0.0113634467124938
3,Base E5,0.0570159554481506
3,Base E5,0.0294573903083801
3,Base E5,0.0259696841239929
3,Base E5,0.0255113840103149
3,Base E5,0.0035064816474914
3,Base E5,0.0421958565711975
3,Base E5,0.0256611704826354
3,Base E5,0.0318919420242309
3,Base E5,0.0678849816322326
3,Base E5,-0.0196412801742553
3,Base E5,0.0364518165588378
3,Base E5,0.0501598715782165
3,Base E5,-0.0012381076812744
3,Base E5,-0.021852970123291
3,Base E5,0.1043971180915832
3,Base E5,-0.0222170352935791
3,Base E5,-0.0128554105758667
3,Base E5,-0.0118687748908996
3,Base E5,-0.0071522593498229
3,Base E5,0.022395372390747
3,Base E5,-0.0380292534828186
3,Base E5,-0.0273706316947937
3,Base E5,-0.0343583226203918
3,Base E5,-0.0212041735649108
3,Base E5,-0.0112599730491638
3,Base E5,0.0083049535751342
3,Base E5,0.0066056847572326
3,Base E5,-0.0120021104812622
3,Base E5,0.0838565826416015
3,Base E5,0.0330992341041564
3,Base E5,-0.0356949567794799
3,Base E5,-0.0199964046478271
3,Base E5,-0.0167044401168823
3,Base E5,-0.0141745209693908
3,Base E5,-0.0212349295616149
3,Base E5,-0.0150885581970214
3,Base E5,-0.0254309177398681
3,Base E5,-0.0119237899780273
3,Base E5,-0.0414190888404846
3,Base E5,0.001296579837799
3,Base E5,0.0580267310142517
3,Base E5,0.0133415460586547
3,Base E5,0.0073678493499755
3,Base E5,-0.0121844410896301
3,Base E5,0.0028585195541381
3,Base E5,-0.0347967743873596
3,Base E5,0.0218735337257385
3,Base E5,-0.041180670261383
3,Base E5,-0.0128548741340637
3,Base E5,-0.0005474686622619
3,Base E5,0.0142738223075866
3,Base E5,-0.0270754694938659
3,Base E5,0.0464167594909668
3,Base E5,-0.0255978107452392
3,Base E5,0.0621920824050903
3,Base E5,0.0268366932868957
3,Base E5,0.0566838979721069
3,Base E5,-0.0551328063011169
3,Base E5,0.0205274820327758
3,Base E5,0.0251966714859008
3,Base E5,-0.0291518568992614
3,Base E5,0.0461447834968566
3,Base E5,0.0512805581092834
3,Base E5,-0.0358602404594421
3,Base E5,0.0242335200309753
3,Base E5,0.0044589042663574
3,Base E5,0.0293849110603332
3,Base E5,0.0598568320274353
3,Base E5,0.0123070478439331
3,Base E5,-0.0113956332206726
3,Base E5,0.0652322769165039
3,Base E5,0.063661515712738
3,Base E5,0.0155355334281921
3,Base E5,0.0597432255744934
3,Base E5,0.0366727113723754
3,Base E5,0.0442930459976196
3,Base E5,0.0093411207199096
3,Base E5,0.0931853652000427
3,Base E5,0.0287505984306335
3,Base E5,-0.0386869311332702
3,Base E5,-0.0278313159942626
3,Base E5,-0.020161747932434
3,Base E5,0.0601821541786193
3,Base E5,0.0458512306213378
3,Base E5,0.0784977674484252
3,Base E5,0.0148269534111022
3,Base E5,0.0130314826965332
3,Base E5,0.0249408483505249
3,Base E5,0.015852153301239
3,Base E5,-0.0164380669593811
3,Base E5,-0.0202544927597045
3,Base E5,0.0380233526229858
3,Base E5,0.0525075793266296
3,Base E5,0.0474795699119567
3,Base E5,0.0140774846076965
3,Base E5,0.0283490419387817
3,Base E5,0.0067599415779113
3,Base E5,0.032809555530548
3,Base E5,-0.0430070161819458
3,Base E5,0.0024842619895935
3,Base E5,0.0350795984268188
3,Base E5,-0.0492212176322937
3,Base E5,0.0559977293014526
3,Base E5,0.03552907705307
3,Base E5,0.0555049180984497
3,Base E5,0.0529120564460754
3,Base E5,0.0890729427337646
3,Base E5,0.0273801088333129
3,Base E5,0.0447433590888977
3,Base E5,0.0418062806129455
3,Base E5,0.0213905572891235
3,Base E5,0.0621261596679687
3,Base E5,0.0147798657417297
3,Base E5,0.0020203590393066
3,Base E5,-0.0400834679603576
3,Base E5,0.0248500108718872
3,Base E5,-0.0188413262367248
3,Base E5,-0.0275410413742065
3,Base E5,0.0549363493919372
3,Base E5,-0.0283814072608947
3,Base E5,0.0030739307403564
3,Base E5,0.0093540549278259
3,Base E5,0.0855000615119934
3,Base E5,0.0820699334144592
3,Base E5,0.0382524132728576
3,Base E5,0.0400545001029968
3,Base E5,-0.003614068031311
3,Base E5,0.0397526621818542
3,Base E5,-0.0286368131637573
3,Base E5,-0.014332890510559
3,Base E5,0.0833193659782409
3,Base E5,0.0273419022560119
3,Base E5,0.002849519252777
3,Base E5,-0.0188081860542297
3,Base E5,0.0856773853302002
3,Base E5,0.0778049230575561
3,Base E5,0.0402460098266601
3,Base E5,0.0085447430610656
3,Base E5,0.0269883275032043
3,Base E5,0.0110968947410583
3,Base E5,0.0399141311645507
3,Base E5,0.0585130453109741
3,Base E5,0.0378253459930419
3,Base E5,0.0565135478973388
3,Base E5,0.0073027610778808
3,Base E5,0.0088258385658264
3,Base E5,0.085076630115509
3,Base E5,0.0851860046386718
3,Base E5,0.0198114514350891
3,Base E5,0.0065292716026306
3,Base E5,0.1144332885742187
3,Base E5,0.0978679060935974
3,Base E5,0.0123199820518493
3,Base E5,0.0544928908348083
3,Base E5,-0.0204488039016723
3,Base E5,-0.0228770971298217
3,Base E5,0.0057094097137451
3,Base E5,0.0129637122154235
3,Base E5,0.0875354409217834
3,Base E5,0.079109251499176
3,Base E5,0.0587809085845947
3,Base E5,0.0842782258987426
3,Base E5,0.0031128525733947
3,Base E5,0.0510821342468261
3,Base E5,0.0393674969673156
3,Base E5,0.0280673503875732
3,Base E5,0.0575249195098876
3,Base E5,0.0045915842056274
3,Base E5,0.0056591033935546
3,Base E5,0.0476805567741394
3,Base E5,0.0666011571884155
3,Base E5,0.0659608244895935
3,Base E5,0.0167011022567749
3,Base E5,0.1062391400337219
3,Base E5,-0.0304630398750305
3,Base E5,-0.0059170722961425
3,Base E5,0.0198203921318054
3,Base E5,-0.0006206035614013
3,Base E5,0.001991868019104
3,Base E5,0.0221299529075622
3,Base E5,0.0261167287826538
3,Base E5,0.003929853439331
3,Base E5,0.0337929129600524
3,Base E5,-0.0059805512428283
3,Base E5,-0.0327154397964477
3,Base E5,-0.0289668440818786
3,Base E5,0.0557625889778137
3,Base E5,0.0897703766822815
3,Base E5,0.0323516726493835
3,Base E5,0.0585877299308776
3,Base E5,-0.0023135542869567
3,Base E5,0.0182642340660095
3,Base E5,-0.000455617904663
3,Base E5,-0.0209034085273742
3,Base E5,0.0818130373954773
3,Base E5,-0.0290601849555969
3,Base E5,0.0260099172592163
3,Base E5,-0.01248699426651
3,Base E5,0.0337249040603637
3,Base E5,-0.0255009531974792
3,Base E5,0.0231683850288391
3,Base E5,-1.6808509826660156e-05
3,Base E5,-0.0280407667160034
3,Base E5,0.0708999633789062
3,Base E5,0.016518235206604
3,Base E5,0.0135247707366943
3,Base E5,0.0116724371910095
3,Base E5,0.0771173238754272
3,Base E5,0.0025911927223205
3,Base E5,0.012208342552185
3,Base E5,0.0398728847503662
3,Base E5,0.0466804504394531
3,Base E5,0.0497432947158813
3,Base E5,0.0319557189941406
3,Base E5,0.0005562305450439
3,Base E5,0.0960097312927246
3,Base E5,0.047395646572113
3,Base E5,0.0328736901283264
3,Base E5,0.026027500629425
3,Base E5,0.0286535024642944
3,Base E5,0.0561091899871826
3,Base E5,0.0455802679061889
3,Base E5,0.0797500610351562
3,Base E5,0.0660910010337829
3,Base E5,0.0538445115089416
3,Base E5,0.0470306277275085
3,Base E5,0.0060327053070068
3,Base E5,0.0546761155128479
3,Base E5,0.0504543781280517
3,Base E5,0.0507659912109375
3,Base E5,0.051995038986206
3,Base E5,0.0367228984832763
3,Base E5,0.0214676856994628
3,Base E5,0.033907413482666
3,Base E5,0.048671543598175
3,Base E5,0.0188298225402832
3,Base E5,0.0107243061065673
3,Base E5,0.028334617614746
3,Base E5,0.019962728023529
3,Base E5,0.0007317066192626
3,Base E5,0.0877175331115722
3,Base E5,0.0199474692344665
3,Base E5,0.0528546571731567
3,Base E5,0.0051559209823608
3,Base E5,-0.0031863451004028
3,Base E5,-0.0002923607826232
3,Base E5,0.020925223827362
3,Base E5,0.0097281336784362
3,Base E5,-0.010462999343872
3,Base E5,0.0173767209053039
3,Base E5,0.0329019427299499
3,Base E5,-0.001688003540039
3,Base E5,0.0190050601959228
3,Base E5,0.0279277563095092
3,Base E5,0.0735127925872802
3,Base E5,0.0383629202842712
3,Base E5,0.061026394367218
3,Base E5,-0.0113627314567565
3,Base E5,0.1180423498153686
3,Base E5,0.0812223553657531
3,Base E5,0.1029333472251892
3,Base E5,-0.0112833976745605
3,Base E5,0.0252882838249206
3,Base E5,0.0325955152511596
3,Base E5,0.0165086388587951
3,Base E5,0.022179901599884
3,Base E5,0.0469545722007751
3,Base E5,-0.0332230329513549
3,Base E5,-0.003055989742279
3,Base E5,-0.0297523736953735
3,Base E5,0.0472831726074218
3,Base E5,0.0362496376037597
3,Base E5,0.0318211913108825
3,Base E5,0.064078688621521
3,Base E5,0.0342738628387451
3,Base E5,-0.0014578104019165
3,Base E5,0.0133634805679321
3,Base E5,0.0340787172317504
3,Base E5,0.029049813747406
3,Base E5,0.0047183632850646
3,Base E5,0.0038344264030456
3,Base E5,0.1001024842262268
3,Base E5,0.0260097384452819
3,Base E5,0.0607016086578369
3,Base E5,-0.0066310763359069
3,Base E5,0.0364757776260376
3,Base E5,0.0446467995643615
3,Base E5,0.0547749996185302
3,Base E5,0.0144568085670471
3,Base E5,0.0909807085990905
3,Base E5,0.1026137471199035
3,Base E5,0.0712153911590576
3,Base E5,0.012108564376831
3,Base E5,0.0429145693778991
3,Base E5,0.0222822427749633
3,Base E5,0.0395605564117431
3,Base E5,0.0566577315330505
3,Base E5,0.0365442037582397
3,Base E5,0.0359182357788085
3,Base E5,0.0231554508209228
3,Base E5,0.0698909163475036
3,Base E5,0.0485872030258178
3,Base E5,0.0804419517517089
3,Base E5,0.0371705889701843
3,Base E5,0.0237448811531066
3,Base E5,0.020451545715332
3,Base E5,0.019447386264801
3,Base E5,-0.0170695781707763
3,Base E5,0.0626781582832336
3,Base E5,0.0098891854286193
3,Base E5,0.0222859978675842
3,Base E5,0.0270224213600158
3,Base E5,0.0302335619926452
3,Base E5,-0.0003803372383117
3,Base E5,0.0767790675163269
3,Base E5,0.0352658033370971
3,Base E5,0.0430406332015991
3,Base E5,0.0253950953483581
3,Base E5,0.0502169728279113
3,Base E5,0.0047550201416015
3,Base E5,0.0712130069732666
3,Base E5,0.0480958223342895
3,Base E5,0.0402357578277587
3,Base E5,0.0069842934608459
3,Base E5,0.0610537528991699
3,Base E5,0.0282846093177795
3,Base E5,0.0151588320732116
3,Base E5,0.0253031253814697
3,Base E5,0.0394944548606872
3,Base E5,0.0009287595748901
3,Base E5,0.0661130547523498
3,Base E5,-0.0089458227157592
3,Base E5,0.0375899672508239
3,Base E5,0.0454103350639343
3,Base E5,0.0034723877906799
3,Base E5,-0.0120685696601867
3,Base E5,0.0294073224067688
3,Base E5,-0.0193726420402526
3,Base E5,0.1026551127433776
3,Base E5,0.0272135138511657
3,Base E5,0.0527953505516052
3,Base E5,0.0563806295394897
3,Base E5,0.0200378894805908
3,Base E5,0.0352178215980529
3,Base E5,0.0072458982467651
3,Base E5,0.0083037018775939
3,Base E5,0.0491958260536193
3,Base E5,-0.0073491334915161
3,Base E5,0.0074524879455566
3,Base E5,0.03265380859375
3,Base E5,0.0342153310775756
3,Base E5,0.0214495658874511
3,Base E5,-0.0333210825920105
3,Base E5,-0.0029171109199523
3,Base E5,0.0145850181579589
3,Base E5,0.0100618004798889
3,Base E5,0.0397800207138061
3,Base E5,0.0339137315750122
3,Base E5,0.051424503326416
3,Base E5,0.0582681894302368
3,Base E5,0.0277754068374633
3,Base E5,0.0760625600814819
3,Base E5,0.039487600326538
3,Base E5,0.0598354935646057
3,Base E5,0.0075339078903198
3,Base E5,0.0349610447883605
3,Base E5,0.0304896235466003
3,Base E5,0.0593357682228088
3,Base E5,0.0206502079963684
3,Base E5,0.0816541910171508
3,Base E5,-0.0059010386466979
3,Base E5,0.0405446290969848
3,Base E5,-0.000849962234497
3,Base E5,0.029889166355133
3,Base E5,-0.0146980881690979
3,Base E5,0.0081643462181091
3,Base E5,0.0249810814857482
3,Base E5,-0.0253829956054687
3,Base E5,0.0642997622489929
3,Base E5,0.0241541266441345
3,Base E5,0.0236980319023132
3,Base E5,0.0495986342430114
3,Base E5,0.001668632030487
3,Base E5,-0.0036463737487792
3,Base E5,0.0141421556472778
3,Base E5,0.0163884162902832
3,Base E5,0.0471072793006897
3,Base E5,0.0203048586845397
3,Base E5,0.0228534936904907
3,Base E5,0.0463902354240417
3,Base E5,0.0271894335746765
3,Base E5,0.0791569948196411
3,Base E5,0.0537227988243103
3,Base E5,0.0858008861541748
3,Base E5,0.0725356936454773
3,Base E5,-0.0328212976455688
3,Base E5,-0.0054279565811157
3,Base E5,0.0143340229988098
3,Base E5,0.0080665946006774
3,Base E5,-0.0185276865959167
3,Base E5,-0.0368670225143432
3,Base E5,0.0333086848258972
3,Base E5,0.0234891176223754
3,Base E5,-0.004068374633789
3,Base E5,0.0306131243705749
3,Base E5,0.0359452962875366
3,Base E5,0.0502812266349792
3,Base E5,0.0078681111335754
3,Base E5,-0.024188756942749
3,Base E5,0.0265989303588867
3,Base E5,-0.0042167901992797
3,Base E5,-0.0023097991943359
3,Base E5,-0.0239069461822509
3,Base E5,0.0173209905624389
3,Base E5,0.0087396502494812
3,Base E5,0.0116381049156188
3,Base E5,0.0131492614746093
3,Base E5,-0.0075308680534362
3,Base E5,0.0233728289604187
3,Base E5,0.0556053519248962
3,Base E5,0.0384052395820617
3,Base E5,0.0439068675041198
3,Base E5,0.069921851158142
3,Base E5,0.0483235716819763
3,Base E5,-0.025847852230072
3,Base E5,0.0244556665420532
3,Base E5,0.0505263209342956
3,Base E5,0.037735641002655
3,Base E5,0.0200067162513732
3,Base E5,-0.0048187375068664
3,Base E5,0.0645819306373596
3,Base E5,0.0075255632400512
3,Base E5,0.0402866601943969
3,Base E5,0.0086039900779724
3,Base E5,0.0316829085350036
3,Base E5,0.0193123221397399
3,Base E5,-0.0072039365768432
3,Base E5,-0.0216153860092163
3,Base E5,-0.0274510383605957
3,Base E5,0.0036473870277404
3,Base E5,0.0264678597450256
3,Base E5,0.033397376537323
3,Base E5,-0.015558898448944
3,Base E5,-0.0453289747238159
3,Base E5,0.022110641002655
3,Base E5,0.0350547432899475
3,Base E5,0.0243165493011474
3,Base E5,0.0780982971191406
3,Base E5,0.0616798400878906
3,Base E5,0.0050094723701477
3,Base E5,0.0455967783927917
3,Base E5,0.0288869738578796
3,Base E5,0.0399549603462219
3,Base E5,0.0187205076217651
3,Base E5,0.0286794304847717
3,Base E5,-0.002463936805725
3,Base E5,-0.0148495435714721
3,Base E5,0.0010974407196044
3,Base E5,0.0058479905128479
3,Base E5,0.0160207748413085
3,Base E5,0.0033262372016906
3,Base E5,0.0783512592315673
3,Base E5,0.0042725801467895
3,Base E5,0.032898724079132
3,Base E5,-0.0192261934280395
3,Base E5,0.0436223149299621
3,Base E5,0.0667234063148498
3,Base E5,0.1137038469314575
3,Base E5,-0.028669536113739
3,Base E5,-0.0192925930023193
3,Base E5,0.0387981534004211
3,Base E5,0.0832241177558898
3,Base E5,0.009312093257904
3,Base E5,0.0498536229133605
3,Base E5,0.0306687355041503
3,Base E5,0.0305068492889404
3,Base E5,0.0281009674072265
3,Base E5,0.0107969045639038
3,Base E5,0.0538673996925354
3,Base E5,0.0145244598388671
3,Base E5,0.0119521021842956
3,Base E5,4.1544437408447266e-05
3,Base E5,0.0532117486000061
3,Base E5,0.0391421318054199
3,Base E5,0.1054826378822326
3,Base E5,-0.009763479232788
3,Base E5,0.0385982394218444
3,Base E5,-0.0014635920524597
3,Base E5,0.0494950413703918
3,Base E5,0.0068384408950805
3,Base E5,0.0938532948493957
3,Base E5,0.0770382285118103
3,Base E5,0.0756620168685913
3,Base E5,0.040770947933197
3,Base E5,0.0405207276344299
3,Base E5,-0.0044648647308349
3,Base E5,-0.0034171342849731
3,Base E5,-1.341104507446289e-05
3,Base E5,0.0344303250312805
3,Base E5,0.0277146100997924
3,Base E5,0.0241118073463439
3,Base E5,0.0012536644935607
3,Base E5,-0.0184615850448608
3,Base E5,0.04205983877182
3,Base E5,-0.0053255558013916
3,Base E5,-0.0260464549064636
3,Base E5,0.0871243476867675
3,Base E5,0.0062789320945739
3,Base E5,-0.0471248030662536
3,Base E5,0.0038546919822692
3,Base E5,0.096994400024414
3,Base E5,-0.0051693320274353
3,Base E5,-0.0116394162178039
3,Base E5,-0.0507993698120117
3,Base E5,0.0268071293830871
3,Base E5,0.0110309123992919
3,Base E5,-0.0406422019004821
3,Base E5,0.0072836875915527
3,Base E5,0.034397006034851
3,Base E5,-0.0115493535995483
3,Base E5,-0.0102187395095825
3,Base E5,0.0076212882995605
3,Base E5,0.0617406368255615
3,Base E5,0.0118612647056579
3,Base E5,-0.003799557685852
3,Base E5,0.0204831957817077
3,Base E5,0.062180757522583
3,Base E5,-0.037498652935028
3,Base E5,-0.01313978433609
3,Base E5,-0.0102705359458923
3,Base E5,0.088136076927185
3,Base E5,0.0914187431335449
3,Base E5,0.0015797615051269
3,Base E5,0.0449358820915222
3,Base E5,0.0337116122245788
3,Base E5,-0.0165407657623291
3,Base E5,-0.0195581316947937
3,Base E5,0.0667046904563903
3,Base E5,0.0694219470024108
3,Base E5,0.0218604803085327
3,Base E5,0.0541020631790161
3,Base E5,0.0018613338470458
3,Base E5,0.0713177323341369
3,Base E5,-0.0150835514068603
3,Base E5,0.0441043376922607
3,Base E5,0.0288786888122558
3,Base E5,0.0558723807334899
3,Base E5,-0.0818541646003723
3,Base E5,0.0482870936393737
3,Base E5,0.0316783189773559
3,Base E5,0.0854701995849609
3,Base E5,0.0042663216590881
3,Base E5,0.0502923130989074
3,Base E5,0.0210562944412231
3,Base E5,0.0054807066917419
3,Base E5,-0.0032273530960083
3,Base E5,0.0033719539642333
3,Base E5,0.0301050543785095
3,Base E5,0.0272285342216491
3,Base E5,0.0058462619781494
3,Base E5,0.0033294558525085
3,Base E5,-0.0025322437286376
3,Base E5,0.0555737018585205
3,Base E5,0.0008940696716308
3,Base E5,0.0756559371948242
3,Base E5,-0.0008031725883483
3,Base E5,0.0198445320129394
3,Base E5,0.0822764635086059
3,Base E5,0.0114357471466064
3,Base E5,0.0566507577896118
3,Base E5,0.0444826483726501
3,Base E5,0.0365180373191833
3,Base E5,0.0786001682281494
3,Base E5,0.0770532488822937
3,Base E5,0.0652284622192382
3,Base E5,0.0130591988563537
3,Base E5,0.0350515246391296
3,Base E5,0.0123604536056518
3,Base E5,0.0615130066871643
3,Base E5,0.0114286541938781
3,Base E5,0.0380332469940185
3,Base E5,-0.0439045429229736
3,Base E5,0.0723240971565246
3,Base E5,0.0062743425369262
3,Base E5,-0.0200580954551696
3,Base E5,0.0267215967178344
3,Base E5,0.0146840214729309
3,Base E5,0.0064024329185485
3,Base E5,0.0402513146400451
3,Base E5,0.0385403037071228
3,Base E5,0.0006252527236938
3,Base E5,0.0425299406051635
3,Base E5,0.0638484358787536
3,Base E5,0.0231081247329711
3,Base E5,0.0428054332733154
3,Base E5,0.0347068309783935
3,Base E5,0.0495256185531616
3,Base E5,0.0192310810089111
3,Base E5,0.02954763174057
3,Base E5,0.0094202160835266
3,Base E5,0.037727952003479
3,Base E5,-0.0207318663597106
3,Base E5,-0.0040833353996276
3,Base E5,0.0042535662651062
3,Base E5,0.0233750343322753
3,Base E5,0.0143710374832153
3,Base E5,0.0479041934013366
3,Base E5,0.0238926410675048
3,Base E5,0.0288664102554321
3,Base E5,0.0189372897148132
3,Base E5,0.0118272304534912
3,Base E5,0.0032585263252258
3,Base E5,0.0068974494934082
3,Base E5,0.0236532688140869
3,Base E5,0.0829531550407409
3,Base E5,0.0584434270858764
3,Base E5,0.0622505545616149
3,Base E5,0.0216127634048461
3,Base E5,0.0236139893531799
3,Base E5,0.0315876007080078
3,Base E5,0.0395190119743347
3,Base E5,0.0186407566070556
3,Base E5,0.0030858516693115
3,Base E5,0.0086418986320495
3,Base E5,0.0274322032928466
3,Base E5,-0.0099222660064697
3,Base E5,-0.0009548068046569
3,Base E5,0.0008490681648254
3,Base E5,-0.0004949569702148
3,Base E5,-0.0035081505775451
3,Base E5,0.0085300207138061
3,Base E5,0.009152352809906
3,Base E5,0.0043529868125915
3,Base E5,0.026602029800415
3,Base E5,0.034263789653778
3,Base E5,0.0060189962387084
3,Base E5,0.0109667778015136
3,Base E5,0.0220904946327209
3,Base E5,0.0338248014450073
3,Base E5,0.0193964838981628
3,Base E5,0.0727033615112304
3,Base E5,0.0022653937339782
3,Base E5,0.023401916027069
3,Base E5,0.0275135040283203
3,Base E5,0.0145676136016845
3,Base E5,0.008502185344696
3,Base E5,-0.0189567804336547
3,Base E5,0.0126788616180419
3,Base E5,0.0544105768203735
3,Base E5,-0.0102474689483642
3,Base E5,0.0628966093063354
3,Base E5,-0.0041502118110656
3,Base E5,-0.0374619364738464
3,Base E5,-0.0219976902008056
3,Base E5,-0.0086308121681213
3,Base E5,0.062549889087677
3,Base E5,0.0235050916671752
3,Base E5,0.013969600200653
3,Base E5,0.0292544960975646
3,Base E5,0.0259991288185119
3,Base E5,-0.0150092244148254
3,Base E5,0.02753347158432
3,Base E5,0.0147947072982788
3,Base E5,0.0139810442924499
3,Base E5,-0.0005933046340942
3,Base E5,0.0147241353988647
3,Base E5,0.0401055812835693
3,Base E5,0.0180988907814025
3,Base E5,0.0006768703460693
3,Base E5,0.0181774497032165
3,Base E5,0.0204925537109375
3,Base E5,0.0201949477195739
3,Base E5,0.03324556350708
3,Base E5,0.0113464593887329
3,Base E5,0.060429036617279
3,Base E5,-0.0343784093856811
3,Base E5,0.0338302254676818
3,Base E5,-0.0012935996055603
3,Base E5,0.0788893103599548
3,Base E5,0.0194741487503051
3,Base E5,0.0724626779556274
3,Base E5,0.0060489177703857
3,Base E5,0.0273928642272949
3,Base E5,-0.0059850215911865
3,Base E5,0.0469944477081298
3,Base E5,-0.020084261894226
3,Base E5,0.0271143317222595
3,Base E5,0.0589104890823364
3,Base E5,0.0577865839004516
3,Base E5,-0.0048257112503051
3,Base E5,0.036360740661621
3,Base E5,0.0469281673431396
3,Base E5,0.0127046108245849
3,Base E5,0.0329828262329101
3,Base E5,0.0027763247489929
3,Base E5,0.0222668647766113
3,Base E5,0.0152997374534606
3,Base E5,0.034638226032257
3,Base E5,0.0953090786933898
3,Base E5,0.0222120285034179
3,Base E5,0.0893780589103698
3,Base E5,0.0458813309669494
3,Base E5,-0.0091260075569152
3,Base E5,0.0500416755676269
3,Base E5,0.0385987758636474
3,Base E5,0.0059916377067565
3,Base E5,0.0548001527786254
3,Base E5,0.0537027716636657
3,Base E5,0.0236226916313171
3,Base E5,0.0464500188827514
3,Base E5,0.010015845298767
3,Base E5,-0.0060879588127136
3,Base E5,-0.0018322467803955
3,Base E5,-0.0275317430496215
3,Base E5,0.0261315703392028
3,Base E5,0.0032583475112915
3,Base E5,0.03599214553833
3,Base E5,0.0110017657279968
3,Base E5,0.0147945284843444
3,Base E5,0.0251758694648742
3,Base E5,0.0240698456764221
3,Base E5,-0.0020011067390441
3,Base E5,0.0279092192649841
3,Base E5,0.0113405585289001
3,Base E5,0.0157243013381958
3,Base E5,0.0290555357933044
3,Base E5,0.050747275352478
3,Base E5,0.0451816916465759
3,Base E5,0.0353316664695739
3,Base E5,0.0221464037895202
3,Base E5,0.0334106683731079
3,Base E5,0.0726430416107177
3,Base E5,0.0098127126693725
3,Base E5,0.0190162658691406
3,Base E5,0.0189129710197448
3,Base E5,0.0252929329872131
3,Base E5,0.0016062259674072
3,Base E5,0.0233744382858276
3,Base E5,-0.0010303258895874
3,Base E5,0.1212096810340881
3,Base E5,0.0590885877609252
3,Base E5,-0.0031112432479858
3,Base E5,0.0351542830467224
3,Base E5,0.0370003581047058
3,Base E5,0.0046797394752502
3,Base E5,0.039416491985321
3,Base E5,0.033298373222351
3,Base E5,0.0534940361976623
3,Base E5,-0.028959035873413
3,Base E5,0.0139098167419433
3,Base E5,0.0101521611213684
3,Base E5,0.0380511879920959
3,Base E5,0.003481388092041
3,Base E5,-0.0463674068450927
3,Base E5,0.0171237587928771
3,Base E5,0.0186535120010375
3,Base E5,0.0464816093444824
3,Base E5,0.0330730080604553
3,Base E5,0.0065933465957641
3,Base E5,-0.0281264781951904
3,Base E5,0.0376349687576293
3,Base E5,-0.0091477036476135
3,Base E5,-0.0326321125030517
3,Base E5,0.0243691802024841
3,Base E5,0.0531619191169738
3,Base E5,0.0420302152633667
3,Base E5,0.0457749366760253
3,Base E5,0.0772087574005127
3,Base E5,0.0445044040679931
3,Base E5,0.0200312733650207
3,Base E5,0.0459145307540893
3,Base E5,0.0164272785186767
3,Base E5,0.0150877237319946
3,Base E5,0.0187761783599853
3,Base E5,0.0581870675086975
3,Base E5,0.0046266913414001
3,Base E5,0.026844322681427
3,Base E5,-0.0111330151557922
3,Base E5,0.0202065706253051
3,Base E5,0.0612566471099853
3,Base E5,0.1057157516479492
3,Base E5,0.0371659398078918
3,Base E5,-0.0010386109352111
3,Base E5,0.0048407912254333
3,Base E5,0.0237938165664672
3,Base E5,0.0035250782966613
3,Base E5,0.0400359630584716
3,Base E5,0.0289760828018188
3,Base E5,0.0523323416709899
3,Base E5,0.0518485903739929
3,Base E5,-0.0087937712669372
3,Base E5,0.0160335302352905
3,Base E5,-0.0001589059829711
3,Base E5,0.0245156288146972
3,Base E5,0.0550434589385986
3,Base E5,0.061781108379364
3,Base E5,0.0214506983757019
3,Base E5,0.0494600534439086
3,Base E5,0.0656070113182067
3,Base E5,0.0661173462867736
3,Base E5,0.0520703792572021
3,Base E5,0.0594052076339721
3,Base E5,0.0407176613807678
3,Base E5,0.0199211835861206
3,Base E5,0.0231806635856628
3,Base E5,0.0131717324256896
3,Base E5,0.0371572971343994
3,Base E5,-0.0040683150291442
3,Base E5,-0.0142921805381774
3,Base E5,-0.0098535418510437
3,Base E5,0.0304526686668396
3,Base E5,0.0749608874320983
3,Base E5,0.0478360056877136
3,Base E5,0.0431325435638427
3,Base E5,0.0119631290435791
3,Base E5,0.0372486114501953
3,Base E5,-0.0264515280723571
3,Base E5,0.0326557159423828
3,Base E5,0.0124136805534362
3,Base E5,0.008064866065979
3,Base E5,0.0317864418029785
3,Base E5,0.0335956811904907
3,Base E5,-0.0289298295974731
3,Base E5,0.0197101235389709
3,Base E5,0.0054488778114318
3,Base E5,0.0021976232528686
3,Base E5,0.038302719593048
3,Base E5,0.0739147663116455
3,Base E5,0.0293458700180053
3,Base E5,0.0251250863075256
3,Base E5,0.0429636240005493
3,Base E5,0.0248641967773437
3,Base E5,0.0424500107765197
3,Base E5,0.0304625630378723
3,Base E5,0.0349915027618408
3,Base E5,0.0062009692192077
3,Base E5,0.0155690312385559
3,Base E5,0.0133478641510009
3,Base E5,0.0145635604858398
3,Base E5,0.0068280696868896
3,Base E5,0.0394232273101806
3,Base E5,0.0225237011909484
3,Base E5,0.0339172482490539
3,Base E5,0.0251340866088867
3,Base E5,0.0931543111801147
3,Base E5,0.0308291912078857
3,Base E5,0.0649182200431823
3,Base E5,-0.0083622336387634
3,Base E5,0.0573031306266784
3,Base E5,-0.0057441592216491
3,Base E5,0.0058432817459106
3,Base E5,0.0114096999168396
3,Base E5,-0.0036852955818176
3,Base E5,0.0042028427124023
3,Base E5,0.0526149868965148
3,Base E5,-0.0047476291656494
3,Base E5,0.0669389963150024
3,Base E5,0.0537289381027221
3,Base E5,0.0322402715682983
3,Base E5,-0.010177731513977
3,Base E5,-0.0161783099174499
3,Base E5,0.0569194555282592
3,Base E5,-0.0011204481124877
3,Base E5,0.118115484714508
3,Base E5,0.0025914907455444
3,Base E5,0.0345463752746582
3,Base E5,0.024809718132019
3,Base E5,0.0003506541252136
3,Base E5,0.0393311977386474
3,Base E5,0.000672698020935
3,Base E5,0.0482881665229797
3,Base E5,0.0562751293182373
3,Base E5,-0.0273732542991638
3,Base E5,0.0604007840156555
3,Base E5,0.0261755585670471
3,Base E5,0.0183622241020202
3,Base E5,-0.010699450969696
3,Base E5,0.0187577009201049
3,Base E5,0.0369392037391662
3,Base E5,0.0062941908836364
3,Base E5,0.0097573399543762
3,Base E5,0.0211719870567321
3,Base E5,0.0832435488700866
3,Base E5,0.0707379579544067
3,Base E5,0.0359401702880859
3,Base E5,0.0645763874053955
3,Base E5,-0.0067163705825805
3,Base E5,0.0032243132591247
3,Base E5,-0.0040074586868286
3,Base E5,-0.0122492909431457
3,Base E5,0.0195025205612182
3,Base E5,0.0390611290931701
3,Base E5,0.0344392657279968
3,Base E5,0.0183193683624267
3,Base E5,0.1174139976501464
3,Base E5,0.0490680336952209
3,Base E5,0.029701828956604
3,Base E5,0.0773119926452636
3,Base E5,0.0512227416038513
3,Base E5,0.0228747725486755
3,Base E5,0.0188465118408203
3,Base E5,0.045224905014038
3,Base E5,0.0466949939727783
3,Base E5,0.065835416316986
3,Base E5,0.0475502014160156
3,Base E5,0.0247524380683898
3,Base E5,0.0396428108215332
3,Base E5,0.0240700244903564
3,Base E5,0.0052775740623474
3,Base E5,-0.0107338428497314
3,Base E5,0.0103483200073242
3,Base E5,-0.0067291259765625
3,Base E5,0.046429693698883
3,Base E5,0.0331853032112121
3,Base E5,0.0349864363670349
3,Base E5,0.0277627706527709
3,Base E5,-0.0136975049972534
3,Base E5,0.0266357064247131
3,Base E5,0.0478783845901489
3,Base E5,-0.0026681423187255
3,Base E5,0.0487470030784606
3,Base E5,0.0340026021003723
3,Base E5,-0.0039693117141723
3,Base E5,0.0464188456535339
3,Base E5,-0.0138032436370849
3,Base E5,-0.0131245255470275
3,Base E5,-0.031958520412445
3,Base E5,0.0494498014450073
3,Base E5,-0.0033771991729736
3,Base E5,-0.0298966169357299
3,Base E5,0.0185763835906982
3,Base E5,0.048665702342987
3,Base E5,0.0110756754875183
3,Base E5,0.0451323986053466
3,Base E5,0.0224579572677612
3,Base E5,0.0195645093917846
3,Base E5,0.0195529460906982
3,Base E5,0.0647103786468505
3,Base E5,0.0566655397415161
3,Base E5,0.0475448966026306
3,Base E5,0.001868724822998
3,Base E5,0.0558761358261108
3,Base E5,0.0365389585494995
3,Base E5,0.0098745226860046
3,Base E5,0.0163394212722778
3,Base E5,0.011631965637207
3,Base E5,-0.0097378492355346
3,Base E5,0.0242746472358703
3,Base E5,0.0181482434272766
3,Base E5,0.0076096653938293
3,Base E5,0.0310996174812316
3,Base E5,0.0073187351226806
3,Base E5,-0.0021867156028747
3,Base E5,0.035623550415039
3,Base E5,0.0107263922691345
3,Base E5,0.04665207862854
3,Base E5,0.0185189843177795
3,Base E5,0.0467286109924316
3,Base E5,0.0173771381378173
3,Base E5,0.0161407589912414
3,Base E5,0.0346472263336181
3,Base E5,0.0258284211158752
3,Base E5,0.0261018276214599
3,Base E5,0.007479965686798
3,Base E5,0.0002112984657287
3,Base E5,-0.0021662712097167
3,Base E5,0.0229835510253906
3,Base E5,0.0224493741989135
3,Base E5,0.004013180732727
3,Base E5,0.024299144744873
3,Base E5,0.0364459753036499
3,Base E5,0.0333861708641052
3,Base E5,0.0106948018074035
3,Base E5,0.0943944454193115
3,Base E5,0.0219383835792541
3,Base E5,0.0399043560028076
3,Base E5,-0.00142502784729
3,Base E5,0.0092179775238037
3,Base E5,0.0134920477867126
3,Base E5,0.0078132152557373
3,Base E5,0.0114864706993103
3,Base E5,0.011720597743988
3,Base E5,0.0054284930229187
3,Base E5,0.0334336757659912
3,Base E5,0.0226078033447265
3,Base E5,0.0127941370010375
3,Base E5,0.0399828553199768
3,Base E5,-0.002674400806427
3,Base E5,-0.0148215889930725
3,Base E5,0.0231363773345947
3,Base E5,0.0017455220222473
3,Base E5,0.0116521716117858
3,Base E5,0.0491461753845214
3,Base E5,0.0258854031562805
3,Base E5,0.0413101911544799
3,Base E5,0.1068207025527954
3,Base E5,0.0111487507820129
3,Base E5,0.0245922803878784
3,Base E5,0.029301643371582
3,Base E5,0.0167197585105896
3,Base E5,0.027944266796112
3,Base E5,0.0050464272499084
3,Base E5,0.050555944442749
3,Base E5,0.107764720916748
3,Base E5,0.0130791068077087
3,Base E5,0.0418775677680969
3,Base E5,0.0054472684860229
3,Base E5,0.0260624885559082
3,Base E5,0.0476139783859252
3,Base E5,-0.0031495690345764
3,Base E5,-0.015187919139862
3,Base E5,0.0110648274421691
3,Base E5,0.0227380990982055
3,Base E5,0.0522108674049377
3,Base E5,-0.0202195048332214
3,Base E5,0.0449921488761901
3,Base E5,0.0038867592811584
3,Base E5,0.0103030800819396
3,Base E5,0.0867048501968383
3,Base E5,0.006194531917572
3,Base E5,0.0212678909301757
3,Base E5,0.0027170181274414
3,Base E5,0.0469393730163574
3,Base E5,0.0283175110816955
3,Base E5,0.0452277660369873
3,Base E5,0.000120997428894
3,Base E5,0.0142348408699035
3,Base E5,0.0788608789443969
3,Base E5,0.039661705493927
3,Base E5,0.0524791479110717
3,Base E5,0.0494683980941772
3,Base E5,0.029226541519165
3,Base E5,0.0508521199226379
3,Base E5,0.0532401800155639
3,Base E5,0.0748770236968994
3,Base E5,0.0298663973808288
3,Base E5,-0.0004622340202331
3,Base E5,0.0348192453384399
3,Base E5,-0.0008133053779602
3,Base E5,0.0449803471565246
3,Base E5,0.0104267001152038
3,Base E5,-0.0041689276695251
3,Base E5,-0.0112699270248413
3,Base E5,0.0203549861907959
3,Base E5,-0.0013760924339294
3,Base E5,-0.0396339893341064
3,Base E5,0.0444455742835998
3,Base E5,0.0213747024536132
3,Base E5,-0.0004928112030029
3,Base E5,0.0436704754829406
3,Base E5,0.0278409719467163
3,Base E5,0.037715196609497
3,Base E5,-0.0017458200454711
3,Base E5,-0.0048304200172424
3,Base E5,0.0149335861206054
3,Base E5,-0.0234457850456237
3,Base E5,0.0248675942420959
3,Base E5,0.0550655722618103
3,Base E5,0.0231767296791076
3,Base E5,0.0036012530326843
3,Base E5,-0.0036802291870117
3,Base E5,0.0185742974281311
3,Base E5,0.0475443005561828
3,Base E5,-0.0073977708816528
3,Base E5,-0.0037537217140197
3,Base E5,-0.0016261339187622
3,Base E5,-0.0050069689750671
3,Base E5,0.0082402825355529
3,Base E5,-0.0221332311630249
3,Base E5,0.0252445936203002
3,Base E5,0.0265424251556396
3,Base E5,-0.0149691700935363
3,Base E5,0.0949053764343261
3,Base E5,-0.0100796818733215
3,Base E5,0.0849350690841674
3,Base E5,0.04432213306427
3,Base E5,0.0615119338035583
3,Base E5,-0.0030412077903747
3,Base E5,-0.0107552409172058
3,Base E5,0.0128737092018127
3,Base E5,0.0232693552970886
3,Base E5,0.0255517959594726
3,Base E5,0.0214220285415649
3,Base E5,0.0342815518379211
3,Base E5,0.0023834705352783
3,Base E5,0.0277928709983825
3,Base E5,0.030080497264862
3,Base E5,-0.0135684609413146
3,Base E5,0.0275608301162719
3,Base E5,0.0048878192901611
3,Base E5,0.0466545224189758
3,Base E5,0.0234256982803344
3,Base E5,-0.0219096541404724
3,Base E5,0.0617671012878418
3,Base E5,0.0062152743339538
3,Base E5,0.0519390106201171
3,Base E5,-0.0251314640045166
3,Base E5,0.0247503519058227
3,Base E5,0.0241472125053405
3,Base E5,0.0267454385757446
3,Base E5,0.0268881320953369
3,Base E5,0.0336701273918151
3,Base E5,0.044939637184143
3,Base E5,-0.0068292021751403
3,Base E5,0.058946669101715
3,Base E5,0.017520785331726
3,Base E5,0.0223707556724548
3,Base E5,-0.0012252926826477
3,Base E5,0.0360791683197021
3,Base E5,0.0118926167488098
3,Base E5,0.0283451080322265
3,Base E5,0.0301752090454101
3,Base E5,0.0387476086616516
3,Base E5,0.0166003108024597
3,Base E5,0.0482940077781677
3,Base E5,0.0301319956779479
3,Base E5,0.054827868938446
3,Base E5,0.0412774682044982
3,Base E5,0.0034191608428955
3,Base E5,0.0407368540763855
3,Base E5,0.0522345900535583
3,Base E5,0.0356221795082092
3,Base E5,0.0064312815666198
3,Base E5,0.0422145724296569
3,Base E5,0.0401442050933837
3,Base E5,0.0005981922149658
3,Base E5,0.0707840323448181
3,Base E5,0.0630010366439819
3,Base E5,0.0309106111526489
3,Base E5,0.0030372142791748
3,Base E5,0.0348449349403381
3,Base E5,0.0179358720779418
3,Base E5,0.0262715816497802
3,Base E5,0.0441767573356628
3,Base E5,0.0311318635940551
3,Base E5,-0.0270850658416748
3,Base E5,0.0439114570617675
3,Base E5,0.0323577523231506
3,Base E5,0.0123049020767211
3,Base E5,0.0056546330451965
3,Base E5,0.0024659037590026
3,Base E5,-0.0229722261428833
3,Base E5,0.0356939435005188
3,Base E5,0.0436094999313354
3,Base E5,0.011847972869873
3,Base E5,0.0542060136795043
3,Base E5,0.0429499149322509
3,Base E5,0.0019346475601196
3,Base E5,0.041126549243927
3,Base E5,0.0574811697006225
3,Base E5,0.0625452399253845
3,Base E5,0.0503279566764831
3,Base E5,0.0659546256065368
3,Base E5,0.0550826787948608
3,Base E5,0.0725516080856323
3,Base E5,0.0335834622383117
3,Base E5,0.0340188741683959
3,Base E5,0.0396850705146789
3,Base E5,0.0085179209709167
3,Base E5,-0.0054941773414611
3,Base E5,0.0445336699485778
3,Base E5,0.0011587738990783
3,Base E5,0.059938371181488
3,Base E5,0.0331540703773498
3,Base E5,-0.0059059858322143
3,Base E5,0.0359209775924682
3,Base E5,0.0027092099189758
3,Base E5,0.0295748710632324
3,Base E5,-0.0203003287315368
3,Base E5,0.0216369032859802
3,Base E5,0.0465958714485168
3,Base E5,0.0062246322631835
3,Base E5,0.0453337430953979
3,Base E5,0.0155974030494689
3,Base E5,-0.0273435711860656
3,Base E5,0.0177962779998779
3,Base E5,0.0033087730407714
3,Base E5,0.003443956375122
3,Base E5,0.0216265320777893
3,Base E5,-0.0198854207992553
3,Base E5,0.0163889527320861
3,Base E5,-0.0095710754394531
3,Base E5,0.0022565126419067
3,Base E5,0.0142765045166015
3,Base E5,0.0660669803619384
3,Base E5,0.0511756539344787
3,Base E5,0.0694148540496826
3,Base E5,0.0430536866188049
3,Base E5,0.0589697360992431
3,Base E5,0.0335546731948852
3,Base E5,0.0167386531829834
3,Base E5,0.0176162123680114
3,Base E5,0.0411880612373352
3,Base E5,-0.0046446323394775
3,Base E5,0.0081880688667297
3,Base E5,0.0257379412651062
3,Base E5,0.0384847521781921
3,Base E5,0.0196614265441894
3,Base E5,0.0388761758804321
3,Base E5,-0.0325494408607482
3,Base E5,0.0023818016052246
3,Base E5,0.0662944316864013
3,Base E5,-0.0037724375724792
3,Base E5,-0.0059679150581359
3,Base E5,-0.0140848159790039
3,Base E5,-0.0145769119262695
3,Base E5,0.0339887142181396
3,Base E5,0.0437632203102111
3,Base E5,-0.0355828404426574
3,Base E5,0.0272176265716552
3,Base E5,0.0007758736610412
3,Base E5,0.0780401229858398
3,Base E5,0.0371584892272949
3,Base E5,0.0305486321449279
3,Base E5,-0.0098623037338256
3,Base E5,0.0287973284721374
3,Base E5,-0.0164787769317626
3,Base E5,-0.0103036761283874
3,Base E5,0.0223457217216491
3,Base E5,0.0118823051452636
3,Base E5,0.0403829216957092
3,Base E5,0.0174412131309509
3,Base E5,0.0450845956802368
3,Base E5,0.0070044994354248
3,Base E5,0.0350999236106872
3,Base E5,0.0204944014549255
3,Base E5,0.0284948348999023
3,Base E5,0.0274990200996398
3,Base E5,0.0275147557258605
3,Base E5,0.0508500933647155
3,Base E5,0.0271366238594055
3,Base E5,-0.0003257393836975
3,Base E5,0.0540425777435302
3,Base E5,-0.0062899589538574
3,Base E5,0.0733613967895507
3,Base E5,0.0765464305877685
3,Base E5,0.0365304946899414
3,Base E5,0.0132219195365905
3,Base E5,-0.0011550784111022
3,Base E5,0.0185176134109497
3,Base E5,0.0482562780380249
3,Base E5,0.0484983325004577
3,Base E5,-0.005200982093811
3,Base E5,-0.0333021283149719
3,Base E5,0.0019300580024719
3,Base E5,0.0115371942520141
3,Base E5,0.0480214357376098
3,Base E5,0.0528203845024108
3,Base E5,0.0519682765007019
3,Base E5,0.0172498822212219
3,Base E5,0.0248709321022033
3,Base E5,-0.0073418021202087
3,Base E5,-0.0054790377616882
3,Base E5,-0.0015377402305603
3,Base E5,0.0268997550010681
3,Base E5,-0.0505463480949401
3,Base E5,0.0593034625053405
3,Base E5,0.0047876238822937
3,Base E5,0.0649162530899047
3,Base E5,0.0337523818016052
3,Base E5,0.0080224275588989
3,Base E5,-0.0196372270584106
3,Base E5,-0.0153470635414123
3,Base E5,-0.0139058828353881
3,Base E5,0.0527495741844177
3,Base E5,0.0179623365402221
3,Base E5,-0.0015944242477416
3,Base E5,0.0248540639877319
3,Base E5,-0.0221404433250427
3,Base E5,0.0458409786224365
3,Base E5,0.0272749066352844
3,Base E5,0.0291109085083007
3,Base E5,0.0487494468688964
3,Base E5,0.0265313386917114
3,Base E5,0.0079146027565002
3,Base E5,-0.0181002616882324
3,Base E5,-0.0174920558929443
3,Base E5,-0.0015758275985717
3,Base E5,0.0369776487350463
3,Base E5,0.0233749151229858
3,Base E5,0.0212364196777343
3,Base E5,-0.0459821224212646
3,Base E5,0.0037890076637268
3,Base E5,0.0616328120231628
3,Base E5,0.0486675500869751
3,Base E5,0.0327875018119812
3,Base E5,-0.0376989245414733
3,Base E5,0.022029161453247
3,Base E5,0.0703597068786621
3,Base E5,0.0008370280265808
3,Base E5,0.0271271467208862
3,Base E5,0.0240725874900817
3,Base E5,0.0563951730728149
3,Base E5,-0.0191679596900939
3,Base E5,0.0082203149795532
3,Base E5,-0.003152847290039
3,Base E5,0.0152591466903686
3,Base E5,0.006369411945343
3,Base E5,0.0590360164642334
3,Base E5,0.0784350633621215
3,Base E5,0.0635011196136474
3,Base E5,0.0614930987358093
3,Base E5,0.0420018434524536
3,Base E5,0.0340120196342468
3,Base E5,-0.0140150785446167
3,Base E5,0.0249593257904052
3,Base E5,0.033782958984375
3,Base E5,0.0156755447387695
3,Base E5,0.0034552216529846
3,Base E5,0.0590583086013793
3,Base E5,0.011722981929779
3,Base E5,-0.0225998759269714
3,Base E5,-0.0124110579490661
3,Base E5,-0.0217899084091186
3,Base E5,0.0197420120239257
3,Base E5,0.0559527873992919
3,Base E5,0.0374312996864318
3,Base E5,0.0132166147232055
3,Base E5,0.0101435184478759
3,Base E5,0.0109285116195678
3,Base E5,0.0164448618888854
3,Base E5,0.0199397802352905
3,Base E5,0.0274718403816223
3,Base E5,0.0551015734672546
3,Base E5,0.0572757124900817
3,Base E5,0.0246708393096923
3,Base E5,0.0059138536453247
3,Base E5,0.0118929743766784
3,Base E5,0.0135644674301147
3,Base E5,-0.0237593054771423
3,Base E5,0.0226691365242004
3,Base E5,0.0164691805839538
3,Base E5,0.038404643535614
3,Base E5,0.0097639560699462
3,Base E5,0.039624273777008
3,Base E5,0.0350027680397033
3,Base E5,0.0329815745353698
3,Base E5,0.0281712412834167
3,Base E5,0.0632799863815307
3,Base E5,0.0376162528991699
3,Base E5,0.0158442258834838
3,Base E5,-0.0038721561431884
3,Base E5,0.0110237598419189
3,Base E5,-0.0096653699874877
3,Base E5,0.0450864434242248
3,Base E5,-0.0307708382606506
3,Base E5,0.0006576180458068
3,Base E5,0.0392470359802246
3,Base E5,0.009601354598999
3,Base E5,0.0039365291595458
3,Base E5,0.0115686058998107
3,Base E5,0.0449309349060058
3,Base E5,-0.0083433389663696
3,Base E5,0.0307522416114807
3,Base E5,0.0011563897132873
3,Base E5,0.0186111330986022
3,Base E5,-0.025445818901062
3,Base E5,-0.0197814106941223
3,Base E5,0.0445330142974853
3,Base E5,0.0365760922431945
3,Base E5,0.0571106076240539
3,Base E5,0.0608128309249877
3,Base E5,-0.0018655657768249
3,Base E5,-0.018036663532257
3,Base E5,-0.008127748966217
3,Base E5,0.0146258473396301
3,Base E5,0.0322300195693969
3,Base E5,0.034456729888916
3,Base E5,0.0482718348503112
3,Base E5,0.0114926099777221
3,Base E5,-0.0244985222816467
3,Base E5,0.013043463230133
3,Base E5,0.0653584003448486
3,Base E5,-0.0044366121292114
3,Base E5,0.0168020129203796
3,Base E5,0.0134841203689575
3,Base E5,0.0400154590606689
3,Base E5,-0.0156580209732055
3,Base E5,0.0184414982795715
3,Base E5,0.0330485701560974
3,Base E5,0.0522369146347045
3,Base E5,-0.0585609674453735
3,Base E5,-0.0148802995681762
3,Base E5,0.0099249482154846
3,Base E5,0.0246082544326782
3,Base E5,-0.0261639952659606
3,Base E5,0.040441870689392
3,Base E5,-0.0088415145874023
3,Base E5,0.0194676518440246
3,Base E5,0.0099796652793884
3,Base E5,0.0175062417984008
3,Base E5,0.0015225410461425
3,Base E5,0.0350025296211242
3,Base E5,-0.0111585259437561
3,Base E5,0.0145854353904724
3,Base E5,0.0533195734024047
3,Base E5,0.0315053462982177
3,Base E5,-0.0283639430999755
3,Base E5,0.0501458644866943
3,Base E5,-0.0218248963356018
3,Base E5,0.0702681541442871
3,Base E5,-0.0210809707641601
3,Base E5,0.0879101157188415
3,Base E5,0.0039070844650268
3,Base E5,-0.0143749117851257
3,Base E5,0.017605721950531
3,Base E5,0.0483070611953735
3,Base E5,-4.0531158447265625e-06
3,Base E5,-0.0127804279327392
3,Base E5,0.0371792316436767
3,Base E5,0.0178779363632202
3,Base E5,0.0440074205398559
3,Base E5,0.0315937995910644
3,Base E5,0.0474628806114196
3,Base E5,0.0179944634437561
3,Base E5,0.0200174450874328
3,Base E5,0.0333907008171081
3,Base E5,0.0123558640480041
3,Base E5,0.0339159369468688
3,Base E5,-0.0187575221061706
3,Base E5,0.0292072892189025
3,Base E5,0.0191105008125305
3,Base E5,0.0001259446144104
3,Base E5,-0.0249916315078735
3,Base E5,0.0257405042648315
3,Base E5,0.0533043146133422
3,Base E5,0.0197365880012512
3,Base E5,0.0226272940635681
3,Base E5,0.0280643701553344
3,Base E5,0.0302905440330505
3,Base E5,-0.0286099314689636
3,Base E5,0.0056487917900085
3,Base E5,0.0283683538436889
3,Base E5,0.0638173818588256
3,Base E5,0.0448607802391052
3,Base E5,0.0044822096824646
3,Base E5,0.012855589389801
3,Base E5,0.0146538615226745
3,Base E5,0.0365843772888183
3,Base E5,0.0547789335250854
3,Base E5,0.043783962726593
3,Base E5,0.0197897553443908
3,Base E5,0.0324770808219909
3,Base E5,0.0198175311088562
3,Base E5,0.0357568264007568
3,Base E5,0.0561281442642211
3,Base E5,0.0706944465637207
3,Base E5,0.0157549977302551
3,Base E5,0.025964617729187
3,Base E5,0.0148932337760925
3,Base E5,0.0070394873619079
3,Base E5,0.0109037160873413
3,Base E5,0.0141472816467285
3,Base E5,-0.0015463829040527
3,Base E5,0.0704957246780395
3,Base E5,0.0030117034912109
3,Base E5,-0.0106224417686462
3,Base E5,0.0062532424926757
3,Base E5,0.0649886131286621
3,Base E5,-0.0298343300819396
3,Base E5,0.0148334503173828
3,Base E5,0.0116068720817565
3,Base E5,-0.0227399468421936
3,Base E5,0.0133541822433471
3,Base E5,0.025650680065155
3,Base E5,0.0270028710365295
3,Base E5,-0.0005328655242919
3,Base E5,0.0617333054542541
3,Base E5,0.0740612745285034
3,Base E5,0.0502514243125915
3,Base E5,0.0247699618339538
3,Base E5,0.0061256289482116
3,Base E5,0.0102164149284362
3,Base E5,0.0332654118537902
3,Base E5,0.0329467058181762
3,Base E5,0.0257678627967834
3,Base E5,-0.0073341727256774
3,Base E5,-0.0360979437828063
3,Base E5,0.0702000856399536
3,Base E5,0.1257194876670837
3,Base E5,0.046080470085144
3,Base E5,0.0473778843879699
3,Base E5,0.0627208352088928
3,Base E5,0.0611054301261901
3,Base E5,0.0232893824577331
3,Base E5,0.0488728284835815
3,Base E5,0.0474370121955871
3,Base E5,-0.0174205899238586
3,Base E5,0.0177888870239257
3,Base E5,0.0726950168609619
3,Base E5,0.074357271194458
3,Base E5,-0.0043233633041381
3,Base E5,0.0228305459022521
3,Base E5,0.0847410559654235
3,Base E5,0.0194264650344848
3,Base E5,0.0060259699821472
3,Base E5,0.0091340541839599
3,Base E5,0.0176660418510437
3,Base E5,0.1251755356788635
3,Base E5,0.0041061639785766
3,Base E5,-0.0002110004425048
3,Base E5,0.0649328231811523
3,Base E5,0.1051353812217712
3,Base E5,-0.0235430598258972
3,Base E5,-0.003893494606018
3,Base E5,-0.0048463940620422
3,Base E5,0.1428951025009155
3,Base E5,0.0763924717903137
3,Base E5,0.0872159004211425
3,Base E5,0.0962628722190857
3,Base E5,0.0312473177909851
3,Base E5,0.0526176691055297
3,Base E5,0.0499100089073181
3,Base E5,0.1001499891281127
3,Base E5,-0.0013672709465026
3,Base E5,0.0637091994285583
3,Base E5,-0.0144593119621276
3,Base E5,0.0210685133934021
3,Base E5,0.0365062952041626
3,Base E5,-0.0108000636100769
3,Base E5,-0.0048805475234985
3,Base E5,-0.0044613480567932
3,Base E5,0.0793112516403198
3,Base E5,0.0179031491279602
3,Base E5,0.040993332862854
3,Base E5,0.0513569712638855
3,Base E5,0.0239044427871704
3,Base E5,0.0175169110298156
3,Base E5,0.0144165158271789
3,Base E5,-0.0048848390579223
3,Base E5,0.0514420866966247
3,Base E5,0.0250733494758605
3,Base E5,0.0088162422180175
3,Base E5,0.0306139588356018
3,Base E5,0.0187017917633056
3,Base E5,-0.0241341590881347
3,Base E5,-0.0207704901695251
3,Base E5,0.0066058635711669
3,Base E5,0.0147210955619812
3,Base E5,-0.0203742384910583
3,Base E5,0.022003948688507
3,Base E5,0.0493947267532348
3,Base E5,0.0132560133934021
3,Base E5,0.0233901739120483
3,Base E5,0.0119147300720214
3,Base E5,0.0460191369056701
3,Base E5,0.0329748392105102
3,Base E5,-0.0110031962394714
3,Base E5,0.018587589263916
3,Base E5,0.0451272726058959
3,Base E5,0.0268290042877197
3,Base E5,-0.0056177973747253
3,Base E5,-0.0086690187454223
3,Base E5,0.0272513628005981
3,Base E5,-0.0035976767539978
3,Base E5,-0.0052343010902404
3,Base E5,0.0507088899612426
3,Base E5,-0.0143095850944519
3,Base E5,0.0538607835769653
3,Base E5,-0.0397660136222839
3,Base E5,0.0394374132156372
3,Base E5,0.0174214839935302
3,Base E5,0.0472432971000671
3,Base E5,0.0769857764244079
3,Base E5,0.0177711248397827
3,Base E5,-0.0067035555839538
3,Base E5,0.0379813909530639
3,Base E5,0.0397360920906066
3,Base E5,0.0437729954719543
3,Base E5,0.0584878325462341
3,Base E5,0.0271130800247192
3,Base E5,0.0348421931266784
3,Base E5,-0.0115690827369689
3,Base E5,-0.0094709992408752
3,Base E5,0.046401023864746
3,Base E5,0.0203591585159301
3,Base E5,-0.0028265118598937
3,Base E5,-0.0027828812599182
3,Base E5,-0.0134538412094116
3,Base E5,0.0170142650604248
3,Base E5,0.0335303544998168
3,Base E5,0.0126135349273681
3,Base E5,-0.0065917372703552
3,Base E5,0.0406367778778076
3,Base E5,-0.0031443238258361
3,Base E5,0.0175642371177673
3,Base E5,0.027900755405426
3,Base E5,0.0198750495910644
3,Base E5,0.029778778553009
3,Base E5,0.0113131403923034
3,Base E5,0.0459222197532653
3,Base E5,0.0536701679229736
3,Base E5,0.0162653923034667
3,Base E5,0.0813184380531311
3,Base E5,0.0671629905700683
3,Base E5,0.0923688411712646
3,Base E5,0.0312666296958923
3,Base E5,0.0125220417976379
3,Base E5,0.0149788856506347
3,Base E5,0.0078941583633422
3,Base E5,0.0301485657691955
3,Base E5,0.0258755683898925
3,Base E5,0.0313195586204528
3,Base E5,0.0438165664672851
3,Base E5,0.0126796960830688
3,Base E5,0.0487676858901977
3,Base E5,0.1394105553627014
3,Base E5,0.0391260981559753
3,Base E5,0.0351888537406921
3,Base E5,0.0819563865661621
3,Base E5,0.0347343683242797
3,Base E5,0.0599366426467895
3,Base E5,0.0095942020416259
3,Base E5,0.0792033672332763
3,Base E5,0.0858762264251709
3,Base E5,0.0209609270095825
3,Base E5,0.0090845227241516
3,Base E5,0.0785324573516845
3,Base E5,0.0440975427627563
3,Base E5,0.0383455157279968
3,Base E5,0.0802173614501953
3,Base E5,0.0413503050804138
3,Base E5,0.0752312541007995
3,Base E5,0.0446562767028808
3,Base E5,0.0286259055137634
3,Base E5,0.048965573310852
3,Base E5,0.0806242823600769
3,Base E5,0.0388818383216857
3,Base E5,0.0391629338264465
3,Base E5,0.0035788416862487
3,Base E5,0.0030844211578369
3,Base E5,0.007580280303955
3,Base E5,-0.0175029039382934
3,Base E5,0.0411787629127502
3,Base E5,0.0428392887115478
3,Base E5,0.0208131074905395
3,Base E5,-0.0693141222000122
3,Base E5,0.0259866118431091
3,Base E5,0.0396267771720886
3,Base E5,0.0342858433723449
3,Base E5,0.0162227749824523
3,Base E5,0.005189836025238
3,Base E5,0.0187167525291442
3,Base E5,0.0174053907394409
3,Base E5,0.0362989902496337
3,Base E5,-0.0528769493103027
3,Base E5,0.0344198942184448
3,Base E5,0.0392372608184814
3,Base E5,0.0516148209571838
3,Base E5,0.0300623178482055
3,Base E5,-0.0186222195625305
3,Base E5,0.020690381526947
3,Base E5,0.0050026774406433
3,Base E5,0.0112763047218322
3,Base E5,0.0558021664619445
3,Base E5,-0.0352325439453125
3,Base E5,0.0676689743995666
3,Base E5,0.0156567096710205
3,Base E5,0.0196536183357238
3,Base E5,0.0109550952911376
3,Base E5,0.0763304829597473
3,Base E5,0.0713980197906494
3,Base E5,-0.0563083291053772
3,Base E5,-0.0339534282684326
3,Base E5,-0.0486208796501159
3,Base E5,-0.0067013502120971
3,Base E5,0.0323419570922851
3,Base E5,0.0362463593482971
3,Base E5,0.0742319822311401
3,Base E5,0.0469976663589477
3,Base E5,0.0998489260673523
3,Base E5,0.0435420870780944
3,Base E5,0.0088133215904235
3,Base E5,0.0618171691894531
3,Base E5,0.0114573836326599
3,Base E5,0.0247020721435546
3,Base E5,0.0267399549484252
3,Base E5,0.0599136352539062
3,Base E5,0.0416227579116821
3,Base E5,0.0201169848442077
3,Base E5,0.0307101607322692
3,Base E5,0.010079026222229
3,Base E5,0.0315074324607849
3,Base E5,-0.0260037779808044
3,Base E5,0.0450739860534668
3,Base E5,-0.0285826325416564
3,Base E5,-0.0122236013412475
3,Base E5,0.0238748788833618
3,Base E5,0.0436723828315734
3,Base E5,0.0195018053054809
3,Base E5,0.0191262364387512
3,Base E5,-0.0157132148742675
3,Base E5,0.0820299386978149
3,Base E5,-0.0038265585899353
3,Base E5,0.0367258191108703
3,Base E5,0.0144162774085998
3,Base E5,0.0061438679695129
3,Base E5,0.0254515409469604
3,Base E5,0.0845943093299865
3,Base E5,0.0260864496231079
3,Base E5,0.0399872064590454
3,Base E5,0.0010156631469726
3,Base E5,0.0383337140083313
3,Base E5,-0.0050621032714843
3,Base E5,0.025832176208496
3,Base E5,0.008526861667633
3,Base E5,0.0184558033943176
3,Base E5,0.0472669601440429
3,Base E5,0.0305796861648559
3,Base E5,0.0126780867576599
3,Base E5,0.0682052373886108
3,Base E5,0.0307328701019287
3,Base E5,0.0016396045684814
3,Base E5,0.0240769386291503
3,Base E5,-0.0024353265762329
3,Base E5,0.0450664162635803
3,Base E5,0.1089472770690918
3,Base E5,0.0378237962722778
3,Base E5,0.0181778073310852
3,Base E5,0.0699061155319213
3,Base E5,0.0516042113304138
3,Base E5,-0.003697395324707
3,Base E5,0.0140490531921386
3,Base E5,-0.0290489792823791
3,Base E5,0.0526467561721801
3,Base E5,0.0126864910125732
3,Base E5,-0.0150505304336547
3,Base E5,0.0185126066207885
3,Base E5,0.0204063653945922
3,Base E5,-0.020863652229309
3,Base E5,0.046282410621643
3,Base E5,-0.0091722607612609
3,Base E5,0.0300772190093994
3,Base E5,-0.0055773258209228
3,Base E5,0.0259950757026672
3,Base E5,0.0140807032585144
3,Base E5,0.0197460055351257
3,Base E5,0.0486781597137451
3,Base E5,0.0178661346435546
3,Base E5,-0.0206974148750305
3,Base E5,0.0102365612983703
3,Base E5,0.0011595487594604
3,Base E5,0.0348801612854003
3,Base E5,0.0251597762107849
3,Base E5,0.1309521794319152
3,Base E5,0.0255942940711975
3,Base E5,0.0795632004737854
3,Base E5,0.005653977394104
3,Base E5,0.0399052500724792
3,Base E5,0.0296881794929504
3,Base E5,0.0453249216079711
3,Base E5,0.0498235821723938
3,Base E5,0.0554385185241699
3,Base E5,0.0451475381851196
3,Base E5,0.0314882397651672
3,Base E5,0.0004251599311828
3,Base E5,0.0107287168502807
3,Base E5,0.0050805211067199
3,Base E5,-0.0098195075988769
3,Base E5,-0.0055101513862609
3,Base E5,0.0356767773628234
3,Base E5,0.051638126373291
3,Base E5,-0.0190281867980957
3,Base E5,-0.0542841553688049
3,Base E5,0.0011711716651916
3,Base E5,-0.0058814287185668
3,Base E5,0.0681111812591552
3,Base E5,0.0386663079261779
3,Base E5,0.0228174328804016
3,Base E5,0.0211191773414611
3,Base E5,0.032263696193695
3,Base E5,0.0345051884651184
3,Base E5,-0.0142215490341186
3,Base E5,0.0297747254371643
3,Base E5,0.0515862703323364
3,Base E5,0.0070481896400451
3,Base E5,0.0257704854011535
3,Base E5,0.0150638222694396
3,Base E5,0.027994155883789
3,Base E5,0.0157385468482971
3,Base E5,-0.019993782043457
3,Base E5,0.0219104886054992
3,Base E5,0.0420664548873901
3,Base E5,-0.000558853149414
3,Base E5,-0.013001799583435
3,Base E5,0.0011373162269592
3,Base E5,-0.0095372200012207
3,Base E5,0.0011482834815979
3,Base E5,-0.0377867817878723
3,Base E5,0.0230037569999694
3,Base E5,-0.006671130657196
3,Base E5,0.0005804896354675
3,Base E5,0.0459387302398681
3,Base E5,0.0070663094520568
3,Base E5,-0.0261528491973876
3,Base E5,-0.0412477254867553
3,Base E5,0.0406858325004577
3,Base E5,-0.0096169710159301
3,Base E5,0.0415114760398864
3,Base E5,0.0175927877426147
3,Base E5,0.0573348999023437
3,Base E5,0.0242828726768493
3,Base E5,0.0188909769058227
3,Base E5,0.0711036324501037
3,Base E5,0.0720638632774353
3,Base E5,0.0401568412780761
3,Base E5,0.0525067448616027
3,Base E5,0.0116589665412902
3,Base E5,0.0265694260597229
3,Base E5,0.0090900659561157
3,Base E5,0.0376634001731872
3,Base E5,0.0121086835861206
3,Base E5,0.0118039846420288
3,Base E5,0.065398097038269
3,Base E5,-0.0169993638992309
3,Base E5,0.0039519071578979
3,Base E5,-0.0140011310577392
3,Base E5,-0.0022664070129394
3,Base E5,0.0424336791038513
3,Base E5,0.0568816661834716
3,Base E5,0.0388798713684082
3,Base E5,0.0598829984664917
3,Base E5,0.0526967644691467
3,Base E5,0.0515002608299255
3,Base E5,0.0343170166015625
3,Base E5,0.0685719847679138
3,Base E5,0.1046164035797119
3,Base E5,0.0136647820472717
3,Base E5,0.0498037338256835
3,Base E5,0.0330102443695068
3,Base E5,0.0622139573097229
3,Base E5,0.027531623840332
3,Base E5,0.0545780062675476
3,Base E5,0.0064235925674438
3,Base E5,0.0665996074676513
3,Base E5,0.0380182862281799
3,Base E5,0.0452824831008911
3,Base E5,0.0069438219070434
3,Base E5,-0.0164284706115722
3,Base E5,0.0115424394607543
3,Base E5,-0.0167931318283081
3,Base E5,0.0235089063644409
3,Base E5,0.0650998353958129
3,Base E5,0.0366577506065368
3,Base E5,-0.033143937587738
3,Base E5,-0.0093445777893066
3,Fine-Tuned E5,0.0975782871246337
3,Fine-Tuned E5,0.0399952828884124
3,Fine-Tuned E5,0.0669708847999572
3,Fine-Tuned E5,0.064927339553833
3,Fine-Tuned E5,0.1718657612800598
3,Fine-Tuned E5,0.1632345616817474
3,Fine-Tuned E5,0.1613337397575378
3,Fine-Tuned E5,0.0594663619995117
3,Fine-Tuned E5,0.1230486333370208
3,Fine-Tuned E5,0.2100540101528167
3,Fine-Tuned E5,-0.0196566879749298
3,Fine-Tuned E5,0.3411507308483124
3,Fine-Tuned E5,0.1491141319274902
3,Fine-Tuned E5,0.048862874507904
3,Fine-Tuned E5,0.077796846628189
3,Fine-Tuned E5,0.0759782493114471
3,Fine-Tuned E5,0.3936550170183182
3,Fine-Tuned E5,0.0120061635971069
3,Fine-Tuned E5,0.1525413990020752
3,Fine-Tuned E5,0.1298471689224243
3,Fine-Tuned E5,0.2578493058681488
3,Fine-Tuned E5,0.2043691873550415
3,Fine-Tuned E5,0.1734921038150787
3,Fine-Tuned E5,0.2109063267707824
3,Fine-Tuned E5,0.124773770570755
3,Fine-Tuned E5,0.3948323428630829
3,Fine-Tuned E5,0.2042678594589233
3,Fine-Tuned E5,0.277559757232666
3,Fine-Tuned E5,0.2143465280532837
3,Fine-Tuned E5,0.2462791204452514
3,Fine-Tuned E5,0.2505768835544586
3,Fine-Tuned E5,0.1840508580207824
3,Fine-Tuned E5,0.1608673334121704
3,Fine-Tuned E5,0.2263411432504654
3,Fine-Tuned E5,0.1933991312980651
3,Fine-Tuned E5,0.1806592345237732
3,Fine-Tuned E5,0.2706238329410553
3,Fine-Tuned E5,0.0921312272548675
3,Fine-Tuned E5,0.3555071353912353
3,Fine-Tuned E5,0.2268187999725341
3,Fine-Tuned E5,0.0463059842586517
3,Fine-Tuned E5,0.0988319516181945
3,Fine-Tuned E5,0.158899575471878
3,Fine-Tuned E5,0.0535609126091003
3,Fine-Tuned E5,0.3496767282485962
3,Fine-Tuned E5,0.0037085711956024
3,Fine-Tuned E5,0.3133328109979629
3,Fine-Tuned E5,0.2593822628259659
3,Fine-Tuned E5,0.2116222083568573
3,Fine-Tuned E5,0.2788841277360916
3,Fine-Tuned E5,-0.1428135633468628
3,Fine-Tuned E5,-0.1256309747695922
3,Fine-Tuned E5,0.1686708927154541
3,Fine-Tuned E5,0.0393139719963073
3,Fine-Tuned E5,0.123153805732727
3,Fine-Tuned E5,0.1193093955516815
3,Fine-Tuned E5,0.1368585228919983
3,Fine-Tuned E5,-0.170744851231575
3,Fine-Tuned E5,0.2266452610492706
3,Fine-Tuned E5,0.1980365961790084
3,Fine-Tuned E5,0.2984968721866607
3,Fine-Tuned E5,0.1207309961318969
3,Fine-Tuned E5,0.0219641923904418
3,Fine-Tuned E5,0.0207942426204681
3,Fine-Tuned E5,0.3059503138065338
3,Fine-Tuned E5,0.2013729214668274
3,Fine-Tuned E5,0.2007543444633484
3,Fine-Tuned E5,0.237959936261177
3,Fine-Tuned E5,0.2289421930909156
3,Fine-Tuned E5,0.033290758728981
3,Fine-Tuned E5,0.0114378333091735
3,Fine-Tuned E5,0.0231903642416
3,Fine-Tuned E5,0.0869764983654022
3,Fine-Tuned E5,0.214395210146904
3,Fine-Tuned E5,-0.1448709368705749
3,Fine-Tuned E5,0.0785570070147514
3,Fine-Tuned E5,0.1159934997558593
3,Fine-Tuned E5,-0.1263481527566909
3,Fine-Tuned E5,-0.1206357479095459
3,Fine-Tuned E5,-0.0939265191555023
3,Fine-Tuned E5,0.0491698831319808
3,Fine-Tuned E5,-0.0839232504367828
3,Fine-Tuned E5,0.1075099110603332
3,Fine-Tuned E5,0.3105739131569862
3,Fine-Tuned E5,-0.0712114572525024
3,Fine-Tuned E5,-0.0448101460933685
3,Fine-Tuned E5,-0.0577053278684616
3,Fine-Tuned E5,-0.0833842381834983
3,Fine-Tuned E5,-0.218775263056159
3,Fine-Tuned E5,-0.0877019613981247
3,Fine-Tuned E5,-0.1028914207126945
3,Fine-Tuned E5,-0.0418562963604927
3,Fine-Tuned E5,-0.1787629649043083
3,Fine-Tuned E5,-0.0788579881191253
3,Fine-Tuned E5,0.2179299294948578
3,Fine-Tuned E5,0.193136528134346
3,Fine-Tuned E5,-0.0649327039718627
3,Fine-Tuned E5,-0.0218863487243652
3,Fine-Tuned E5,-0.0313064455986022
3,Fine-Tuned E5,0.1137217134237289
3,Fine-Tuned E5,-0.1165548413991928
3,Fine-Tuned E5,-0.1184291243553161
3,Fine-Tuned E5,-0.1321659833192825
3,Fine-Tuned E5,-0.0290322303771972
3,Fine-Tuned E5,0.2100198194384575
3,Fine-Tuned E5,-0.05184306204319
3,Fine-Tuned E5,0.076253741979599
3,Fine-Tuned E5,0.060680516064167
3,Fine-Tuned E5,0.0207154154777526
3,Fine-Tuned E5,0.0927126705646514
3,Fine-Tuned E5,-0.0241953581571578
3,Fine-Tuned E5,-0.4892317801713943
3,Fine-Tuned E5,0.3506569862365722
3,Fine-Tuned E5,0.2101619839668274
3,Fine-Tuned E5,-0.0254359543323516
3,Fine-Tuned E5,0.4047544449567795
3,Fine-Tuned E5,0.0011165738105773
3,Fine-Tuned E5,-0.2303297761827707
3,Fine-Tuned E5,0.0268703401088714
3,Fine-Tuned E5,-0.1260686665773391
3,Fine-Tuned E5,0.2105105817317962
3,Fine-Tuned E5,-0.0386823713779449
3,Fine-Tuned E5,-0.0242737531661987
3,Fine-Tuned E5,0.0330550968647003
3,Fine-Tuned E5,0.4262558072805404
3,Fine-Tuned E5,0.265382170677185
3,Fine-Tuned E5,0.2246018052101135
3,Fine-Tuned E5,0.3656915128231048
3,Fine-Tuned E5,0.1053547859191894
3,Fine-Tuned E5,0.3180776834487915
3,Fine-Tuned E5,0.3773451149463653
3,Fine-Tuned E5,0.3680788874626159
3,Fine-Tuned E5,0.2185819670557975
3,Fine-Tuned E5,0.0872053354978561
3,Fine-Tuned E5,-0.1826681792736053
3,Fine-Tuned E5,-0.1133956834673881
3,Fine-Tuned E5,0.2499494552612304
3,Fine-Tuned E5,0.2619521915912628
3,Fine-Tuned E5,0.4180835038423538
3,Fine-Tuned E5,0.1840376853942871
3,Fine-Tuned E5,0.0603742003440856
3,Fine-Tuned E5,-0.0014873445034027
3,Fine-Tuned E5,0.164016306400299
3,Fine-Tuned E5,0.0988470464944839
3,Fine-Tuned E5,0.0888152122497558
3,Fine-Tuned E5,-0.0009119510650634
3,Fine-Tuned E5,0.0879415273666381
3,Fine-Tuned E5,-0.0906853824853897
3,Fine-Tuned E5,0.1714648902416229
3,Fine-Tuned E5,0.0889932513236999
3,Fine-Tuned E5,0.1173205971717834
3,Fine-Tuned E5,0.0399233996868133
3,Fine-Tuned E5,-0.1528077125549316
3,Fine-Tuned E5,0.1186881065368652
3,Fine-Tuned E5,0.120569109916687
3,Fine-Tuned E5,0.0941427648067474
3,Fine-Tuned E5,0.2428749501705169
3,Fine-Tuned E5,0.0045996606349945
3,Fine-Tuned E5,0.062764286994934
3,Fine-Tuned E5,0.0414414703845977
3,Fine-Tuned E5,0.2430449426174163
3,Fine-Tuned E5,-0.0547512173652648
3,Fine-Tuned E5,0.214871734380722
3,Fine-Tuned E5,0.2478497326374054
3,Fine-Tuned E5,0.205925166606903
3,Fine-Tuned E5,0.2635402977466583
3,Fine-Tuned E5,0.1296948045492172
3,Fine-Tuned E5,0.010104477405548
3,Fine-Tuned E5,-0.1244555413722992
3,Fine-Tuned E5,0.1488703489303589
3,Fine-Tuned E5,0.0878312885761261
3,Fine-Tuned E5,0.1618269681930542
3,Fine-Tuned E5,-0.1414025127887725
3,Fine-Tuned E5,-0.0080964267253875
3,Fine-Tuned E5,0.065513402223587
3,Fine-Tuned E5,-0.0046422034502029
3,Fine-Tuned E5,0.3130628168582916
3,Fine-Tuned E5,0.4229753911495209
3,Fine-Tuned E5,0.1675617694854736
3,Fine-Tuned E5,0.4229997098445892
3,Fine-Tuned E5,-0.1739678978919983
3,Fine-Tuned E5,-0.1523564383387565
3,Fine-Tuned E5,0.1843409389257431
3,Fine-Tuned E5,-0.0717094540596008
3,Fine-Tuned E5,0.2774821668863296
3,Fine-Tuned E5,0.2408166080713272
3,Fine-Tuned E5,0.0672052353620529
3,Fine-Tuned E5,0.1366821825504303
3,Fine-Tuned E5,-0.0405947566032409
3,Fine-Tuned E5,-0.0812369585037231
3,Fine-Tuned E5,-0.0975788235664367
3,Fine-Tuned E5,0.001126229763031
3,Fine-Tuned E5,0.2357115447521209
3,Fine-Tuned E5,0.1065409183502197
3,Fine-Tuned E5,0.3812987208366394
3,Fine-Tuned E5,0.0066448748111724
3,Fine-Tuned E5,0.1404136419296264
3,Fine-Tuned E5,0.0521425753831863
3,Fine-Tuned E5,0.1282016634941101
3,Fine-Tuned E5,0.079792320728302
3,Fine-Tuned E5,0.276384949684143
3,Fine-Tuned E5,0.3968501389026642
3,Fine-Tuned E5,0.0244540721178054
3,Fine-Tuned E5,0.0010051429271697
3,Fine-Tuned E5,0.0877864062786102
3,Fine-Tuned E5,0.2156995832920074
3,Fine-Tuned E5,0.2849201560020447
3,Fine-Tuned E5,0.2206996083259582
3,Fine-Tuned E5,-0.0551268905401229
3,Fine-Tuned E5,0.2221357487142086
3,Fine-Tuned E5,0.0881046652793884
3,Fine-Tuned E5,0.2890799716114998
3,Fine-Tuned E5,0.3597252964973449
3,Fine-Tuned E5,0.3681294322013855
3,Fine-Tuned E5,0.4805922359228134
3,Fine-Tuned E5,0.3547593653202057
3,Fine-Tuned E5,0.0877899229526519
3,Fine-Tuned E5,0.3528465926647186
3,Fine-Tuned E5,0.2999268770217895
3,Fine-Tuned E5,0.2407732009887695
3,Fine-Tuned E5,0.0660921931266784
3,Fine-Tuned E5,0.1681651473045349
3,Fine-Tuned E5,0.2520007267594337
3,Fine-Tuned E5,0.137231707572937
3,Fine-Tuned E5,0.171681135892868
3,Fine-Tuned E5,0.3607339859008789
3,Fine-Tuned E5,0.2209356725215912
3,Fine-Tuned E5,0.3333377540111542
3,Fine-Tuned E5,0.1961341053247451
3,Fine-Tuned E5,-0.0010864734649658
3,Fine-Tuned E5,0.1276423633098602
3,Fine-Tuned E5,-0.046346515417099
3,Fine-Tuned E5,0.2174441367387771
3,Fine-Tuned E5,0.066989779472351
3,Fine-Tuned E5,0.3307895064353943
3,Fine-Tuned E5,-0.0569354891777038
3,Fine-Tuned E5,-0.0801441073417663
3,Fine-Tuned E5,0.1604804694652557
3,Fine-Tuned E5,0.0578111857175827
3,Fine-Tuned E5,-0.40861431742087
3,Fine-Tuned E5,0.1518913209438324
3,Fine-Tuned E5,0.3367709666490555
3,Fine-Tuned E5,0.1888531595468521
3,Fine-Tuned E5,0.2282503545284271
3,Fine-Tuned E5,0.0876292288303375
3,Fine-Tuned E5,0.0723121762275695
3,Fine-Tuned E5,0.0186146348714828
3,Fine-Tuned E5,0.1121328622102737
3,Fine-Tuned E5,0.23223876953125
3,Fine-Tuned E5,-0.0696062594652175
3,Fine-Tuned E5,0.0349314212799072
3,Fine-Tuned E5,0.0279432088136672
3,Fine-Tuned E5,0.1703897714614868
3,Fine-Tuned E5,-0.0086576044559478
3,Fine-Tuned E5,-0.0792530179023742
3,Fine-Tuned E5,-0.0618387311697006
3,Fine-Tuned E5,0.0003073513507843
3,Fine-Tuned E5,0.2099404036998748
3,Fine-Tuned E5,0.1913117617368698
3,Fine-Tuned E5,0.1594511121511459
3,Fine-Tuned E5,0.1323888897895813
3,Fine-Tuned E5,0.122540682554245
3,Fine-Tuned E5,0.2289467751979828
3,Fine-Tuned E5,0.3010292053222656
3,Fine-Tuned E5,0.1381424069404602
3,Fine-Tuned E5,0.118710458278656
3,Fine-Tuned E5,0.2485857009887695
3,Fine-Tuned E5,0.0892316401004791
3,Fine-Tuned E5,-0.0171732902526855
3,Fine-Tuned E5,0.3815213739871979
3,Fine-Tuned E5,0.2203520983457565
3,Fine-Tuned E5,0.158823549747467
3,Fine-Tuned E5,-0.0111295133829116
3,Fine-Tuned E5,0.1230285763740539
3,Fine-Tuned E5,0.2362224161624908
3,Fine-Tuned E5,0.1874417960643768
3,Fine-Tuned E5,0.1022410988807678
3,Fine-Tuned E5,0.0302792489528656
3,Fine-Tuned E5,0.070055603981018
3,Fine-Tuned E5,0.2422521412372589
3,Fine-Tuned E5,0.1266703009605407
3,Fine-Tuned E5,0.2167108356952667
3,Fine-Tuned E5,0.1475591361522674
3,Fine-Tuned E5,0.2333714216947555
3,Fine-Tuned E5,0.2394367754459381
3,Fine-Tuned E5,0.1906657814979553
3,Fine-Tuned E5,0.2487258613109588
3,Fine-Tuned E5,0.2517850697040558
3,Fine-Tuned E5,0.2373370826244354
3,Fine-Tuned E5,0.1052170693874359
3,Fine-Tuned E5,0.1106664538383483
3,Fine-Tuned E5,0.2402107417583465
3,Fine-Tuned E5,0.0795427560806274
3,Fine-Tuned E5,0.1652138531208038
3,Fine-Tuned E5,0.2659312486648559
3,Fine-Tuned E5,0.1261720955371856
3,Fine-Tuned E5,0.0585613250732421
3,Fine-Tuned E5,0.184261679649353
3,Fine-Tuned E5,0.0335103869438171
3,Fine-Tuned E5,0.1239988654851913
3,Fine-Tuned E5,0.2199092805385589
3,Fine-Tuned E5,0.3819513767957687
3,Fine-Tuned E5,0.3111144453287124
3,Fine-Tuned E5,0.0631503462791442
3,Fine-Tuned E5,0.2758051604032516
3,Fine-Tuned E5,0.0970494747161865
3,Fine-Tuned E5,0.1807231903076172
3,Fine-Tuned E5,0.1262539774179458
3,Fine-Tuned E5,0.1887439787387848
3,Fine-Tuned E5,0.3192812867928296
3,Fine-Tuned E5,0.1635259389877319
3,Fine-Tuned E5,-0.0349279642105102
3,Fine-Tuned E5,0.3732699900865555
3,Fine-Tuned E5,0.1715774238109588
3,Fine-Tuned E5,0.2614429295063019
3,Fine-Tuned E5,0.0404683351516723
3,Fine-Tuned E5,0.0087221562862396
3,Fine-Tuned E5,0.2819172888994217
3,Fine-Tuned E5,0.1822891160845756
3,Fine-Tuned E5,0.0361338853836059
3,Fine-Tuned E5,0.171857863664627
3,Fine-Tuned E5,-0.174611896276474
3,Fine-Tuned E5,0.1028548330068588
3,Fine-Tuned E5,0.0334533154964447
3,Fine-Tuned E5,0.1390682160854339
3,Fine-Tuned E5,0.1442673057317733
3,Fine-Tuned E5,0.0728126764297485
3,Fine-Tuned E5,0.1250343769788742
3,Fine-Tuned E5,0.1422032117843628
3,Fine-Tuned E5,0.0406922101974487
3,Fine-Tuned E5,0.3360982537269592
3,Fine-Tuned E5,0.1071071475744247
3,Fine-Tuned E5,0.0317535996437072
3,Fine-Tuned E5,-0.1151846647262573
3,Fine-Tuned E5,0.2989833578467369
3,Fine-Tuned E5,0.3456943035125732
3,Fine-Tuned E5,0.1313945949077606
3,Fine-Tuned E5,0.3784237802028656
3,Fine-Tuned E5,0.3240810483694076
3,Fine-Tuned E5,0.4174851179122925
3,Fine-Tuned E5,0.2448495924472808
3,Fine-Tuned E5,0.2450295090675354
3,Fine-Tuned E5,0.1855081617832183
3,Fine-Tuned E5,0.4484927356243133
3,Fine-Tuned E5,0.3524571657180786
3,Fine-Tuned E5,0.2139662206172943
3,Fine-Tuned E5,0.0015040040016174
3,Fine-Tuned E5,0.1893172860145568
3,Fine-Tuned E5,0.0404558479785919
3,Fine-Tuned E5,0.1156390309333801
3,Fine-Tuned E5,0.2546817064285278
3,Fine-Tuned E5,-0.0015179514884948
3,Fine-Tuned E5,0.3671000003814697
3,Fine-Tuned E5,0.1896195411682129
3,Fine-Tuned E5,0.4713016003370285
3,Fine-Tuned E5,0.4358689337968826
3,Fine-Tuned E5,0.2474565505981445
3,Fine-Tuned E5,0.4294810444116592
3,Fine-Tuned E5,0.2098897099494934
3,Fine-Tuned E5,0.3500005453824997
3,Fine-Tuned E5,0.2317582368850708
3,Fine-Tuned E5,0.0938082337379455
3,Fine-Tuned E5,0.0858163684606552
3,Fine-Tuned E5,-0.0016307532787322
3,Fine-Tuned E5,0.220188707113266
3,Fine-Tuned E5,0.3454110026359558
3,Fine-Tuned E5,0.2826601564884186
3,Fine-Tuned E5,0.0930960476398468
3,Fine-Tuned E5,0.3122491687536239
3,Fine-Tuned E5,0.1703417599201202
3,Fine-Tuned E5,0.0467643141746521
3,Fine-Tuned E5,0.2768131494522095
3,Fine-Tuned E5,0.2681246399879455
3,Fine-Tuned E5,-0.0755345225334167
3,Fine-Tuned E5,0.3014789521694183
3,Fine-Tuned E5,0.2107322216033935
3,Fine-Tuned E5,0.4012346863746643
3,Fine-Tuned E5,0.1746611893177032
3,Fine-Tuned E5,0.1707395613193512
3,Fine-Tuned E5,0.0999713689088821
3,Fine-Tuned E5,-0.0088044255971908
3,Fine-Tuned E5,0.1572962552309036
3,Fine-Tuned E5,-0.0175493061542511
3,Fine-Tuned E5,-0.0589213073253631
3,Fine-Tuned E5,0.3314692974090576
3,Fine-Tuned E5,0.2657023221254349
3,Fine-Tuned E5,0.3607823550701141
3,Fine-Tuned E5,0.3334252387285232
3,Fine-Tuned E5,0.1243787705898284
3,Fine-Tuned E5,0.1270940899848938
3,Fine-Tuned E5,0.0777530223131179
3,Fine-Tuned E5,0.0100783705711364
3,Fine-Tuned E5,0.2141045331954956
3,Fine-Tuned E5,0.2035205662250518
3,Fine-Tuned E5,0.4278660081326961
3,Fine-Tuned E5,0.2735834717750549
3,Fine-Tuned E5,0.2189987748861313
3,Fine-Tuned E5,0.0862133502960205
3,Fine-Tuned E5,0.1781423836946487
3,Fine-Tuned E5,0.2612644135951996
3,Fine-Tuned E5,0.0341652631759643
3,Fine-Tuned E5,-0.1313033998012542
3,Fine-Tuned E5,-0.1918604373931884
3,Fine-Tuned E5,0.0134312212467193
3,Fine-Tuned E5,0.093506783246994
3,Fine-Tuned E5,0.190335601568222
3,Fine-Tuned E5,-0.0674762427806854
3,Fine-Tuned E5,0.0103318691253662
3,Fine-Tuned E5,0.0677696615457534
3,Fine-Tuned E5,0.3084496408700943
3,Fine-Tuned E5,0.1252573430538177
3,Fine-Tuned E5,0.2411767989397049
3,Fine-Tuned E5,0.2994373813271522
3,Fine-Tuned E5,0.1245445311069488
3,Fine-Tuned E5,0.178910344839096
3,Fine-Tuned E5,0.331540435552597
3,Fine-Tuned E5,0.4164497405290603
3,Fine-Tuned E5,0.03027805685997
3,Fine-Tuned E5,-0.0238499119877815
3,Fine-Tuned E5,0.0748138427734375
3,Fine-Tuned E5,0.3597127199172973
3,Fine-Tuned E5,-0.0150140523910522
3,Fine-Tuned E5,0.1130256950855255
3,Fine-Tuned E5,0.3120403587818146
3,Fine-Tuned E5,0.2801659405231476
3,Fine-Tuned E5,0.0613832771778106
3,Fine-Tuned E5,0.0864384472370147
3,Fine-Tuned E5,0.2150748968124389
3,Fine-Tuned E5,0.1626950204372406
3,Fine-Tuned E5,0.1542842090129852
3,Fine-Tuned E5,0.1461920440196991
3,Fine-Tuned E5,-0.0038142800331115
3,Fine-Tuned E5,0.112527847290039
3,Fine-Tuned E5,0.0780800580978393
3,Fine-Tuned E5,0.0545498579740524
3,Fine-Tuned E5,0.1014052629470825
3,Fine-Tuned E5,0.1316155791282653
3,Fine-Tuned E5,0.1160183548927307
3,Fine-Tuned E5,0.0763595700263977
3,Fine-Tuned E5,0.1594429910182953
3,Fine-Tuned E5,0.2054983973503112
3,Fine-Tuned E5,0.1116854548454284
3,Fine-Tuned E5,0.1413239538669586
3,Fine-Tuned E5,0.1197202205657959
3,Fine-Tuned E5,0.2232374027371406
3,Fine-Tuned E5,0.1816987246274948
3,Fine-Tuned E5,0.3031532764434814
3,Fine-Tuned E5,0.1143501698970794
3,Fine-Tuned E5,0.1403269171714782
3,Fine-Tuned E5,0.0332646667957305
3,Fine-Tuned E5,-0.0379615128040313
3,Fine-Tuned E5,0.1943415701389312
3,Fine-Tuned E5,0.0950366258621215
3,Fine-Tuned E5,0.1581805050373077
3,Fine-Tuned E5,0.0285858511924743
3,Fine-Tuned E5,0.2530193477869034
3,Fine-Tuned E5,0.1206114590167999
3,Fine-Tuned E5,0.0016596615314483
3,Fine-Tuned E5,0.1287841200828552
3,Fine-Tuned E5,0.1076110005378723
3,Fine-Tuned E5,0.0354312658309936
3,Fine-Tuned E5,0.2526448220014572
3,Fine-Tuned E5,0.1358780711889267
3,Fine-Tuned E5,-0.0618049800395965
3,Fine-Tuned E5,-0.0782793462276458
3,Fine-Tuned E5,0.1408533751964569
3,Fine-Tuned E5,0.0261435210704803
3,Fine-Tuned E5,0.0749589204788208
3,Fine-Tuned E5,0.1393851637840271
3,Fine-Tuned E5,-0.0212820321321487
3,Fine-Tuned E5,0.1589630842208862
3,Fine-Tuned E5,-0.1208100020885467
3,Fine-Tuned E5,0.2604521512985229
3,Fine-Tuned E5,0.2054382562637329
3,Fine-Tuned E5,0.26143479347229
3,Fine-Tuned E5,0.31215900182724
3,Fine-Tuned E5,0.1868171989917755
3,Fine-Tuned E5,0.1094329357147216
3,Fine-Tuned E5,-0.0042853355407714
3,Fine-Tuned E5,-0.0218245983123779
3,Fine-Tuned E5,0.3940948918461799
3,Fine-Tuned E5,0.4171415418386459
3,Fine-Tuned E5,0.1431052237749099
3,Fine-Tuned E5,-0.0251831114292144
3,Fine-Tuned E5,0.3073968887329101
3,Fine-Tuned E5,0.0967053174972534
3,Fine-Tuned E5,0.1973365247249603
3,Fine-Tuned E5,0.0716244578361511
3,Fine-Tuned E5,-0.0719660222530365
3,Fine-Tuned E5,-0.2172471284866333
3,Fine-Tuned E5,-3.248453140258789e-05
3,Fine-Tuned E5,-0.1373479962348938
3,Fine-Tuned E5,0.0861741155385971
3,Fine-Tuned E5,0.2257453016936779
3,Fine-Tuned E5,0.0781755447387695
3,Fine-Tuned E5,0.2799616307020187
3,Fine-Tuned E5,0.1527728140354156
3,Fine-Tuned E5,0.0644606947898864
3,Fine-Tuned E5,0.2202255576848983
3,Fine-Tuned E5,0.3462733402848243
3,Fine-Tuned E5,0.2810553610324859
3,Fine-Tuned E5,0.3360684216022491
3,Fine-Tuned E5,0.2895671874284744
3,Fine-Tuned E5,0.2443801015615463
3,Fine-Tuned E5,0.1760900914669037
3,Fine-Tuned E5,0.1903816312551498
3,Fine-Tuned E5,0.3195096105337143
3,Fine-Tuned E5,0.3892101347446441
3,Fine-Tuned E5,0.0972195863723754
3,Fine-Tuned E5,-0.0062118172645568
3,Fine-Tuned E5,-0.0832531452178955
3,Fine-Tuned E5,0.00460647046566
3,Fine-Tuned E5,0.211581215262413
3,Fine-Tuned E5,-0.0957289338111877
3,Fine-Tuned E5,0.0322777926921844
3,Fine-Tuned E5,0.3453803807497024
3,Fine-Tuned E5,-0.0263696610927581
3,Fine-Tuned E5,0.185840904712677
3,Fine-Tuned E5,0.1396328806877136
3,Fine-Tuned E5,0.082039475440979
3,Fine-Tuned E5,0.2463248372077942
3,Fine-Tuned E5,0.4034404158592224
3,Fine-Tuned E5,0.1295887902379036
3,Fine-Tuned E5,0.2258981019258499
3,Fine-Tuned E5,0.2111638933420181
3,Fine-Tuned E5,0.1494854092597961
3,Fine-Tuned E5,0.0931131839752197
3,Fine-Tuned E5,0.3422200381755829
3,Fine-Tuned E5,0.1474699825048446
3,Fine-Tuned E5,0.1747760474681854
3,Fine-Tuned E5,0.0216689705848693
3,Fine-Tuned E5,0.1021153628826141
3,Fine-Tuned E5,0.3817512989044189
3,Fine-Tuned E5,0.1734246611595153
3,Fine-Tuned E5,-0.1253716647624969
3,Fine-Tuned E5,0.2414542883634567
3,Fine-Tuned E5,-0.0395904779434204
3,Fine-Tuned E5,0.3008482754230499
3,Fine-Tuned E5,0.2853055149316787
3,Fine-Tuned E5,-0.0429050922393798
3,Fine-Tuned E5,0.0510152578353881
3,Fine-Tuned E5,0.2757925540208816
3,Fine-Tuned E5,0.0858955830335617
3,Fine-Tuned E5,-0.0546534955501556
3,Fine-Tuned E5,0.395613357424736
3,Fine-Tuned E5,0.4043204337358475
3,Fine-Tuned E5,0.4477406740188598
3,Fine-Tuned E5,0.1851094663143158
3,Fine-Tuned E5,-0.0425721108913421
3,Fine-Tuned E5,0.00053471326828
3,Fine-Tuned E5,0.1004108488559722
3,Fine-Tuned E5,0.1676531434059143
3,Fine-Tuned E5,0.0612257719039917
3,Fine-Tuned E5,0.1546440720558166
3,Fine-Tuned E5,0.1866715103387832
3,Fine-Tuned E5,0.0043372213840484
3,Fine-Tuned E5,0.0588592588901519
3,Fine-Tuned E5,0.02431321144104
3,Fine-Tuned E5,0.1360030472278595
3,Fine-Tuned E5,-0.2716249525547027
3,Fine-Tuned E5,0.1929348558187484
3,Fine-Tuned E5,0.0775780081748962
3,Fine-Tuned E5,0.0806769430637359
3,Fine-Tuned E5,0.002709224820137
3,Fine-Tuned E5,0.1326913088560104
3,Fine-Tuned E5,0.0495883673429489
3,Fine-Tuned E5,0.0231803506612777
3,Fine-Tuned E5,-0.3385785296559334
3,Fine-Tuned E5,0.1096737682819366
3,Fine-Tuned E5,0.1517998278141021
3,Fine-Tuned E5,-0.011939913034439
3,Fine-Tuned E5,0.0490317046642303
3,Fine-Tuned E5,0.2679182887077331
3,Fine-Tuned E5,-0.1009637415409088
3,Fine-Tuned E5,-0.0706223547458648
3,Fine-Tuned E5,0.3613916784524917
3,Fine-Tuned E5,0.0685933083295822
3,Fine-Tuned E5,0.1419105231761932
3,Fine-Tuned E5,-0.0527652651071548
3,Fine-Tuned E5,-0.0584525316953659
3,Fine-Tuned E5,0.3778087422251701
3,Fine-Tuned E5,-0.2276496887207031
3,Fine-Tuned E5,0.1840702891349792
3,Fine-Tuned E5,0.043988823890686
3,Fine-Tuned E5,0.1321660876274109
3,Fine-Tuned E5,0.2856172770261764
3,Fine-Tuned E5,-0.2235171794891357
3,Fine-Tuned E5,0.2397710084915161
3,Fine-Tuned E5,0.1430357694625854
3,Fine-Tuned E5,0.1188927292823791
3,Fine-Tuned E5,0.0691048800945282
3,Fine-Tuned E5,0.0453887283802032
3,Fine-Tuned E5,0.0191026926040649
3,Fine-Tuned E5,-0.0049419999122619
3,Fine-Tuned E5,0.1048983037471771
3,Fine-Tuned E5,0.0844225585460662
3,Fine-Tuned E5,0.1845063269138336
3,Fine-Tuned E5,-0.1273333430290222
3,Fine-Tuned E5,0.1437841355800628
3,Fine-Tuned E5,0.055824339389801
3,Fine-Tuned E5,0.2539297342300415
3,Fine-Tuned E5,-0.0256326794624328
3,Fine-Tuned E5,0.1963840499520301
3,Fine-Tuned E5,0.2436841577291488
3,Fine-Tuned E5,0.3337113708257675
3,Fine-Tuned E5,-0.041092962026596
3,Fine-Tuned E5,0.2696980237960815
3,Fine-Tuned E5,0.1554815471172332
3,Fine-Tuned E5,0.226623997092247
3,Fine-Tuned E5,0.1825245320796966
3,Fine-Tuned E5,0.1947301775217056
3,Fine-Tuned E5,-0.0172878503799438
3,Fine-Tuned E5,0.3144883662462234
3,Fine-Tuned E5,0.3176865801215172
3,Fine-Tuned E5,0.0597588419914245
3,Fine-Tuned E5,0.0897748470306396
3,Fine-Tuned E5,0.0949622988700866
3,Fine-Tuned E5,0.1603435277938842
3,Fine-Tuned E5,0.1846883893013
3,Fine-Tuned E5,0.2439451068639755
3,Fine-Tuned E5,0.2698544561862945
3,Fine-Tuned E5,0.2916088998317718
3,Fine-Tuned E5,0.0279836058616638
3,Fine-Tuned E5,0.2049434185028076
3,Fine-Tuned E5,0.2944647818803787
3,Fine-Tuned E5,0.0947360545396804
3,Fine-Tuned E5,0.2836179733276367
3,Fine-Tuned E5,0.4721051603555679
3,Fine-Tuned E5,0.2692672237753868
3,Fine-Tuned E5,0.2173072248697281
3,Fine-Tuned E5,0.0483692288398742
3,Fine-Tuned E5,0.1679966747760772
3,Fine-Tuned E5,0.0812411308288574
3,Fine-Tuned E5,0.119208350777626
3,Fine-Tuned E5,0.1841087639331817
3,Fine-Tuned E5,-0.0149504244327545
3,Fine-Tuned E5,0.4245391190052032
3,Fine-Tuned E5,0.2477586567401886
3,Fine-Tuned E5,0.0002417266368865
3,Fine-Tuned E5,0.0311152935028076
3,Fine-Tuned E5,0.3248854726552963
3,Fine-Tuned E5,0.146083191037178
3,Fine-Tuned E5,0.1690951138734817
3,Fine-Tuned E5,0.2563851177692413
3,Fine-Tuned E5,-0.0504051744937896
3,Fine-Tuned E5,0.2648356556892395
3,Fine-Tuned E5,-0.0179028213024139
3,Fine-Tuned E5,0.2370404154062271
3,Fine-Tuned E5,0.2282176613807678
3,Fine-Tuned E5,0.0504038333892822
3,Fine-Tuned E5,-0.0046811401844024
3,Fine-Tuned E5,0.109270840883255
3,Fine-Tuned E5,0.3104251772165298
3,Fine-Tuned E5,0.2711737900972366
3,Fine-Tuned E5,0.4135170727968216
3,Fine-Tuned E5,0.0035198926925659
3,Fine-Tuned E5,0.0812186598777771
3,Fine-Tuned E5,-0.1142018735408783
3,Fine-Tuned E5,0.0327103659510612
3,Fine-Tuned E5,-0.073091834783554
3,Fine-Tuned E5,-0.0084387958049774
3,Fine-Tuned E5,0.2691414803266525
3,Fine-Tuned E5,0.3441633284091949
3,Fine-Tuned E5,0.2452202811837196
3,Fine-Tuned E5,0.1884130761027336
3,Fine-Tuned E5,-0.0138894021511077
3,Fine-Tuned E5,0.0860514640808105
3,Fine-Tuned E5,-0.2262451723217964
3,Fine-Tuned E5,0.4894804507493973
3,Fine-Tuned E5,0.3698828518390655
3,Fine-Tuned E5,0.3568800091743469
3,Fine-Tuned E5,0.2537355981767177
3,Fine-Tuned E5,0.1486540734767913
3,Fine-Tuned E5,0.0984428822994232
3,Fine-Tuned E5,-0.0038813948631286
3,Fine-Tuned E5,0.1340339183807373
3,Fine-Tuned E5,0.0572970658540725
3,Fine-Tuned E5,0.1817330121994018
3,Fine-Tuned E5,0.242667555809021
3,Fine-Tuned E5,0.2534994632005691
3,Fine-Tuned E5,-0.0020597279071807
3,Fine-Tuned E5,-0.0706229209899902
3,Fine-Tuned E5,-0.0257962942123413
3,Fine-Tuned E5,0.0896019339561462
3,Fine-Tuned E5,0.0416204035282135
3,Fine-Tuned E5,0.1225694417953491
3,Fine-Tuned E5,0.1505246758460998
3,Fine-Tuned E5,0.1320467144250869
3,Fine-Tuned E5,0.2159890234470367
3,Fine-Tuned E5,-0.0887639075517654
3,Fine-Tuned E5,0.0890453159809112
3,Fine-Tuned E5,0.3103146255016327
3,Fine-Tuned E5,0.155901700258255
3,Fine-Tuned E5,0.0127651989459991
3,Fine-Tuned E5,0.163063496351242
3,Fine-Tuned E5,0.1873307228088379
3,Fine-Tuned E5,-0.1892470978200435
3,Fine-Tuned E5,0.28890510648489
3,Fine-Tuned E5,0.0953511893749237
3,Fine-Tuned E5,0.2066987752914428
3,Fine-Tuned E5,0.0885075628757476
3,Fine-Tuned E5,0.2150592505931854
3,Fine-Tuned E5,0.1813676953315735
3,Fine-Tuned E5,0.1834432482719421
3,Fine-Tuned E5,0.1414503902196884
3,Fine-Tuned E5,-0.0411203205585479
3,Fine-Tuned E5,0.1710938811302185
3,Fine-Tuned E5,0.0963246822357177
3,Fine-Tuned E5,0.0499982833862304
3,Fine-Tuned E5,0.2183007299900055
3,Fine-Tuned E5,0.0141043365001678
3,Fine-Tuned E5,0.0853383541107177
3,Fine-Tuned E5,-0.1279489398002624
3,Fine-Tuned E5,0.2789708822965622
3,Fine-Tuned E5,0.084631860256195
3,Fine-Tuned E5,-0.004429668188095
3,Fine-Tuned E5,0.1009078323841095
3,Fine-Tuned E5,-0.184430330991745
3,Fine-Tuned E5,-0.0726975798606872
3,Fine-Tuned E5,-0.2085334509611129
3,Fine-Tuned E5,0.1786208152770996
3,Fine-Tuned E5,0.1083408296108245
3,Fine-Tuned E5,0.0860896110534668
3,Fine-Tuned E5,0.0883949697017669
3,Fine-Tuned E5,0.113372266292572
3,Fine-Tuned E5,0.0991053581237793
3,Fine-Tuned E5,0.1633814871311187
3,Fine-Tuned E5,0.0591371953487396
3,Fine-Tuned E5,0.3681399971246719
3,Fine-Tuned E5,-0.0311853289604187
3,Fine-Tuned E5,0.238528698682785
3,Fine-Tuned E5,0.2955293208360672
3,Fine-Tuned E5,0.2782911360263824
3,Fine-Tuned E5,0.3248551338911056
3,Fine-Tuned E5,0.3189893364906311
3,Fine-Tuned E5,-0.017530083656311
3,Fine-Tuned E5,0.2517709732055664
3,Fine-Tuned E5,0.2753290235996246
3,Fine-Tuned E5,0.301172599196434
3,Fine-Tuned E5,-0.1759013086557388
3,Fine-Tuned E5,0.2019740641117096
3,Fine-Tuned E5,-0.0550549626350402
3,Fine-Tuned E5,0.108971357345581
3,Fine-Tuned E5,-0.0033252984285354
3,Fine-Tuned E5,0.1737752854824066
3,Fine-Tuned E5,0.1349504292011261
3,Fine-Tuned E5,-0.0448991954326629
3,Fine-Tuned E5,0.0901983082294464
3,Fine-Tuned E5,0.0647912323474884
3,Fine-Tuned E5,0.0539085865020751
3,Fine-Tuned E5,-0.0662775337696075
3,Fine-Tuned E5,0.1658658385276794
3,Fine-Tuned E5,0.2474422454833984
3,Fine-Tuned E5,0.2213543057441711
3,Fine-Tuned E5,0.1882339715957641
3,Fine-Tuned E5,0.064965158700943
3,Fine-Tuned E5,0.0178593099117279
3,Fine-Tuned E5,0.1617476344108581
3,Fine-Tuned E5,0.1835779845714569
3,Fine-Tuned E5,0.1954010128974914
3,Fine-Tuned E5,-0.0068106949329376
3,Fine-Tuned E5,0.1749259382486343
3,Fine-Tuned E5,0.2237225174903869
3,Fine-Tuned E5,0.4014806821942329
3,Fine-Tuned E5,0.0017816126346588
3,Fine-Tuned E5,0.2626623958349228
3,Fine-Tuned E5,0.0946405827999115
3,Fine-Tuned E5,0.1669236123561859
3,Fine-Tuned E5,0.1134101450443267
3,Fine-Tuned E5,0.1775155961513519
3,Fine-Tuned E5,0.2902614176273346
3,Fine-Tuned E5,0.2434593737125396
3,Fine-Tuned E5,0.3168618083000183
3,Fine-Tuned E5,0.0968210399150848
3,Fine-Tuned E5,0.2166966795921325
3,Fine-Tuned E5,0.1366658508777618
3,Fine-Tuned E5,0.1841664910316467
3,Fine-Tuned E5,0.1829702258110046
3,Fine-Tuned E5,0.3553586006164551
3,Fine-Tuned E5,0.2143448144197464
3,Fine-Tuned E5,0.5167476609349251
3,Fine-Tuned E5,0.0770843923091888
3,Fine-Tuned E5,0.2204429805278778
3,Fine-Tuned E5,0.1275072693824768
3,Fine-Tuned E5,0.2072689235210418
3,Fine-Tuned E5,0.2930347919464111
3,Fine-Tuned E5,0.1330204308032989
3,Fine-Tuned E5,0.1362973749637603
3,Fine-Tuned E5,-0.0060114562511444
3,Fine-Tuned E5,0.0229282081127166
3,Fine-Tuned E5,0.1221274882555008
3,Fine-Tuned E5,0.175675168633461
3,Fine-Tuned E5,-0.0811785236001014
3,Fine-Tuned E5,0.1551099419593811
3,Fine-Tuned E5,0.2401402443647384
3,Fine-Tuned E5,0.1435781121253967
3,Fine-Tuned E5,0.0594204366207122
3,Fine-Tuned E5,0.1389710009098053
3,Fine-Tuned E5,0.1517930924892425
3,Fine-Tuned E5,0.0814997553825378
3,Fine-Tuned E5,-0.0257501602172851
3,Fine-Tuned E5,0.1183450520038604
3,Fine-Tuned E5,0.164794385433197
3,Fine-Tuned E5,0.0226212739944458
3,Fine-Tuned E5,0.1772102862596511
3,Fine-Tuned E5,0.2134096026420593
3,Fine-Tuned E5,0.2107893228530883
3,Fine-Tuned E5,0.0279591679573059
3,Fine-Tuned E5,0.1743277311325073
3,Fine-Tuned E5,0.0988988280296325
3,Fine-Tuned E5,0.216042011976242
3,Fine-Tuned E5,0.1454741954803466
3,Fine-Tuned E5,0.1088356375694274
3,Fine-Tuned E5,0.1226581037044525
3,Fine-Tuned E5,0.0279106795787811
3,Fine-Tuned E5,0.1886955797672271
3,Fine-Tuned E5,0.3360414952039718
3,Fine-Tuned E5,0.2188251167535781
3,Fine-Tuned E5,0.2296448200941085
3,Fine-Tuned E5,0.2187414020299911
3,Fine-Tuned E5,0.2539784908294678
3,Fine-Tuned E5,0.1997261047363281
3,Fine-Tuned E5,0.2021905481815338
3,Fine-Tuned E5,0.190679132938385
3,Fine-Tuned E5,0.0670127272605896
3,Fine-Tuned E5,0.1852143108844757
3,Fine-Tuned E5,0.1546596139669418
3,Fine-Tuned E5,0.1372923254966735
3,Fine-Tuned E5,0.2346566021442413
3,Fine-Tuned E5,0.0892293155193328
3,Fine-Tuned E5,-0.0824385434389114
3,Fine-Tuned E5,-0.129809945821762
3,Fine-Tuned E5,0.0331603437662124
3,Fine-Tuned E5,0.2548379451036453
3,Fine-Tuned E5,0.1128164529800415
3,Fine-Tuned E5,0.2047417908906936
3,Fine-Tuned E5,0.1188424527645111
3,Fine-Tuned E5,-0.0870240777730941
3,Fine-Tuned E5,0.2217819392681121
3,Fine-Tuned E5,0.1827046573162078
3,Fine-Tuned E5,0.0892114043235778
3,Fine-Tuned E5,0.0920182168483734
3,Fine-Tuned E5,0.0917544364929199
3,Fine-Tuned E5,0.1753171980381012
3,Fine-Tuned E5,-0.0736861228942871
3,Fine-Tuned E5,0.325986385345459
3,Fine-Tuned E5,0.1586728394031524
3,Fine-Tuned E5,0.0115003883838653
3,Fine-Tuned E5,0.3989030718803406
3,Fine-Tuned E5,0.2424731254577636
3,Fine-Tuned E5,0.0342661142349243
3,Fine-Tuned E5,0.2740088999271393
3,Fine-Tuned E5,0.316970095038414
3,Fine-Tuned E5,0.2091629803180694
3,Fine-Tuned E5,0.2886792421340942
3,Fine-Tuned E5,0.213527649641037
3,Fine-Tuned E5,0.2346072793006897
3,Fine-Tuned E5,0.1016559302806854
3,Fine-Tuned E5,0.1280795335769653
3,Fine-Tuned E5,0.0641048848628997
3,Fine-Tuned E5,0.1570021957159042
3,Fine-Tuned E5,-0.0128130912780761
3,Fine-Tuned E5,0.1101599335670471
3,Fine-Tuned E5,0.3366027101874351
3,Fine-Tuned E5,0.1357137858867645
3,Fine-Tuned E5,0.3742055594921112
3,Fine-Tuned E5,0.1395517587661743
3,Fine-Tuned E5,0.3629293292760849
3,Fine-Tuned E5,-0.0099008381366729
3,Fine-Tuned E5,0.0881765782833099
3,Fine-Tuned E5,-0.2301342189311981
3,Fine-Tuned E5,0.0711276531219482
3,Fine-Tuned E5,0.0285320281982421
3,Fine-Tuned E5,0.2291837483644485
3,Fine-Tuned E5,0.0801467448472976
3,Fine-Tuned E5,0.2107173576951027
3,Fine-Tuned E5,0.203762024641037
3,Fine-Tuned E5,-0.1518292725086212
3,Fine-Tuned E5,0.2292985022068023
3,Fine-Tuned E5,0.1281141340732574
3,Fine-Tuned E5,0.1980588734149933
3,Fine-Tuned E5,0.3687162697315216
3,Fine-Tuned E5,0.2577411830425262
3,Fine-Tuned E5,0.3424729108810425
3,Fine-Tuned E5,0.2323405891656875
3,Fine-Tuned E5,0.1570926308631897
3,Fine-Tuned E5,0.2937667071819305
3,Fine-Tuned E5,0.3965604901313782
3,Fine-Tuned E5,0.2083667814731598
3,Fine-Tuned E5,-0.0870418548583984
3,Fine-Tuned E5,0.0791074037551879
3,Fine-Tuned E5,-0.0857847034931182
3,Fine-Tuned E5,0.3028039038181305
3,Fine-Tuned E5,0.2981711030006408
3,Fine-Tuned E5,0.1250546276569366
3,Fine-Tuned E5,0.1325682699680328
3,Fine-Tuned E5,0.3113663271069526
3,Fine-Tuned E5,0.3386396840214729
3,Fine-Tuned E5,0.1106208860874176
3,Fine-Tuned E5,0.3854590207338333
3,Fine-Tuned E5,0.2447362840175628
3,Fine-Tuned E5,0.2868794947862625
3,Fine-Tuned E5,0.4407703578472137
3,Fine-Tuned E5,0.0833347886800766
3,Fine-Tuned E5,0.1975143700838089
3,Fine-Tuned E5,0.0340525805950164
3,Fine-Tuned E5,0.0805495083332061
3,Fine-Tuned E5,0.1452778875827789
3,Fine-Tuned E5,0.156770646572113
3,Fine-Tuned E5,0.2320181205868721
3,Fine-Tuned E5,0.2117848098278045
3,Fine-Tuned E5,0.176626831293106
3,Fine-Tuned E5,0.1562257409095764
3,Fine-Tuned E5,0.0830275863409042
3,Fine-Tuned E5,0.1385091990232467
3,Fine-Tuned E5,0.1510937213897705
3,Fine-Tuned E5,0.0367160737514495
3,Fine-Tuned E5,0.1203702390193939
3,Fine-Tuned E5,0.1608196794986724
3,Fine-Tuned E5,0.2162691056728363
3,Fine-Tuned E5,0.0480107069015502
3,Fine-Tuned E5,0.027770459651947
3,Fine-Tuned E5,0.1183106005191803
3,Fine-Tuned E5,0.1225213706493377
3,Fine-Tuned E5,-0.0130645632743835
3,Fine-Tuned E5,0.2215596735477447
3,Fine-Tuned E5,-0.0121795535087585
3,Fine-Tuned E5,0.0995778143405914
3,Fine-Tuned E5,0.090036392211914
3,Fine-Tuned E5,0.3271046876907348
3,Fine-Tuned E5,0.0301378071308136
3,Fine-Tuned E5,0.0681979656219482
3,Fine-Tuned E5,0.1483415067195892
3,Fine-Tuned E5,0.1257922053337097
3,Fine-Tuned E5,-0.0183073282241821
3,Fine-Tuned E5,0.2610356211662292
3,Fine-Tuned E5,0.3653382956981659
3,Fine-Tuned E5,0.336930051445961
3,Fine-Tuned E5,0.1842376887798309
3,Fine-Tuned E5,0.131171315908432
3,Fine-Tuned E5,0.1694104969501495
3,Fine-Tuned E5,0.1254810392856598
3,Fine-Tuned E5,0.004103809595108
3,Fine-Tuned E5,0.0719717144966125
3,Fine-Tuned E5,0.186961144208908
3,Fine-Tuned E5,0.1913600265979766
3,Fine-Tuned E5,0.2447212636470794
3,Fine-Tuned E5,0.1899079084396362
3,Fine-Tuned E5,0.393945962190628
3,Fine-Tuned E5,0.2081430554389953
3,Fine-Tuned E5,0.2516818046569824
3,Fine-Tuned E5,0.2283298969268798
3,Fine-Tuned E5,0.1138306856155395
3,Fine-Tuned E5,0.018414944410324
3,Fine-Tuned E5,-0.0674276947975158
3,Fine-Tuned E5,0.2489466369152069
3,Fine-Tuned E5,0.0907307863235473
3,Fine-Tuned E5,0.0825175344944
3,Fine-Tuned E5,0.2062686383724212
3,Fine-Tuned E5,0.3661145269870758
3,Fine-Tuned E5,0.2186846435070037
3,Fine-Tuned E5,0.2137081325054168
3,Fine-Tuned E5,0.1005723178386688
3,Fine-Tuned E5,-0.0213831067085266
3,Fine-Tuned E5,0.002332329750061
3,Fine-Tuned E5,0.2435436844825744
3,Fine-Tuned E5,0.0566961765289306
3,Fine-Tuned E5,0.060393750667572
3,Fine-Tuned E5,0.3196596056222915
3,Fine-Tuned E5,0.1065225005149841
3,Fine-Tuned E5,0.0925963670015335
3,Fine-Tuned E5,-0.0678021609783172
3,Fine-Tuned E5,0.2486500144004821
3,Fine-Tuned E5,0.0668165683746337
3,Fine-Tuned E5,0.1750085204839706
3,Fine-Tuned E5,0.1819074153900146
3,Fine-Tuned E5,-0.0790343135595321
3,Fine-Tuned E5,0.1351640820503235
3,Fine-Tuned E5,0.0891312658786773
3,Fine-Tuned E5,0.2004518508911132
3,Fine-Tuned E5,0.1000137627124786
3,Fine-Tuned E5,-0.1120492070913314
3,Fine-Tuned E5,0.1828552782535553
3,Fine-Tuned E5,-0.0891764461994171
3,Fine-Tuned E5,0.2224461138248443
3,Fine-Tuned E5,0.0630966424942016
3,Fine-Tuned E5,0.2092385292053222
3,Fine-Tuned E5,0.3460543735418468
3,Fine-Tuned E5,0.2359478324651718
3,Fine-Tuned E5,0.1937072575092315
3,Fine-Tuned E5,0.0397365689277648
3,Fine-Tuned E5,0.0988237857818603
3,Fine-Tuned E5,0.1091575920581817
3,Fine-Tuned E5,0.1679708957672119
3,Fine-Tuned E5,0.3461052179336548
3,Fine-Tuned E5,0.1844406574964523
3,Fine-Tuned E5,0.1590531468391418
3,Fine-Tuned E5,0.0452127754688262
3,Fine-Tuned E5,0.1434703916311264
3,Fine-Tuned E5,0.251071386039257
3,Fine-Tuned E5,0.1947923898696899
3,Fine-Tuned E5,-0.0237886011600494
3,Fine-Tuned E5,0.040003627538681
3,Fine-Tuned E5,-0.1543788313865661
3,Fine-Tuned E5,0.0950780510902404
3,Fine-Tuned E5,-0.1125232577323913
3,Fine-Tuned E5,0.0599435269832611
3,Fine-Tuned E5,-0.0629996955394744
3,Fine-Tuned E5,0.1311922371387481
3,Fine-Tuned E5,0.1181628182530403
3,Fine-Tuned E5,0.0768553763628006
3,Fine-Tuned E5,0.2181484997272491
3,Fine-Tuned E5,0.2209726572036743
3,Fine-Tuned E5,0.0813163220882415
3,Fine-Tuned E5,0.1010292768478393
3,Fine-Tuned E5,0.2679085433483124
3,Fine-Tuned E5,0.2686235606670379
3,Fine-Tuned E5,0.1953940987586975
3,Fine-Tuned E5,0.217924416065216
3,Fine-Tuned E5,-0.2062456458806991
3,Fine-Tuned E5,0.0134097933769226
3,Fine-Tuned E5,0.1357286870479583
3,Fine-Tuned E5,0.3066034764051437
3,Fine-Tuned E5,0.1918039470911026
3,Fine-Tuned E5,0.1668928265571594
3,Fine-Tuned E5,0.0843906998634338
3,Fine-Tuned E5,0.0296661853790283
3,Fine-Tuned E5,0.0084607899188995
3,Fine-Tuned E5,0.1829880177974701
3,Fine-Tuned E5,0.0649289190769195
3,Fine-Tuned E5,0.1420637369155883
3,Fine-Tuned E5,0.1307288706302642
3,Fine-Tuned E5,0.1743253767490387
3,Fine-Tuned E5,0.4218596890568733
3,Fine-Tuned E5,0.0872805714607238
3,Fine-Tuned E5,0.2217267453670501
3,Fine-Tuned E5,0.1202266812324523
3,Fine-Tuned E5,0.0874493718147277
3,Fine-Tuned E5,0.1951817572116851
3,Fine-Tuned E5,0.1833314001560211
3,Fine-Tuned E5,0.3559569269418716
3,Fine-Tuned E5,-0.1385718882083892
3,Fine-Tuned E5,0.0381116271018981
3,Fine-Tuned E5,0.2028443068265915
3,Fine-Tuned E5,-0.0436538457870483
3,Fine-Tuned E5,0.1318847239017486
3,Fine-Tuned E5,0.3646822273731231
3,Fine-Tuned E5,0.2828063070774078
3,Fine-Tuned E5,0.1197100579738617
3,Fine-Tuned E5,0.3257966935634613
3,Fine-Tuned E5,-0.0680175721645355
3,Fine-Tuned E5,0.0128068327903747
3,Fine-Tuned E5,0.201444000005722
3,Fine-Tuned E5,0.2647033631801605
3,Fine-Tuned E5,0.1756497621536255
3,Fine-Tuned E5,0.120705172419548
3,Fine-Tuned E5,0.3335503041744232
3,Fine-Tuned E5,-0.0086986720561981
3,Fine-Tuned E5,0.1894877851009369
3,Fine-Tuned E5,0.1869104504585266
3,Fine-Tuned E5,0.1638650298118591
3,Fine-Tuned E5,0.2563558518886566
3,Fine-Tuned E5,0.0756965577602386
3,Fine-Tuned E5,0.0844611227512359
3,Fine-Tuned E5,0.0295712947845459
3,Fine-Tuned E5,0.517642505466938
3,Fine-Tuned E5,0.0425017476081848
3,Fine-Tuned E5,0.2172491550445556
3,Fine-Tuned E5,-0.0036024749279022
3,Fine-Tuned E5,-0.1567340493202209
3,Fine-Tuned E5,0.1428062915802002
3,Fine-Tuned E5,0.3992093652486801
3,Fine-Tuned E5,0.0574718415737152
3,Fine-Tuned E5,0.1523779332637787
3,Fine-Tuned E5,0.1639599800109863
3,Fine-Tuned E5,0.1197198405861854
3,Fine-Tuned E5,0.2058481872081756
3,Fine-Tuned E5,0.1193265318870544
3,Fine-Tuned E5,0.1343609988689422
3,Fine-Tuned E5,0.1415688395500183
3,Fine-Tuned E5,0.0207539200782775
3,Fine-Tuned E5,0.1975852251052856
3,Fine-Tuned E5,0.4108300507068634
3,Fine-Tuned E5,0.1643192768096923
3,Fine-Tuned E5,0.421663299202919
3,Fine-Tuned E5,0.1925249099731445
3,Fine-Tuned E5,0.3185160160064697
3,Fine-Tuned E5,0.417414128780365
3,Fine-Tuned E5,0.2225204706192016
3,Fine-Tuned E5,-0.0068029761314392
3,Fine-Tuned E5,0.0606808960437774
3,Fine-Tuned E5,-0.0295353531837463
3,Fine-Tuned E5,0.2158047258853912
3,Fine-Tuned E5,0.2162549346685409
3,Fine-Tuned E5,0.1246927380561828
3,Fine-Tuned E5,0.1587910205125808
3,Fine-Tuned E5,0.0526711046695709
3,Fine-Tuned E5,0.3793607875704765
3,Fine-Tuned E5,0.0039356350898742
3,Fine-Tuned E5,0.1778492629528045
3,Fine-Tuned E5,-0.0793606042861938
3,Fine-Tuned E5,0.0987793356180191
3,Fine-Tuned E5,-0.0743348896503448
3,Fine-Tuned E5,0.335916593670845
3,Fine-Tuned E5,0.0195139646530151
3,Fine-Tuned E5,0.1346585750579834
3,Fine-Tuned E5,-0.1416046023368835
3,Fine-Tuned E5,0.1707966923713684
3,Fine-Tuned E5,-0.0604110360145568
3,Fine-Tuned E5,0.1844192743301391
3,Fine-Tuned E5,0.2161256968975067
3,Fine-Tuned E5,0.4080029502511024
3,Fine-Tuned E5,0.1329516321420669
3,Fine-Tuned E5,0.1643942296504974
3,Fine-Tuned E5,0.4109337925910949
3,Fine-Tuned E5,0.3664835542440414
3,Fine-Tuned E5,0.2810193747282028
3,Fine-Tuned E5,0.1301296800374984
3,Fine-Tuned E5,0.0155203938484191
3,Fine-Tuned E5,0.1694734506309032
3,Fine-Tuned E5,-0.0414586961269378
3,Fine-Tuned E5,0.0664157718420028
3,Fine-Tuned E5,0.1828594505786895
3,Fine-Tuned E5,0.1363768279552459
3,Fine-Tuned E5,-0.0105126798152923
3,Fine-Tuned E5,0.1945108622312545
3,Fine-Tuned E5,0.3113560080528259
3,Fine-Tuned E5,-0.0666359364986419
3,Fine-Tuned E5,0.3550420701503753
3,Fine-Tuned E5,0.0948341786861419
3,Fine-Tuned E5,0.1333200633525848
3,Fine-Tuned E5,0.346012994647026
3,Fine-Tuned E5,0.2182026207447052
3,Fine-Tuned E5,0.0518544912338256
3,Fine-Tuned E5,0.152629017829895
3,Fine-Tuned E5,0.2012060284614563
3,Fine-Tuned E5,0.2079654037952423
3,Fine-Tuned E5,0.0366467237472534
3,Fine-Tuned E5,0.152073249220848
3,Fine-Tuned E5,0.037840336561203
3,Fine-Tuned E5,0.3104073107242584
3,Fine-Tuned E5,0.2554693669080734
3,Fine-Tuned E5,0.2156915664672851
3,Fine-Tuned E5,0.3142364770174026
3,Fine-Tuned E5,0.1445802897214889
3,Fine-Tuned E5,0.2565663293935358
3,Fine-Tuned E5,0.0867420136928558
3,Fine-Tuned E5,0.0615164488554
3,Fine-Tuned E5,0.1351272761821746
3,Fine-Tuned E5,0.167989432811737
3,Fine-Tuned E5,-0.1633249819278717
3,Fine-Tuned E5,0.0164828896522521
3,Fine-Tuned E5,0.0616730451583862
3,Fine-Tuned E5,-0.1377035975456237
3,Fine-Tuned E5,0.1509323418140411
3,Fine-Tuned E5,-0.0683504939079284
3,Fine-Tuned E5,0.1676453351974487
3,Fine-Tuned E5,0.1298343241214752
3,Fine-Tuned E5,0.0835349410772323
3,Fine-Tuned E5,0.0430215448141098
3,Fine-Tuned E5,0.0213723480701446
3,Fine-Tuned E5,-0.0259520411491394
3,Fine-Tuned E5,0.1431102454662323
3,Fine-Tuned E5,0.137116938829422
3,Fine-Tuned E5,0.1174567341804504
3,Fine-Tuned E5,0.171509712934494
3,Fine-Tuned E5,0.178258866071701
3,Fine-Tuned E5,0.209308922290802
3,Fine-Tuned E5,0.2002355828881263
3,Fine-Tuned E5,0.2962769269943237
3,Fine-Tuned E5,0.140367180109024
3,Fine-Tuned E5,0.2365321367979049
3,Fine-Tuned E5,0.2079521119594574
3,Fine-Tuned E5,0.150270015001297
3,Fine-Tuned E5,0.2406489551067352
3,Fine-Tuned E5,0.2668448835611343
3,Fine-Tuned E5,0.1278064101934433
3,Fine-Tuned E5,0.173545703291893
3,Fine-Tuned E5,0.0063802301883697
3,Fine-Tuned E5,0.1239814609289169
3,Fine-Tuned E5,0.2665067017078399
3,Fine-Tuned E5,0.2200014293193817
3,Fine-Tuned E5,0.2142753303050995
3,Fine-Tuned E5,0.1360477805137634
3,Fine-Tuned E5,0.207511693239212
3,Fine-Tuned E5,0.420474961400032
3,Fine-Tuned E5,0.4043052494525909
3,Fine-Tuned E5,0.4141464680433273
3,Fine-Tuned E5,-0.0155315101146698
3,Fine-Tuned E5,-0.077191412448883
3,Fine-Tuned E5,0.1994530707597732
3,Fine-Tuned E5,-0.0799448490142822
3,Fine-Tuned E5,0.1116239726543426
3,Fine-Tuned E5,0.06965072453022
3,Fine-Tuned E5,0.2151449471712112
3,Fine-Tuned E5,-0.0028295516967773
3,Fine-Tuned E5,0.2468539476394653
3,Fine-Tuned E5,0.2218135297298431
3,Fine-Tuned E5,0.1776219308376312
3,Fine-Tuned E5,-0.0500616133213043
3,Fine-Tuned E5,0.1466797888278961
3,Fine-Tuned E5,0.2681274563074112
3,Fine-Tuned E5,0.2143293470144271
3,Fine-Tuned E5,0.1523181498050689
3,Fine-Tuned E5,0.0913675427436828
3,Fine-Tuned E5,-0.0143624544143676
3,Fine-Tuned E5,0.1565156579017639
3,Fine-Tuned E5,0.2741450518369674
3,Fine-Tuned E5,0.4024071246385574
3,Fine-Tuned E5,0.2175093740224838
3,Fine-Tuned E5,0.2152265757322311
3,Fine-Tuned E5,0.1953352391719818
3,Fine-Tuned E5,0.1517324745655059
3,Fine-Tuned E5,0.28498325496912
3,Fine-Tuned E5,0.0120598375797271
3,Fine-Tuned E5,-0.1196988970041275
3,Fine-Tuned E5,0.2304556518793106
3,Fine-Tuned E5,0.4028167873620987
3,Fine-Tuned E5,0.1978672742843628
3,Fine-Tuned E5,0.1895148754119873
3,Fine-Tuned E5,0.081864058971405
3,Fine-Tuned E5,0.0628739595413208
3,Fine-Tuned E5,-0.0117652118206024
3,Fine-Tuned E5,0.0726774781942367
3,Fine-Tuned E5,0.1975719481706619
3,Fine-Tuned E5,0.1204067841172218
3,Fine-Tuned E5,0.0489179491996765
3,Fine-Tuned E5,0.3055682331323623
3,Fine-Tuned E5,0.1589192450046539
3,Fine-Tuned E5,-0.0084432363510131
3,Fine-Tuned E5,0.1451172828674316
3,Fine-Tuned E5,0.108244389295578
3,Fine-Tuned E5,0.170242503285408
3,Fine-Tuned E5,-0.0283908247947692
3,Fine-Tuned E5,0.0214976668357849
3,Fine-Tuned E5,0.2231328263878822
3,Fine-Tuned E5,0.000643566250801
3,Fine-Tuned E5,-0.0019194483757019
3,Fine-Tuned E5,0.0616865456104278
3,Fine-Tuned E5,0.1190456300973892
3,Fine-Tuned E5,0.337280124425888
3,Fine-Tuned E5,0.0520657300949096
3,Fine-Tuned E5,0.1204067021608352
3,Fine-Tuned E5,0.3656128318980336
3,Fine-Tuned E5,0.0628888309001922
3,Fine-Tuned E5,0.0208772718906402
3,Fine-Tuned E5,0.0778405666351318
3,Fine-Tuned E5,-0.0917495787143707
3,Fine-Tuned E5,0.2741200774908066
3,Fine-Tuned E5,0.0719465017318725
3,Fine-Tuned E5,0.3909996002912521
3,Fine-Tuned E5,0.3433738723397255
3,Fine-Tuned E5,0.1312951743602752
3,Fine-Tuned E5,0.0099052488803863
3,Fine-Tuned E5,0.0686185508966445
3,Fine-Tuned E5,0.0887645483016967
3,Fine-Tuned E5,0.0642101466655731
3,Fine-Tuned E5,0.2469229474663734
3,Fine-Tuned E5,-0.0831906646490097
3,Fine-Tuned E5,0.0062512457370758
3,Fine-Tuned E5,0.2000020891427993
3,Fine-Tuned E5,0.1932352185249328
3,Fine-Tuned E5,-0.0054186284542083
3,Fine-Tuned E5,0.3626311123371124
3,Fine-Tuned E5,0.1423299759626388
3,Fine-Tuned E5,0.1047979593276977
3,Fine-Tuned E5,0.1696376800537109
3,Fine-Tuned E5,0.1349423080682754
3,Fine-Tuned E5,0.0498622804880142
3,Fine-Tuned E5,0.0566304624080657
3,Fine-Tuned E5,0.0324665904045105
3,Fine-Tuned E5,0.1284709870815277
3,Fine-Tuned E5,0.1617392897605896
3,Fine-Tuned E5,0.1584906131029129
3,Fine-Tuned E5,0.1805834770202636
3,Fine-Tuned E5,0.1319987177848816
3,Fine-Tuned E5,0.0741041898727417
3,Fine-Tuned E5,0.0114706754684448
3,Fine-Tuned E5,0.2700561881065368
3,Fine-Tuned E5,-0.0545734763145446
3,Fine-Tuned E5,0.1318130195140838
3,Fine-Tuned E5,0.173950970172882
3,Fine-Tuned E5,0.2916324436664581
3,Fine-Tuned E5,0.3583761751651764
3,Fine-Tuned E5,0.0646587610244751
3,Fine-Tuned E5,0.0943134725093841
3,Fine-Tuned E5,0.2808346301317215
3,Fine-Tuned E5,0.1282848268747329
3,Fine-Tuned E5,0.1251604557037353
3,Fine-Tuned E5,0.293320432305336
3,Fine-Tuned E5,-0.012613445520401
3,Fine-Tuned E5,0.4242337346076965
3,Fine-Tuned E5,0.1266593933105468
3,Fine-Tuned E5,-0.0619755685329437
3,Fine-Tuned E5,0.2314153909683227
3,Fine-Tuned E5,0.1915266662836074
3,Fine-Tuned E5,0.275307860225439
3,Fine-Tuned E5,0.0724709630012512
3,Fine-Tuned E5,0.1210244297981262
3,Fine-Tuned E5,0.1512573361396789
3,Fine-Tuned E5,0.3685809671878814
3,Fine-Tuned E5,0.3264581263065338
3,Fine-Tuned E5,0.2397263497114181
3,Fine-Tuned E5,-0.0486721098423004
3,Fine-Tuned E5,0.1380364894866943
3,Fine-Tuned E5,0.021254263818264
3,Fine-Tuned E5,0.0476548969745636
3,Fine-Tuned E5,0.1053096055984497
3,Fine-Tuned E5,0.2117218524217605
3,Fine-Tuned E5,0.0316800028085708
3,Fine-Tuned E5,0.2634741067886352
3,Fine-Tuned E5,0.0777216404676437
3,Fine-Tuned E5,0.1154494285583496
3,Fine-Tuned E5,0.3642313629388809
3,Fine-Tuned E5,-0.0125532448291778
3,Fine-Tuned E5,-0.2004941254854202
3,Fine-Tuned E5,-0.0554919242858886
3,Fine-Tuned E5,0.0382348299026489
3,Fine-Tuned E5,0.2430838495492935
3,Fine-Tuned E5,-0.0042169690132141
3,Fine-Tuned E5,-0.0510248243808746
3,Fine-Tuned E5,-0.0485879182815551
3,Fine-Tuned E5,-0.0826464742422103
3,Fine-Tuned E5,0.205431193113327
3,Fine-Tuned E5,0.0681416690349578
3,Fine-Tuned E5,0.1308691799640655
3,Fine-Tuned E5,0.2591647505760193
3,Fine-Tuned E5,0.0911643058061599
3,Fine-Tuned E5,0.0585828423500061
3,Fine-Tuned E5,0.0619088560342788
3,Fine-Tuned E5,-0.0541127324104309
3,Fine-Tuned E5,0.0667610764503479
3,Fine-Tuned E5,0.0681631565093994
3,Fine-Tuned E5,0.1705811917781829
3,Fine-Tuned E5,0.3018538653850555
3,Fine-Tuned E5,-0.0714204013347625
3,Fine-Tuned E5,0.1683924496173858
3,Fine-Tuned E5,0.3625841587781906
3,Fine-Tuned E5,0.2753327190876007
3,Fine-Tuned E5,-0.0102176070213317
3,Fine-Tuned E5,-0.1342141777276992
3,Fine-Tuned E5,0.139116570353508
3,Fine-Tuned E5,0.2283570915460586
3,Fine-Tuned E5,-0.0135902166366577
3,Fine-Tuned E5,0.2133070081472396
3,Fine-Tuned E5,0.098781019449234
3,Fine-Tuned E5,0.1618015319108963
3,Fine-Tuned E5,0.2335231900215149
3,Fine-Tuned E5,0.1804390847682953
3,Fine-Tuned E5,0.0535609126091003
3,Fine-Tuned E5,0.2231757864356041
3,Fine-Tuned E5,0.3804664332419634
3,Fine-Tuned E5,0.4654347375035286
3,Fine-Tuned E5,0.3163869231939316
3,Fine-Tuned E5,0.2842617034912109
3,Fine-Tuned E5,0.2401359230279922
3,Fine-Tuned E5,0.237482875585556
3,Fine-Tuned E5,0.3559544086456299
3,Fine-Tuned E5,0.0824480354785919
3,Fine-Tuned E5,0.4547535479068756
3,Fine-Tuned E5,-0.0416521430015563
3,Fine-Tuned E5,0.2219899212941527
3,Fine-Tuned E5,-0.1639226675033569
3,Fine-Tuned E5,0.2426802664995193
3,Fine-Tuned E5,-0.1434915512800216
3,Fine-Tuned E5,0.0233746469020843
3,Fine-Tuned E5,0.0572056174278259
3,Fine-Tuned E5,-0.0007744133472442
3,Fine-Tuned E5,0.5374576728790998
3,Fine-Tuned E5,0.0077344477176666
3,Fine-Tuned E5,0.1797918081283569
3,Fine-Tuned E5,0.0681255161762237
3,Fine-Tuned E5,0.2204075455665588
3,Fine-Tuned E5,0.0238324701786041
3,Fine-Tuned E5,0.1794123351573944
3,Fine-Tuned E5,0.1083238720893859
3,Fine-Tuned E5,0.0340630710124969
3,Fine-Tuned E5,0.054714411497116
3,Fine-Tuned E5,0.0705251991748809
3,Fine-Tuned E5,0.0329662710428237
3,Fine-Tuned E5,0.1096963137388229
3,Fine-Tuned E5,0.2020398825407028
3,Fine-Tuned E5,0.0024433135986328
3,Fine-Tuned E5,-0.1757346540689468
3,Fine-Tuned E5,0.0762302875518798
3,Fine-Tuned E5,0.1817258298397064
3,Fine-Tuned E5,0.1669496595859527
3,Fine-Tuned E5,0.1114059686660766
3,Fine-Tuned E5,0.1682664155960083
3,Fine-Tuned E5,0.2884360998868942
3,Fine-Tuned E5,0.0473122596740722
3,Fine-Tuned E5,0.0294999778270721
3,Fine-Tuned E5,0.1634555906057357
3,Fine-Tuned E5,0.105440080165863
3,Fine-Tuned E5,0.1836704909801483
3,Fine-Tuned E5,0.1399419903755188
3,Fine-Tuned E5,0.0016476213932037
3,Fine-Tuned E5,0.0819757729768753
3,Fine-Tuned E5,0.2129082828760147
3,Fine-Tuned E5,0.1230629235506057
3,Fine-Tuned E5,0.3196056336164474
3,Fine-Tuned E5,0.3574605286121368
3,Fine-Tuned E5,0.1021004319190979
3,Fine-Tuned E5,0.1480758190155029
3,Fine-Tuned E5,0.2705842554569244
3,Fine-Tuned E5,0.0665738880634307
3,Fine-Tuned E5,-0.0019168555736541
3,Fine-Tuned E5,0.2029947340488433
3,Fine-Tuned E5,0.2810749858617782
3,Fine-Tuned E5,0.0592111051082611
3,Fine-Tuned E5,0.0142931938171386
3,Fine-Tuned E5,0.1644039154052734
3,Fine-Tuned E5,0.1937542259693145
3,Fine-Tuned E5,0.4214302003383636
3,Fine-Tuned E5,0.1336962580680847
3,Fine-Tuned E5,0.2376036942005157
3,Fine-Tuned E5,-0.0840041637420654
3,Fine-Tuned E5,0.0666373372077941
3,Fine-Tuned E5,0.090101808309555
3,Fine-Tuned E5,0.3081419020891189
3,Fine-Tuned E5,0.3341120034456253
3,Fine-Tuned E5,0.1347743272781372
3,Fine-Tuned E5,0.1713134050369262
3,Fine-Tuned E5,0.2939711064100265
3,Fine-Tuned E5,-0.019288033246994
3,Fine-Tuned E5,0.1185219585895538
3,Fine-Tuned E5,0.0760641694068908
3,Fine-Tuned E5,0.063273400068283
3,Fine-Tuned E5,0.025464117527008
3,Fine-Tuned E5,0.0426845550537109
3,Fine-Tuned E5,0.184992253780365
3,Fine-Tuned E5,0.1115849614143371
3,Fine-Tuned E5,0.2163909375667572
3,Fine-Tuned E5,0.1541348695755005
3,Fine-Tuned E5,0.4995640525594353
3,Fine-Tuned E5,-0.3339120578020811
3,Fine-Tuned E5,-0.0281784236431121
3,Fine-Tuned E5,0.2831930071115494
3,Fine-Tuned E5,0.0860939919948577
3,Fine-Tuned E5,-0.1337477192282676
3,Fine-Tuned E5,0.2870270609855652
3,Fine-Tuned E5,0.2212645411491394
3,Fine-Tuned E5,0.1373176574707031
3,Fine-Tuned E5,0.0940407216548919
3,Fine-Tuned E5,0.1910658329725265
3,Fine-Tuned E5,0.0767448395490646
3,Fine-Tuned E5,0.1526105999946594
3,Fine-Tuned E5,0.0698791444301605
3,Fine-Tuned E5,0.316767543554306
3,Fine-Tuned E5,0.1239674687385559
3,Fine-Tuned E5,0.1070527583360672
3,Fine-Tuned E5,0.1662066429853439
3,Fine-Tuned E5,0.1735289841890335
3,Fine-Tuned E5,0.1637059301137924
3,Fine-Tuned E5,0.3990618512034416
3,Fine-Tuned E5,-0.0608956813812255
3,Fine-Tuned E5,0.1918172538280487
3,Fine-Tuned E5,0.2286614626646042
3,Fine-Tuned E5,-0.0476695597171783
3,Fine-Tuned E5,0.0301996767520904
3,Fine-Tuned E5,0.1306315064430236
3,Fine-Tuned E5,0.1134712398052215
3,Fine-Tuned E5,0.2479375451803207
3,Fine-Tuned E5,0.1883226037025451
3,Fine-Tuned E5,0.344400867819786
3,Fine-Tuned E5,0.1583680659532547
3,Fine-Tuned E5,0.4387433156371116
3,Fine-Tuned E5,0.1135603487491607
3,Fine-Tuned E5,0.1273271143436432
3,Fine-Tuned E5,0.0733745396137237
3,Fine-Tuned E5,0.1844163239002227
3,Fine-Tuned E5,0.1912911832332611
3,Fine-Tuned E5,0.358143076300621
3,Fine-Tuned E5,0.0890975520014762
3,Fine-Tuned E5,0.1611625105142593
3,Fine-Tuned E5,0.1829137057065963
3,Fine-Tuned E5,0.1504996120929718
3,Fine-Tuned E5,0.2044797539710998
3,Fine-Tuned E5,0.3993022814393043
3,Fine-Tuned E5,0.2736949026584625
3,Fine-Tuned E5,0.4128959365189075
3,Fine-Tuned E5,0.1064054667949676
3,Fine-Tuned E5,0.1335247457027435
3,Fine-Tuned E5,0.0313462018966674
3,Fine-Tuned E5,0.1104294061660766
3,Fine-Tuned E5,0.119571179151535
3,Fine-Tuned E5,0.1060332059860229
3,Fine-Tuned E5,0.1122311055660247
3,Fine-Tuned E5,0.2098696231842041
3,Fine-Tuned E5,0.0149168372154235
3,Fine-Tuned E5,0.0337002575397491
3,Fine-Tuned E5,0.2199693322181701
3,Fine-Tuned E5,0.2240883558988571
3,Fine-Tuned E5,0.1635760217905044
3,Fine-Tuned E5,0.1829635798931121
3,Fine-Tuned E5,0.1868284940719604
3,Fine-Tuned E5,0.1817784458398819
3,Fine-Tuned E5,0.2086415514349937
3,Fine-Tuned E5,0.2427539527416229
3,Fine-Tuned E5,0.3468444645404815
3,Fine-Tuned E5,0.341222807765007
3,Fine-Tuned E5,0.1044418811798095
3,Fine-Tuned E5,0.3318785727024078
3,Fine-Tuned E5,0.0911579728126525
3,Fine-Tuned E5,0.0755270645022392
3,Fine-Tuned E5,-0.0332229137420654
3,Fine-Tuned E5,0.0597757399082183
3,Fine-Tuned E5,0.1085354387760162
3,Fine-Tuned E5,0.2089375257492065
3,Fine-Tuned E5,0.4088482558727264
3,Fine-Tuned E5,-0.2067335247993469
3,Fine-Tuned E5,0.154737114906311
3,Fine-Tuned E5,0.3162743225693702
3,Fine-Tuned E5,0.0624219626188278
3,Fine-Tuned E5,-0.0927000045776367
3,Fine-Tuned E5,0.2224446833133697
3,Fine-Tuned E5,0.0050855875015258
3,Fine-Tuned E5,0.3246232271194458
3,Fine-Tuned E5,0.1765967309474945
3,Fine-Tuned E5,0.1761629432439804
3,Fine-Tuned E5,0.2039645761251449
3,Fine-Tuned E5,0.2974694371223449
3,Fine-Tuned E5,0.3898485563695431
3,Fine-Tuned E5,0.1345160752534866
3,Fine-Tuned E5,0.3635399490594864
3,Fine-Tuned E5,-0.0230642259120941
3,Fine-Tuned E5,0.0860780179500579
3,Fine-Tuned E5,0.14999820291996
3,Fine-Tuned E5,0.2540527582168579
3,Fine-Tuned E5,0.0600873231887817
3,Fine-Tuned E5,0.0210888236761093
3,Fine-Tuned E5,0.1255018711090088
3,Fine-Tuned E5,0.2027047872543335
3,Fine-Tuned E5,0.5844072178006172
3,Fine-Tuned E5,0.3372195363044739
3,Fine-Tuned E5,0.3649974004365504
3,Fine-Tuned E5,0.2130757272243499
3,Fine-Tuned E5,0.0380267351865768
3,Fine-Tuned E5,0.2334028333425521
3,Fine-Tuned E5,0.0450848639011383
3,Fine-Tuned E5,0.2957797050476074
3,Fine-Tuned E5,-0.0254011452198028
3,Fine-Tuned E5,0.1293806284666061
3,Fine-Tuned E5,0.0833514928817749
3,Fine-Tuned E5,0.6050612591207027
3,Fine-Tuned E5,0.0753662586212158
3,Fine-Tuned E5,0.3314989507198334
3,Fine-Tuned E5,0.5095910727977753
3,Fine-Tuned E5,0.2507383823394775
3,Fine-Tuned E5,-0.1381362080574035
3,Fine-Tuned E5,-0.0102425515651702
3,Fine-Tuned E5,0.1994919776916504
3,Fine-Tuned E5,0.0395588874816894
3,Fine-Tuned E5,0.037155658006668
3,Fine-Tuned E5,0.0360278189182281
3,Fine-Tuned E5,-0.0212778747081756
3,Fine-Tuned E5,0.1389908790588379
3,Fine-Tuned E5,0.139683723449707
3,Fine-Tuned E5,-0.1198273301124572
3,Fine-Tuned E5,0.0476051270961761
3,Fine-Tuned E5,0.1835747361183166
3,Fine-Tuned E5,0.1848097741603851
3,Fine-Tuned E5,0.0623420774936676
3,Fine-Tuned E5,0.2452524006366729
3,Fine-Tuned E5,0.172418475151062
3,Fine-Tuned E5,0.1206832230091095
3,Fine-Tuned E5,0.1341112554073333
3,Fine-Tuned E5,0.2826871275901794
3,Fine-Tuned E5,0.3725760951638222
3,Fine-Tuned E5,0.2259816359728574
3,Fine-Tuned E5,0.1646899729967117
3,Fine-Tuned E5,-0.0594264268875122
3,Fine-Tuned E5,0.2216806858778
3,Fine-Tuned E5,-0.0095869898796081
3,Fine-Tuned E5,0.1250054538249969
3,Fine-Tuned E5,0.1372282207012176
3,Fine-Tuned E5,0.1686859428882599
3,Fine-Tuned E5,0.2422173023223877
3,Fine-Tuned E5,0.2072930037975311
3,Fine-Tuned E5,0.3727438431233167
3,Fine-Tuned E5,0.0448509752750396
3,Fine-Tuned E5,0.0174779295921325
3,Fine-Tuned E5,0.1754251271486282
3,Fine-Tuned E5,0.1808943301439285
3,Fine-Tuned E5,0.1267409026622772
3,Fine-Tuned E5,0.1210235655307769
3,Fine-Tuned E5,0.1549182832241058
3,Fine-Tuned E5,0.1419597566127777
3,Fine-Tuned E5,0.1265862733125686
3,Fine-Tuned E5,0.2716466784477234
3,Fine-Tuned E5,0.2212970927357673
3,Fine-Tuned E5,0.048421710729599
3,Fine-Tuned E5,0.2400883734226226
3,Fine-Tuned E5,-0.0330435931682586
3,Fine-Tuned E5,-0.0278978943824768
3,Fine-Tuned E5,0.1235375255346298
3,Fine-Tuned E5,0.0004776716232299
3,Fine-Tuned E5,0.1626918315887451
3,Fine-Tuned E5,0.0785565376281738
3,Fine-Tuned E5,0.0391681790351867
3,Fine-Tuned E5,0.2918588891625404
3,Fine-Tuned E5,-0.0084397047758102
3,Fine-Tuned E5,0.192760020494461
3,Fine-Tuned E5,0.1261127889156341
3,Fine-Tuned E5,0.1816534101963043
3,Fine-Tuned E5,-0.109662726521492
3,Fine-Tuned E5,0.0192389488220214
3,Fine-Tuned E5,0.0758512318134307
3,Fine-Tuned E5,0.3498619794845581
3,Fine-Tuned E5,0.0023869574069976
3,Fine-Tuned E5,0.3148066252470016
3,Fine-Tuned E5,0.2373176217079162
3,Fine-Tuned E5,0.2737403362989425
3,Fine-Tuned E5,0.1964887082576751
3,Fine-Tuned E5,0.098372533917427
3,Fine-Tuned E5,0.1373492777347564
3,Fine-Tuned E5,0.0037662982940673
3,Fine-Tuned E5,-0.0856388211250305
3,Fine-Tuned E5,0.2183948904275894
3,Fine-Tuned E5,0.3063661903142929
3,Fine-Tuned E5,0.2679259032011032
3,Fine-Tuned E5,0.0984834730625152
3,Fine-Tuned E5,0.29812653362751
3,Fine-Tuned E5,0.1454006731510162
3,Fine-Tuned E5,0.2562060952186584
3,Fine-Tuned E5,0.1933937072753906
3,Fine-Tuned E5,0.1638964936137199
3,Fine-Tuned E5,0.1392343044281005
3,Fine-Tuned E5,-0.1454029083251953
3,Fine-Tuned E5,0.1536018550395965
3,Fine-Tuned E5,0.1205939352512359
3,Fine-Tuned E5,0.0615734457969665
3,Fine-Tuned E5,0.203500285744667
3,Fine-Tuned E5,-0.0280981659889221
3,Fine-Tuned E5,-0.0707060396671295
3,Fine-Tuned E5,-0.0007911026477813
3,Fine-Tuned E5,-0.0434612333774566
3,Fine-Tuned E5,0.1466585993766784
3,Fine-Tuned E5,-0.0032287538051605
3,Fine-Tuned E5,-0.1329764425754547
3,Fine-Tuned E5,0.1795855164527893
3,Fine-Tuned E5,-0.1668034195899963
3,Fine-Tuned E5,0.2446645200252533
3,Fine-Tuned E5,0.183786928653717
3,Fine-Tuned E5,0.3211229145526886
3,Fine-Tuned E5,0.377990111708641
3,Fine-Tuned E5,0.3015464544296264
3,Fine-Tuned E5,0.2565330862998962
3,Fine-Tuned E5,0.1614300608634948
3,Fine-Tuned E5,0.2354115098714828
3,Fine-Tuned E5,0.2413257211446762
3,Fine-Tuned E5,0.0203433334827423
3,Fine-Tuned E5,0.2287967801094055
3,Fine-Tuned E5,0.1475685238838195
3,Fine-Tuned E5,0.1450146734714508
3,Fine-Tuned E5,0.3407377824187279
3,Fine-Tuned E5,0.0738231539726257
3,Fine-Tuned E5,0.2962504625320434
3,Fine-Tuned E5,0.0924775898456573
3,Fine-Tuned E5,0.183299109339714
3,Fine-Tuned E5,0.4471106007695198
3,Fine-Tuned E5,-0.1632918417453766
3,Fine-Tuned E5,0.1639915704727172
3,Fine-Tuned E5,0.2441022098064422
3,Fine-Tuned E5,0.3020501434803009
3,Fine-Tuned E5,0.3390484452247619
3,Fine-Tuned E5,0.1383073404431343
3,Fine-Tuned E5,0.3897574841976166
3,Fine-Tuned E5,0.3455637842416763
3,Fine-Tuned E5,-0.0074597895145416
3,Fine-Tuned E5,0.1088675856590271
3,Fine-Tuned E5,0.3467645943164825
3,Fine-Tuned E5,0.6599191017448902
3,Fine-Tuned E5,0.2020824253559112
3,Fine-Tuned E5,0.4992494508624077
3,Fine-Tuned E5,0.1860088557004928
3,Fine-Tuned E5,0.0275351703166961
3,Fine-Tuned E5,0.1676415801048278
3,Fine-Tuned E5,0.1235968172550201
3,Fine-Tuned E5,0.0987566113471984
3,Fine-Tuned E5,0.2858140170574188
3,Fine-Tuned E5,0.0639583468437194
3,Fine-Tuned E5,0.2703697830438614
3,Fine-Tuned E5,0.1541667282581329
3,Fine-Tuned E5,0.189747542142868
3,Fine-Tuned E5,0.0737564861774444
3,Fine-Tuned E5,0.2941659688949585
3,Fine-Tuned E5,0.3419070988893509
3,Fine-Tuned E5,0.1018564701080322
3,Fine-Tuned E5,0.0530605614185333
3,Fine-Tuned E5,-0.1589789390563964
3,Fine-Tuned E5,0.2328708618879318
3,Fine-Tuned E5,0.1577091813087463
3,Fine-Tuned E5,0.2800835967063904
3,Fine-Tuned E5,0.1124910414218902
3,Fine-Tuned E5,0.266349509358406
3,Fine-Tuned E5,0.2050991058349609
3,Fine-Tuned E5,0.2212253510951995
3,Fine-Tuned E5,-0.0074248909950256
3,Fine-Tuned E5,0.0569863319396972
3,Fine-Tuned E5,0.5180023089051247
3,Fine-Tuned E5,0.4499001428484916
3,Fine-Tuned E5,0.2462882995605468
3,Fine-Tuned E5,0.3653658330440521
3,Fine-Tuned E5,0.2479913830757141
3,Fine-Tuned E5,0.0231644213199615
3,Fine-Tuned E5,0.1466948017477989
3,Fine-Tuned E5,0.3517398834228515
3,Fine-Tuned E5,0.2019651532173156
3,Fine-Tuned E5,0.2483430057764053
3,Fine-Tuned E5,0.2204980552196502
3,Fine-Tuned E5,0.1554582118988037
3,Fine-Tuned E5,0.188041090965271
3,Fine-Tuned E5,0.3285294622182846
3,Fine-Tuned E5,0.2680586278438568
3,Fine-Tuned E5,0.1904415041208267
3,Fine-Tuned E5,-0.1256574690341949
3,Fine-Tuned E5,0.0007152706384658
3,Fine-Tuned E5,-0.1454749852418899
3,Fine-Tuned E5,0.0492991656064987
3,Fine-Tuned E5,0.1862485557794571
3,Fine-Tuned E5,0.2058523595333099
3,Fine-Tuned E5,0.3680275231599808
3,Fine-Tuned E5,0.0459815859794616
3,Fine-Tuned E5,0.3698031008243561
3,Fine-Tuned E5,0.1249466836452484
3,Fine-Tuned E5,0.134764477610588
3,Fine-Tuned E5,0.2772312760353088
3,Fine-Tuned E5,0.3649424463510513
3,Fine-Tuned E5,0.1071883738040924
3,Fine-Tuned E5,0.2102190852165222
3,Fine-Tuned E5,0.1210016012191772
3,Fine-Tuned E5,-0.0289214551448822
3,Fine-Tuned E5,0.0944624841213226
3,Fine-Tuned E5,0.3406065702438354
3,Fine-Tuned E5,0.1180932521820068
3,Fine-Tuned E5,0.2390943467617035
3,Fine-Tuned E5,0.0792931616306305
3,Fine-Tuned E5,0.1336285769939422
3,Fine-Tuned E5,0.1874679923057556
3,Fine-Tuned E5,0.1344313621520996
3,Fine-Tuned E5,-0.0206280052661895
3,Fine-Tuned E5,0.0884023904800415
3,Fine-Tuned E5,0.0431952476501464
3,Fine-Tuned E5,0.082462728023529
3,Fine-Tuned E5,0.1098326593637466
3,Fine-Tuned E5,0.2152238190174102
3,Fine-Tuned E5,0.2766332775354385
3,Fine-Tuned E5,0.1004580855369567
3,Fine-Tuned E5,-0.0739594846963882
3,Fine-Tuned E5,0.2527008205652237
3,Fine-Tuned E5,0.1915797591209411
3,Fine-Tuned E5,0.3170746713876724
3,Fine-Tuned E5,0.0986372530460357
3,Fine-Tuned E5,0.2496932744979858
3,Fine-Tuned E5,0.0278022587299346
3,Fine-Tuned E5,0.1529397517442703
3,Fine-Tuned E5,0.0376169681549072
3,Fine-Tuned E5,-0.0416266024112701
3,Fine-Tuned E5,0.0044855773448944
3,Fine-Tuned E5,0.1268183290958404
3,Fine-Tuned E5,0.0481030344963073
3,Fine-Tuned E5,0.2985034137964248
3,Fine-Tuned E5,0.3373948745429516
3,Fine-Tuned E5,0.2665598094463348
3,Fine-Tuned E5,0.3527331352233886
3,Fine-Tuned E5,0.2930507659912109
3,Fine-Tuned E5,0.1359944194555282
3,Fine-Tuned E5,0.0916906297206878
3,Fine-Tuned E5,0.2475397586822509
3,Fine-Tuned E5,0.2044126093387603
3,Fine-Tuned E5,0.0061947703361511
3,Fine-Tuned E5,0.0215075612068176
3,Fine-Tuned E5,0.2083353251218795
3,Fine-Tuned E5,0.0161004811525344
3,Fine-Tuned E5,0.0757761597633361
3,Fine-Tuned E5,0.1566823422908783
3,Fine-Tuned E5,0.2042606770992279
3,Fine-Tuned E5,0.2501567602157593
3,Fine-Tuned E5,0.0084503889083862
3,Fine-Tuned E5,-0.0014238655567169
3,Fine-Tuned E5,-0.1289120018482208
3,Fine-Tuned E5,0.0573204457759857
3,Fine-Tuned E5,-0.135013148188591
3,Fine-Tuned E5,0.1037352085113525
3,Fine-Tuned E5,0.0559179782867431
3,Fine-Tuned E5,-0.0366217494010925
3,Fine-Tuned E5,0.0882622897624969
3,Fine-Tuned E5,-0.1051380634307861
3,Fine-Tuned E5,0.1765857934951782
3,Fine-Tuned E5,0.2805783450603485
3,Fine-Tuned E5,0.1410865187644958
3,Fine-Tuned E5,-0.0033181905746459
3,Fine-Tuned E5,0.0985317826271057
3,Fine-Tuned E5,0.0978137254714965
3,Fine-Tuned E5,0.1496679931879043
3,Fine-Tuned E5,0.1913138329982757
3,Fine-Tuned E5,0.0147536993026733
3,Fine-Tuned E5,0.2365470230579376
3,Fine-Tuned E5,0.1331293433904647
3,Fine-Tuned E5,0.2279072105884552
3,Fine-Tuned E5,0.3497964311391115
3,Fine-Tuned E5,0.2845041304826736
3,Fine-Tuned E5,0.1139318943023681
3,Fine-Tuned E5,0.2892997562885284
3,Fine-Tuned E5,0.093048095703125
3,Fine-Tuned E5,0.1933256685733795
3,Fine-Tuned E5,0.1892209947109222
3,Fine-Tuned E5,0.2694121450185776
3,Fine-Tuned E5,0.044596292078495
3,Fine-Tuned E5,0.1748134195804596
3,Fine-Tuned E5,0.4194468930363655
3,Fine-Tuned E5,-0.0632775127887725
3,Fine-Tuned E5,0.0369335412979126
3,Fine-Tuned E5,0.0208196640014648
3,Fine-Tuned E5,0.1199636906385421
3,Fine-Tuned E5,0.1551447063684463
3,Fine-Tuned E5,0.0945416241884231
3,Fine-Tuned E5,0.0508238077163696
3,Fine-Tuned E5,0.2073819488286972
3,Fine-Tuned E5,0.1065974235534668
3,Fine-Tuned E5,0.2104554325342178
3,Fine-Tuned E5,0.2055204510688781
3,Fine-Tuned E5,0.0953793227672576
3,Fine-Tuned E5,0.2271270304918289
3,Fine-Tuned E5,0.3140357583761215
3,Fine-Tuned E5,0.0845907628536224
3,Fine-Tuned E5,0.113935187458992
3,Fine-Tuned E5,0.0686291605234146
3,Fine-Tuned E5,0.169236958026886
3,Fine-Tuned E5,0.2032527029514312
3,Fine-Tuned E5,0.0325445830821991
3,Fine-Tuned E5,0.2130165547132492
3,Fine-Tuned E5,-0.0349304378032684
3,Fine-Tuned E5,0.0761649310588836
3,Fine-Tuned E5,0.1548360288143158
3,Fine-Tuned E5,0.2231066823005676
3,Fine-Tuned E5,-0.0121054947376251
3,Fine-Tuned E5,0.0458521991968154
3,Fine-Tuned E5,0.2544327974319458
3,Fine-Tuned E5,0.21717269718647
3,Fine-Tuned E5,0.206542432308197
3,Fine-Tuned E5,0.0236525535583496
3,Fine-Tuned E5,0.1173119843006134
3,Fine-Tuned E5,0.0146027207374572
3,Fine-Tuned E5,0.0273366719484329
3,Fine-Tuned E5,0.3323138430714607
3,Fine-Tuned E5,0.1717355549335479
3,Fine-Tuned E5,-0.0527333319187164
3,Fine-Tuned E5,-0.0803363621234893
3,Fine-Tuned E5,0.014620691537857
3,Fine-Tuned E5,0.1820459961891174
3,Fine-Tuned E5,0.2286744266748428
3,Fine-Tuned E5,0.1152547746896743
3,Fine-Tuned E5,0.1420094072818756
3,Fine-Tuned E5,0.0084419548511505
3,Fine-Tuned E5,0.2814481258392334
3,Fine-Tuned E5,0.1659249067306518
3,Fine-Tuned E5,0.2908793091773987
3,Fine-Tuned E5,0.3379325866699219
3,Fine-Tuned E5,0.4172412306070328
3,Fine-Tuned E5,0.2761864066123962
3,Fine-Tuned E5,0.3049673214554786
3,Fine-Tuned E5,0.1576057821512222
3,Fine-Tuned E5,0.2103017270565033
3,Fine-Tuned E5,0.2268045842647552
3,Fine-Tuned E5,0.0658859610557556
3,Fine-Tuned E5,0.2552573382854461
3,Fine-Tuned E5,0.2288663983345031
3,Fine-Tuned E5,0.0961920022964477
3,Fine-Tuned E5,-0.0074436068534851
3,Fine-Tuned E5,-0.0456157624721527
3,Fine-Tuned E5,0.1133594512939453
3,Fine-Tuned E5,0.4385796412825584
3,Fine-Tuned E5,0.2416538894176483
3,Fine-Tuned E5,0.2702213823795318
3,Fine-Tuned E5,0.3294402956962585
3,Fine-Tuned E5,0.0974404960870742
3,Fine-Tuned E5,0.2378147840499878
3,Fine-Tuned E5,0.4160573855042457
3,Fine-Tuned E5,0.3076001107692718
3,Fine-Tuned E5,0.3059756904840469
3,Fine-Tuned E5,0.3356514722108841
3,Fine-Tuned E5,0.056026741862297
3,Fine-Tuned E5,0.2129562497138977
3,Fine-Tuned E5,0.0887381732463836
3,Fine-Tuned E5,0.2434080094099044
3,Fine-Tuned E5,0.0568154603242874
3,Fine-Tuned E5,0.3662145286798477
3,Fine-Tuned E5,0.1712577566504478
3,Fine-Tuned E5,0.058138370513916
3,Fine-Tuned E5,-0.0067520141601562
3,Fine-Tuned E5,0.1630086004734039
3,Fine-Tuned E5,0.3054090924561023
3,Fine-Tuned E5,-0.1950205340981483
3,Fine-Tuned E5,0.0964124798774719
3,Fine-Tuned E5,0.0491328835487365
3,Fine-Tuned E5,0.0610367357730865
3,Fine-Tuned E5,-0.1311202198266983
3,Fine-Tuned E5,0.0029090046882629
3,Fine-Tuned E5,0.0736786127090454
3,Fine-Tuned E5,0.0432597398757934
3,Fine-Tuned E5,0.0745941996574401
3,Fine-Tuned E5,-0.1439636051654815
3,Fine-Tuned E5,0.0277894139289855
3,Fine-Tuned E5,0.0364950597286224
3,Fine-Tuned E5,0.0107402205467224
3,Fine-Tuned E5,0.0991277694702148
3,Fine-Tuned E5,0.2774318754673004
3,Fine-Tuned E5,0.1679868102073669
3,Fine-Tuned E5,0.0278994143009185
3,Fine-Tuned E5,0.1041993498802185
3,Fine-Tuned E5,0.3785819113254547
3,Fine-Tuned E5,0.1850123405456543
3,Fine-Tuned E5,0.0147678852081298
3,Fine-Tuned E5,0.0381827652454376
3,Fine-Tuned E5,0.2783475816249847
3,Fine-Tuned E5,0.0603720247745513
3,Fine-Tuned E5,0.1524243354797363
3,Fine-Tuned E5,0.2211521863937378
3,Fine-Tuned E5,0.155322253704071
3,Fine-Tuned E5,0.1467458307743072
3,Fine-Tuned E5,0.0857055485248565
3,Fine-Tuned E5,0.1003378927707672
3,Fine-Tuned E5,0.0662020444869995
3,Fine-Tuned E5,0.2783572077751159
3,Fine-Tuned E5,0.1637403666973114
3,Fine-Tuned E5,0.1367236673831939
3,Fine-Tuned E5,0.1733760833740234
3,Fine-Tuned E5,0.1690394878387451
3,Fine-Tuned E5,-0.1011229753494262
3,Fine-Tuned E5,0.1387992799282074
3,Fine-Tuned E5,0.2378586530685424
3,Fine-Tuned E5,0.4459201246500015
3,Fine-Tuned E5,0.0325371921062469
3,Fine-Tuned E5,0.1877195835113525
3,Fine-Tuned E5,0.2883552014827728
3,Fine-Tuned E5,0.3745571374893188
3,Fine-Tuned E5,0.2907530665397644
3,Fine-Tuned E5,0.2535659968852997
3,Fine-Tuned E5,0.2934578210115433
3,Fine-Tuned E5,0.3155711740255356
3,Fine-Tuned E5,0.0193320512771606
3,Fine-Tuned E5,0.0169443488121032
3,Fine-Tuned E5,0.4617757946252823
3,Fine-Tuned E5,0.0305578112602233
3,Fine-Tuned E5,0.3669307269155979
3,Fine-Tuned E5,0.3816641857847571
3,Fine-Tuned E5,0.3368808925151825
3,Fine-Tuned E5,0.0164255797863006
3,Fine-Tuned E5,-0.298722505569458
3,Fine-Tuned E5,0.0796361193060875
3,Fine-Tuned E5,0.2566181421279907
3,Fine-Tuned E5,0.1312790960073471
3,Fine-Tuned E5,0.488843485713005
3,Fine-Tuned E5,0.1745561361312866
3,Fine-Tuned E5,-0.0223537981510162
3,Fine-Tuned E5,0.1985217742621898
3,Fine-Tuned E5,0.3056408166885376
3,Fine-Tuned E5,0.3078738152980804
3,Fine-Tuned E5,0.134457528591156
3,Fine-Tuned E5,0.2507476508617401
3,Fine-Tuned E5,0.2400755286216735
3,Fine-Tuned E5,0.1424295157194137
3,Fine-Tuned E5,0.5116055980324745
3,Fine-Tuned E5,0.510882206261158
3,Fine-Tuned E5,-0.0133363902568817
3,Fine-Tuned E5,0.0418051481246948
3,Fine-Tuned E5,0.4444935768842697
3,Fine-Tuned E5,0.232361689209938
3,Fine-Tuned E5,0.1176254972815513
3,Fine-Tuned E5,-0.0020272731781005
3,Fine-Tuned E5,0.0103629827499389
3,Fine-Tuned E5,0.2334226667881012
3,Fine-Tuned E5,0.1266936063766479
3,Fine-Tuned E5,0.1332021709531545
3,Fine-Tuned E5,-0.0546489059925079
3,Fine-Tuned E5,-0.0069199800491333
3,Fine-Tuned E5,-0.0350514650344848
3,Fine-Tuned E5,0.0958600118756294
3,Fine-Tuned E5,0.0115192234516143
3,Fine-Tuned E5,0.1121072173118591
3,Fine-Tuned E5,0.4139010608196258
3,Fine-Tuned E5,0.1728165447711944
3,Fine-Tuned E5,0.0861973911523819
3,Fine-Tuned E5,0.1367723643779754
3,Fine-Tuned E5,0.0460578501224517
3,Fine-Tuned E5,-0.07903853058815
3,Fine-Tuned E5,-0.042149206623435
3,Fine-Tuned E5,-0.0705432742834091
3,Fine-Tuned E5,-0.2011059874203056
3,Fine-Tuned E5,0.0211401153355836
3,Fine-Tuned E5,-0.2214809581637382
3,Fine-Tuned E5,0.1388837657868862
3,Fine-Tuned E5,0.4115245267748832
3,Fine-Tuned E5,0.1581370234489441
3,Fine-Tuned E5,0.3342157751321792
3,Fine-Tuned E5,-0.0687328279018402
3,Fine-Tuned E5,0.1883219927549362
3,Fine-Tuned E5,-0.1236606240272522
3,Fine-Tuned E5,0.2425166890025138
3,Fine-Tuned E5,0.0235610902309417
3,Fine-Tuned E5,-0.1321659833192825
3,Fine-Tuned E5,0.0536524951457977
3,Fine-Tuned E5,-0.1308168172836303
3,Fine-Tuned E5,-0.1116433888673782
3,Fine-Tuned E5,0.1950000077486038
3,Fine-Tuned E5,0.0986362481489777
3,Fine-Tuned E5,0.3527813777327537
3,Fine-Tuned E5,0.1672530099749565
3,Fine-Tuned E5,-0.0195812731981277
3,Fine-Tuned E5,-0.221947893500328
3,Fine-Tuned E5,0.0912035107612609
3,Fine-Tuned E5,0.2407779097557068
3,Fine-Tuned E5,-0.0445750653743743
3,Fine-Tuned E5,0.2696581184864044
3,Fine-Tuned E5,0.1918364763259887
3,Fine-Tuned E5,-0.2872092071920633
3,Fine-Tuned E5,-0.0052895843982696
3,Fine-Tuned E5,-0.1126161813735961
3,Fine-Tuned E5,0.2031556367874145
3,Fine-Tuned E5,0.3017057310789823
3,Fine-Tuned E5,0.0099531114101409
3,Fine-Tuned E5,0.0101263523101806
3,Fine-Tuned E5,0.2983744144439697
3,Fine-Tuned E5,0.2955029308795929
3,Fine-Tuned E5,0.2095589339733123
3,Fine-Tuned E5,0.2686546742916107
3,Fine-Tuned E5,0.15907022356987
3,Fine-Tuned E5,0.405506782233715
3,Fine-Tuned E5,0.1243142187595367
3,Fine-Tuned E5,0.5062301903963089
3,Fine-Tuned E5,0.3298675362020731
3,Fine-Tuned E5,-0.0457570850849151
3,Fine-Tuned E5,-0.0089304447174072
3,Fine-Tuned E5,-0.0420362129807472
3,Fine-Tuned E5,0.395535409450531
3,Fine-Tuned E5,0.3378497064113617
3,Fine-Tuned E5,0.4681217521429062
3,Fine-Tuned E5,0.1619816720485687
3,Fine-Tuned E5,0.1780368089675903
3,Fine-Tuned E5,0.0500239431858062
3,Fine-Tuned E5,0.2226582765579223
3,Fine-Tuned E5,0.0706546604633331
3,Fine-Tuned E5,-0.0656267404556274
3,Fine-Tuned E5,0.2329421937465667
3,Fine-Tuned E5,0.0727409124374389
3,Fine-Tuned E5,0.1494562178850174
3,Fine-Tuned E5,0.1015233695507049
3,Fine-Tuned E5,0.0456044971942901
3,Fine-Tuned E5,0.0834177732467651
3,Fine-Tuned E5,0.2124504894018173
3,Fine-Tuned E5,-0.2037931531667709
3,Fine-Tuned E5,0.073123961687088
3,Fine-Tuned E5,0.1189034283161163
3,Fine-Tuned E5,-0.0652602165937423
3,Fine-Tuned E5,0.4082518108189106
3,Fine-Tuned E5,0.0406787693500518
3,Fine-Tuned E5,0.3470742218196392
3,Fine-Tuned E5,0.2208557352423668
3,Fine-Tuned E5,0.422435462474823
3,Fine-Tuned E5,0.1821909844875335
3,Fine-Tuned E5,0.1919783949851989
3,Fine-Tuned E5,0.2296341061592102
3,Fine-Tuned E5,0.3490735497325659
3,Fine-Tuned E5,0.33468197286129
3,Fine-Tuned E5,0.1671406477689743
3,Fine-Tuned E5,-0.0062834918498992
3,Fine-Tuned E5,-0.0853920578956604
3,Fine-Tuned E5,0.1572767496109008
3,Fine-Tuned E5,-0.0266678035259246
3,Fine-Tuned E5,-0.0612160563468933
3,Fine-Tuned E5,0.419841855764389
3,Fine-Tuned E5,-0.0022052377462387
3,Fine-Tuned E5,0.1206522583961486
3,Fine-Tuned E5,0.1341395899653434
3,Fine-Tuned E5,0.3057289123535156
3,Fine-Tuned E5,0.1467840671539306
3,Fine-Tuned E5,0.2809078395366668
3,Fine-Tuned E5,0.1906708478927612
3,Fine-Tuned E5,-0.0209371894598007
3,Fine-Tuned E5,0.005456656217575
3,Fine-Tuned E5,-0.0832256376743316
3,Fine-Tuned E5,-0.3067075908184051
3,Fine-Tuned E5,0.53413987159729
3,Fine-Tuned E5,0.1214076280593872
3,Fine-Tuned E5,0.0834421664476394
3,Fine-Tuned E5,0.0123836994171142
3,Fine-Tuned E5,0.3272946774959564
3,Fine-Tuned E5,0.2277496606111526
3,Fine-Tuned E5,0.0824863016605377
3,Fine-Tuned E5,0.0644707083702087
3,Fine-Tuned E5,-0.0042434930801391
3,Fine-Tuned E5,0.0689746737480163
3,Fine-Tuned E5,0.3079954236745834
3,Fine-Tuned E5,0.100845992565155
3,Fine-Tuned E5,0.0852807164192199
3,Fine-Tuned E5,0.2668468095362186
3,Fine-Tuned E5,0.1912914514541626
3,Fine-Tuned E5,0.0187726318836212
3,Fine-Tuned E5,0.3823426812887192
3,Fine-Tuned E5,0.3256944715976715
3,Fine-Tuned E5,0.0468745678663253
3,Fine-Tuned E5,-0.0809471011161804
3,Fine-Tuned E5,0.278857558965683
3,Fine-Tuned E5,0.6499729156494141
3,Fine-Tuned E5,0.2495466470718383
3,Fine-Tuned E5,0.2841692566871643
3,Fine-Tuned E5,0.030284896492958
3,Fine-Tuned E5,-0.0615427941083908
3,Fine-Tuned E5,0.2310963943600654
3,Fine-Tuned E5,0.2295721471309662
3,Fine-Tuned E5,0.3992499560117721
3,Fine-Tuned E5,0.5894780233502388
3,Fine-Tuned E5,0.4805922359228134
3,Fine-Tuned E5,0.3848256766796112
3,Fine-Tuned E5,0.1637243032455444
3,Fine-Tuned E5,0.2916197776794433
3,Fine-Tuned E5,0.2577918469905853
3,Fine-Tuned E5,0.2538172304630279
3,Fine-Tuned E5,0.276751771569252
3,Fine-Tuned E5,0.1396431922912597
3,Fine-Tuned E5,0.242769218981266
3,Fine-Tuned E5,0.2241338491439819
3,Fine-Tuned E5,0.3199977278709411
3,Fine-Tuned E5,0.3115569651126861
3,Fine-Tuned E5,-0.0018365383148193
3,Fine-Tuned E5,0.5498255006968975
3,Fine-Tuned E5,-0.0256485342979431
3,Fine-Tuned E5,0.1524430513381958
3,Fine-Tuned E5,0.1141463220119476
3,Fine-Tuned E5,0.0886389315128326
3,Fine-Tuned E5,-0.0042329728603363
3,Fine-Tuned E5,0.2159866690635681
3,Fine-Tuned E5,0.1296677887439727
3,Fine-Tuned E5,0.0928932726383209
3,Fine-Tuned E5,0.2028337717056274
3,Fine-Tuned E5,0.234104111790657
3,Fine-Tuned E5,-0.0640167146921157
3,Fine-Tuned E5,-0.3694349327124655
3,Fine-Tuned E5,0.1433607041835785
3,Fine-Tuned E5,0.4189319610595703
3,Fine-Tuned E5,0.2590542584657669
3,Fine-Tuned E5,0.3396635800600052
3,Fine-Tuned E5,-0.0372911989688873
3,Fine-Tuned E5,0.1667505800724029
3,Fine-Tuned E5,0.0281760692596435
3,Fine-Tuned E5,-0.1153811514377594
3,Fine-Tuned E5,0.2572908103466034
3,Fine-Tuned E5,-0.0187001526355743
3,Fine-Tuned E5,0.1843491494655609
3,Fine-Tuned E5,0.0894150584936142
3,Fine-Tuned E5,0.0350688695907592
3,Fine-Tuned E5,0.0189895927906036
3,Fine-Tuned E5,0.0971360206604003
3,Fine-Tuned E5,0.154429443180561
3,Fine-Tuned E5,-0.1145712435245513
3,Fine-Tuned E5,0.4473383966833353
3,Fine-Tuned E5,0.2442412376403808
3,Fine-Tuned E5,0.0855488777160644
3,Fine-Tuned E5,0.1875969171524047
3,Fine-Tuned E5,0.3810082590207457
3,Fine-Tuned E5,0.1957201659679412
3,Fine-Tuned E5,0.2325820028781891
3,Fine-Tuned E5,0.1504067182540893
3,Fine-Tuned E5,0.118710458278656
3,Fine-Tuned E5,0.2560482323169708
3,Fine-Tuned E5,0.0813037753105163
3,Fine-Tuned E5,-0.0171732902526855
3,Fine-Tuned E5,0.4682381004095077
3,Fine-Tuned E5,0.2194060683250427
3,Fine-Tuned E5,0.1168379187583923
3,Fine-Tuned E5,0.0896991938352584
3,Fine-Tuned E5,0.1917267143726349
3,Fine-Tuned E5,0.1269592642784118
3,Fine-Tuned E5,0.3578934594988823
3,Fine-Tuned E5,0.246577501296997
3,Fine-Tuned E5,0.2400552481412887
3,Fine-Tuned E5,0.2220727503299713
3,Fine-Tuned E5,0.3858290761709213
3,Fine-Tuned E5,0.221084326505661
3,Fine-Tuned E5,0.3652935177087784
3,Fine-Tuned E5,0.3869516728445887
3,Fine-Tuned E5,0.3927625454962253
3,Fine-Tuned E5,0.2018856108188629
3,Fine-Tuned E5,0.1620313823223114
3,Fine-Tuned E5,0.0290743708610534
3,Fine-Tuned E5,0.2271997034549713
3,Fine-Tuned E5,0.3497946411371231
3,Fine-Tuned E5,0.1052170693874359
3,Fine-Tuned E5,0.0738583803176879
3,Fine-Tuned E5,0.1763940453529358
3,Fine-Tuned E5,-0.0036636590957641
3,Fine-Tuned E5,0.1441861093044281
3,Fine-Tuned E5,0.5281520336866379
3,Fine-Tuned E5,0.1805132329463958
3,Fine-Tuned E5,0.2051138281822204
3,Fine-Tuned E5,0.0654465556144714
3,Fine-Tuned E5,0.0927369594573974
3,Fine-Tuned E5,0.1896081268787384
3,Fine-Tuned E5,0.2811899036169052
3,Fine-Tuned E5,0.085361510515213
3,Fine-Tuned E5,0.054089069366455
3,Fine-Tuned E5,0.1938625276088714
3,Fine-Tuned E5,0.1651127636432647
3,Fine-Tuned E5,0.0149712860584259
3,Fine-Tuned E5,0.1286525428295135
3,Fine-Tuned E5,0.2191791385412216
3,Fine-Tuned E5,0.1887439787387848
3,Fine-Tuned E5,0.130531370639801
3,Fine-Tuned E5,0.2779379785060882
3,Fine-Tuned E5,-0.0021666586399078
3,Fine-Tuned E5,0.3437245786190033
3,Fine-Tuned E5,0.5599537789821625
3,Fine-Tuned E5,0.3058405220508575
3,Fine-Tuned E5,-0.041457325220108
3,Fine-Tuned E5,0.2934120744466781
3,Fine-Tuned E5,0.1327265202999115
3,Fine-Tuned E5,0.0279959887266159
3,Fine-Tuned E5,0.1001225113868713
3,Fine-Tuned E5,0.3403563685715198
3,Fine-Tuned E5,-0.1197994947433471
3,Fine-Tuned E5,0.1720806509256363
3,Fine-Tuned E5,-0.067221313714981
3,Fine-Tuned E5,0.279738649725914
3,Fine-Tuned E5,0.1279842406511306
3,Fine-Tuned E5,0.2541582584381103
3,Fine-Tuned E5,0.3901607729494571
3,Fine-Tuned E5,0.5615567415952682
3,Fine-Tuned E5,0.2110773473978042
3,Fine-Tuned E5,0.1222603321075439
3,Fine-Tuned E5,0.3123895768076181
3,Fine-Tuned E5,0.0919486880302429
3,Fine-Tuned E5,-0.0221995115280151
3,Fine-Tuned E5,0.2094268947839737
3,Fine-Tuned E5,0.3001003712415695
3,Fine-Tuned E5,0.4114375710487366
3,Fine-Tuned E5,0.4520743489265442
3,Fine-Tuned E5,0.1288314163684845
3,Fine-Tuned E5,0.4820013269782066
3,Fine-Tuned E5,0.0899655818939209
3,Fine-Tuned E5,0.1700865030288696
3,Fine-Tuned E5,0.1402013748884201
3,Fine-Tuned E5,0.5406849086284637
3,Fine-Tuned E5,0.3951062113046646
3,Fine-Tuned E5,0.2665611207485199
3,Fine-Tuned E5,-0.0411129593849182
3,Fine-Tuned E5,0.2117685973644256
3,Fine-Tuned E5,0.0357040762901306
3,Fine-Tuned E5,0.2414970695972442
3,Fine-Tuned E5,0.1701179444789886
3,Fine-Tuned E5,0.0469119548797607
3,Fine-Tuned E5,0.2633829712867737
3,Fine-Tuned E5,0.173848271369934
3,Fine-Tuned E5,0.2409327030181884
3,Fine-Tuned E5,0.288520336151123
3,Fine-Tuned E5,0.6285176639212295
3,Fine-Tuned E5,0.299141526222229
3,Fine-Tuned E5,0.1599797010421753
3,Fine-Tuned E5,0.4336319789290428
3,Fine-Tuned E5,0.2349790036678314
3,Fine-Tuned E5,0.0486315786838531
3,Fine-Tuned E5,0.377559807151556
3,Fine-Tuned E5,0.0674368143081665
3,Fine-Tuned E5,0.1573008000850677
3,Fine-Tuned E5,0.1405530869960785
3,Fine-Tuned E5,0.0958950817584991
3,Fine-Tuned E5,0.0143285393714904
3,Fine-Tuned E5,0.3575076982378959
3,Fine-Tuned E5,0.1901684701442718
3,Fine-Tuned E5,0.369603656232357
3,Fine-Tuned E5,0.2074349224567413
3,Fine-Tuned E5,0.3272273987531662
3,Fine-Tuned E5,-0.01528000831604
3,Fine-Tuned E5,0.2320503443479538
3,Fine-Tuned E5,0.3272226825356483
3,Fine-Tuned E5,0.1815563738346099
3,Fine-Tuned E5,0.0468630492687225
3,Fine-Tuned E5,0.323573449626565
3,Fine-Tuned E5,0.1533556878566742
3,Fine-Tuned E5,0.0425051152706146
3,Fine-Tuned E5,0.0453290343284606
3,Fine-Tuned E5,0.069632202386856
3,Fine-Tuned E5,-0.0514025092124938
3,Fine-Tuned E5,0.2813845574855804
3,Fine-Tuned E5,0.0931673645973205
3,Fine-Tuned E5,0.4526418298482895
3,Fine-Tuned E5,0.4002096652984619
3,Fine-Tuned E5,0.1870633363723755
3,Fine-Tuned E5,0.0138250887393951
3,Fine-Tuned E5,0.1071958541870117
3,Fine-Tuned E5,-0.1045981347560882
3,Fine-Tuned E5,0.4782234467566013
3,Fine-Tuned E5,0.1932312548160553
3,Fine-Tuned E5,0.3089617192745209
3,Fine-Tuned E5,0.2760378122329712
3,Fine-Tuned E5,0.0369130074977874
3,Fine-Tuned E5,0.2321250438690185
3,Fine-Tuned E5,0.0969581305980682
3,Fine-Tuned E5,0.1273066103458404
3,Fine-Tuned E5,0.3941266983747482
3,Fine-Tuned E5,-0.0781382620334625
3,Fine-Tuned E5,0.1548954099416732
3,Fine-Tuned E5,0.1485011875629425
3,Fine-Tuned E5,0.0785999596118927
3,Fine-Tuned E5,0.1897286772727966
3,Fine-Tuned E5,-0.0675684213638305
3,Fine-Tuned E5,0.0103318691253662
3,Fine-Tuned E5,-0.0791566371917724
3,Fine-Tuned E5,0.2401756346225738
3,Fine-Tuned E5,0.3552878051996231
3,Fine-Tuned E5,0.2562502920627594
3,Fine-Tuned E5,0.3595948070287704
3,Fine-Tuned E5,0.5526076033711433
3,Fine-Tuned E5,0.3156171888113022
3,Fine-Tuned E5,0.3850384652614593
3,Fine-Tuned E5,0.2011966109275818
3,Fine-Tuned E5,0.2258970066905021
3,Fine-Tuned E5,-0.013074442744255
3,Fine-Tuned E5,0.293509267270565
3,Fine-Tuned E5,0.168634831905365
3,Fine-Tuned E5,0.4067071452736854
3,Fine-Tuned E5,0.2429166734218597
3,Fine-Tuned E5,0.3927338421344757
3,Fine-Tuned E5,0.0242849588394165
3,Fine-Tuned E5,0.2334487736225128
3,Fine-Tuned E5,0.0613596737384796
3,Fine-Tuned E5,0.3370411619544029
3,Fine-Tuned E5,-0.0287679433822631
3,Fine-Tuned E5,0.2451675087213516
3,Fine-Tuned E5,0.1990047097206115
3,Fine-Tuned E5,0.0497144758701324
3,Fine-Tuned E5,0.2505707144737243
3,Fine-Tuned E5,0.3095543533563614
3,Fine-Tuned E5,-0.0063430070877075
3,Fine-Tuned E5,0.3449811041355133
3,Fine-Tuned E5,0.0569891333580017
3,Fine-Tuned E5,0.0738900899887085
3,Fine-Tuned E5,0.0003008246421813
3,Fine-Tuned E5,0.1823518872261047
3,Fine-Tuned E5,0.4004331305623054
3,Fine-Tuned E5,0.0095232129096984
3,Fine-Tuned E5,0.1907891482114792
3,Fine-Tuned E5,0.1654816269874572
3,Fine-Tuned E5,0.2311887145042419
3,Fine-Tuned E5,0.2662634998559952
3,Fine-Tuned E5,0.2573251724243164
3,Fine-Tuned E5,0.3234516531229019
3,Fine-Tuned E5,0.484601691365242
3,Fine-Tuned E5,0.0562468171119689
3,Fine-Tuned E5,0.167461559176445
3,Fine-Tuned E5,0.1020299196243286
3,Fine-Tuned E5,0.0786070227622985
3,Fine-Tuned E5,0.1481869369745254
3,Fine-Tuned E5,-0.1865976452827453
3,Fine-Tuned E5,0.1802912354469299
3,Fine-Tuned E5,0.1016744673252105
3,Fine-Tuned E5,-0.0619638860225677
3,Fine-Tuned E5,0.313591293990612
3,Fine-Tuned E5,0.1063137948513031
3,Fine-Tuned E5,0.2108597531914711
3,Fine-Tuned E5,0.2502434253692627
3,Fine-Tuned E5,0.007574439048767
3,Fine-Tuned E5,0.1360722333192825
3,Fine-Tuned E5,-0.0329457223415374
3,Fine-Tuned E5,0.1262046992778778
3,Fine-Tuned E5,-0.0624514818191528
3,Fine-Tuned E5,-0.001260221004486
3,Fine-Tuned E5,0.1318773329257965
3,Fine-Tuned E5,-0.0093806833028793
3,Fine-Tuned E5,0.183171734213829
3,Fine-Tuned E5,0.0663399547338485
3,Fine-Tuned E5,0.2861485779285431
3,Fine-Tuned E5,0.4113766178488731
3,Fine-Tuned E5,0.2869778722524643
3,Fine-Tuned E5,0.3451502323150635
3,Fine-Tuned E5,0.3547082543373108
3,Fine-Tuned E5,0.3100926727056503
3,Fine-Tuned E5,-0.0734567642211914
3,Fine-Tuned E5,0.1106073260307312
3,Fine-Tuned E5,0.5306113436818123
3,Fine-Tuned E5,0.3657400757074356
3,Fine-Tuned E5,0.2907347381114959
3,Fine-Tuned E5,0.1239126473665237
3,Fine-Tuned E5,0.5199894737452269
3,Fine-Tuned E5,0.0967053174972534
3,Fine-Tuned E5,0.0334635972976684
3,Fine-Tuned E5,0.0642606914043426
3,Fine-Tuned E5,-0.0763897001743316
3,Fine-Tuned E5,0.2230838388204574
3,Fine-Tuned E5,0.0799812823534011
3,Fine-Tuned E5,-0.2439843565225601
3,Fine-Tuned E5,-0.1248680353164672
3,Fine-Tuned E5,0.0959441810846328
3,Fine-Tuned E5,0.0970263481140136
3,Fine-Tuned E5,0.1867313385009765
3,Fine-Tuned E5,-0.0450855791568756
3,Fine-Tuned E5,-0.0043473839759826
3,Fine-Tuned E5,0.2471664994955063
3,Fine-Tuned E5,0.2772243618965149
3,Fine-Tuned E5,0.1779334843158722
3,Fine-Tuned E5,0.3805713504552841
3,Fine-Tuned E5,0.5331455245614052
3,Fine-Tuned E5,0.1906675398349762
3,Fine-Tuned E5,0.2185973227024078
3,Fine-Tuned E5,0.2414630949497223
3,Fine-Tuned E5,0.2822894752025604
3,Fine-Tuned E5,0.2604551762342453
3,Fine-Tuned E5,0.1207629442214965
3,Fine-Tuned E5,0.0386708378791809
3,Fine-Tuned E5,-0.0197224020957946
3,Fine-Tuned E5,0.0558204650878906
3,Fine-Tuned E5,0.1066921800374984
3,Fine-Tuned E5,0.1002677530050277
3,Fine-Tuned E5,-0.0050733685493469
3,Fine-Tuned E5,0.3552076667547226
3,Fine-Tuned E5,-0.0243521779775619
3,Fine-Tuned E5,0.2128300070762634
3,Fine-Tuned E5,0.0035608410835266
3,Fine-Tuned E5,0.0966727435588836
3,Fine-Tuned E5,0.0805204808712005
3,Fine-Tuned E5,0.4552239254117012
3,Fine-Tuned E5,0.0097000747919082
3,Fine-Tuned E5,0.1126690506935119
3,Fine-Tuned E5,0.0879216194152832
3,Fine-Tuned E5,0.4577564112842083
3,Fine-Tuned E5,0.1987434178590774
3,Fine-Tuned E5,0.3269395232200622
3,Fine-Tuned E5,0.1579742282629013
3,Fine-Tuned E5,0.0700732767581939
3,Fine-Tuned E5,0.2057536244392395
3,Fine-Tuned E5,0.0227946937084198
3,Fine-Tuned E5,0.4161577820777893
3,Fine-Tuned E5,0.15401491522789
3,Fine-Tuned E5,0.2939816750586033
3,Fine-Tuned E5,0.0437241792678833
3,Fine-Tuned E5,0.2560254484415054
3,Fine-Tuned E5,0.1722461879253387
3,Fine-Tuned E5,0.3470947295427322
3,Fine-Tuned E5,0.0081600248813629
3,Fine-Tuned E5,0.1780710741877555
3,Fine-Tuned E5,0.1396827399730682
3,Fine-Tuned E5,0.1303073465824127
3,Fine-Tuned E5,0.0185514688491821
3,Fine-Tuned E5,0.4437291845679283
3,Fine-Tuned E5,0.3228701055049896
3,Fine-Tuned E5,0.3353553414344787
3,Fine-Tuned E5,0.1926469057798385
3,Fine-Tuned E5,0.1685812324285507
3,Fine-Tuned E5,0.0578741729259491
3,Fine-Tuned E5,-0.0215925872325897
3,Fine-Tuned E5,0.1355091035366058
3,Fine-Tuned E5,0.1542746722698211
3,Fine-Tuned E5,0.1506058275699615
3,Fine-Tuned E5,0.0359734594821929
3,Fine-Tuned E5,0.1503449007868766
3,Fine-Tuned E5,-0.044950932264328
3,Fine-Tuned E5,0.1513574123382568
3,Fine-Tuned E5,0.0755484700202941
3,Fine-Tuned E5,-0.1893983781337738
3,Fine-Tuned E5,0.3332780078053474
3,Fine-Tuned E5,0.3428270033327862
3,Fine-Tuned E5,-0.1391648054122924
3,Fine-Tuned E5,0.0949939787387847
3,Fine-Tuned E5,0.4512140527367592
3,Fine-Tuned E5,-0.0189893543720245
3,Fine-Tuned E5,0.1064559668302536
3,Fine-Tuned E5,-0.4054181948304176
3,Fine-Tuned E5,0.1491520702838897
3,Fine-Tuned E5,0.1017421185970306
3,Fine-Tuned E5,-0.051403135061264
3,Fine-Tuned E5,-0.0790907442569732
3,Fine-Tuned E5,0.2970272302627563
3,Fine-Tuned E5,0.0159546583890914
3,Fine-Tuned E5,-0.0147408545017242
3,Fine-Tuned E5,0.0832059681415557
3,Fine-Tuned E5,0.2524792519398033
3,Fine-Tuned E5,0.0292965769767761
3,Fine-Tuned E5,-0.0313991159200668
3,Fine-Tuned E5,0.0162334442138671
3,Fine-Tuned E5,0.1503002941608429
3,Fine-Tuned E5,-0.1120452582836151
3,Fine-Tuned E5,0.0270150601863861
3,Fine-Tuned E5,0.0326642394065856
3,Fine-Tuned E5,0.4898614808917045
3,Fine-Tuned E5,0.4303359070327133
3,Fine-Tuned E5,-0.1908653974533081
3,Fine-Tuned E5,0.2618892043828964
3,Fine-Tuned E5,0.4408245850354433
3,Fine-Tuned E5,0.0278155505657196
3,Fine-Tuned E5,-0.0170430988073349
3,Fine-Tuned E5,0.1666197478771209
3,Fine-Tuned E5,0.1450523138046264
3,Fine-Tuned E5,0.2499562054872512
3,Fine-Tuned E5,0.2290322333574295
3,Fine-Tuned E5,-0.0157476365566253
3,Fine-Tuned E5,0.2824377119541168
3,Fine-Tuned E5,0.0114561915397644
3,Fine-Tuned E5,0.1939815580844879
3,Fine-Tuned E5,0.1966978162527084
3,Fine-Tuned E5,0.1890011727809906
3,Fine-Tuned E5,-0.0336073040962219
3,Fine-Tuned E5,0.1963840499520301
3,Fine-Tuned E5,0.2696662992238998
3,Fine-Tuned E5,0.3544924259185791
3,Fine-Tuned E5,0.2026444226503372
3,Fine-Tuned E5,0.177180677652359
3,Fine-Tuned E5,-0.0580801665782928
3,Fine-Tuned E5,0.0397605001926422
3,Fine-Tuned E5,0.0899306535720825
3,Fine-Tuned E5,0.0085513591766357
3,Fine-Tuned E5,0.117393359541893
3,Fine-Tuned E5,0.4452035054564476
3,Fine-Tuned E5,0.130122035741806
3,Fine-Tuned E5,0.1631752401590347
3,Fine-Tuned E5,0.0327277034521102
3,Fine-Tuned E5,0.3186066448688507
3,Fine-Tuned E5,0.0952105522155761
3,Fine-Tuned E5,0.3987528681755066
3,Fine-Tuned E5,0.0477702617645263
3,Fine-Tuned E5,0.1713787913322448
3,Fine-Tuned E5,0.399068534374237
3,Fine-Tuned E5,0.061684638261795
3,Fine-Tuned E5,0.3629116863012314
3,Fine-Tuned E5,0.3463301360607147
3,Fine-Tuned E5,0.3149802759289741
3,Fine-Tuned E5,0.590845875442028
3,Fine-Tuned E5,0.5105695128440857
3,Fine-Tuned E5,0.3337375707924366
3,Fine-Tuned E5,0.1539050042629242
3,Fine-Tuned E5,0.1067184209823608
3,Fine-Tuned E5,0.2662657331675291
3,Fine-Tuned E5,0.2086449861526489
3,Fine-Tuned E5,0.1357617676258087
3,Fine-Tuned E5,0.1379142105579376
3,Fine-Tuned E5,-0.2519944310188293
3,Fine-Tuned E5,0.3382821083068847
3,Fine-Tuned E5,0.011834979057312
3,Fine-Tuned E5,-0.0717730522155761
3,Fine-Tuned E5,0.317190408706665
3,Fine-Tuned E5,0.254876971244812
3,Fine-Tuned E5,0.1761602610349655
3,Fine-Tuned E5,0.1467484831809997
3,Fine-Tuned E5,0.3456940501928329
3,Fine-Tuned E5,0.041719764471054
3,Fine-Tuned E5,0.1990292966365814
3,Fine-Tuned E5,0.1296849399805069
3,Fine-Tuned E5,0.2924682646989822
3,Fine-Tuned E5,0.4862920865416527
3,Fine-Tuned E5,0.1424123644828796
3,Fine-Tuned E5,0.1191601157188415
3,Fine-Tuned E5,0.0842865258455276
3,Fine-Tuned E5,0.1381508409976959
3,Fine-Tuned E5,0.2181173115968704
3,Fine-Tuned E5,0.3436768054962158
3,Fine-Tuned E5,-0.0402466654777526
3,Fine-Tuned E5,0.1365836262702942
3,Fine-Tuned E5,0.1191553771495819
3,Fine-Tuned E5,0.0402950048446655
3,Fine-Tuned E5,-0.033104196190834
3,Fine-Tuned E5,0.2762565026059747
3,Fine-Tuned E5,0.3020950853824615
3,Fine-Tuned E5,0.3487391173839569
3,Fine-Tuned E5,0.2910888716578483
3,Fine-Tuned E5,0.2131141647696495
3,Fine-Tuned E5,0.204956442117691
3,Fine-Tuned E5,0.1167760491371154
3,Fine-Tuned E5,0.1141601577401161
3,Fine-Tuned E5,0.4512993693351745
3,Fine-Tuned E5,0.4530514180660248
3,Fine-Tuned E5,0.5084826238453388
3,Fine-Tuned E5,0.3127096630632877
3,Fine-Tuned E5,0.0633689761161804
3,Fine-Tuned E5,0.1572656482458114
3,Fine-Tuned E5,0.3197882175445556
3,Fine-Tuned E5,0.0796034038066864
3,Fine-Tuned E5,0.1711948961019516
3,Fine-Tuned E5,0.2838430404663086
3,Fine-Tuned E5,0.1244367659091949
3,Fine-Tuned E5,0.0773708820343017
3,Fine-Tuned E5,0.0570344030857086
3,Fine-Tuned E5,0.0389817953109741
3,Fine-Tuned E5,0.0583377331495285
3,Fine-Tuned E5,-0.0718291103839874
3,Fine-Tuned E5,0.1152312457561492
3,Fine-Tuned E5,0.0352725684642791
3,Fine-Tuned E5,0.0870324075222015
3,Fine-Tuned E5,0.0684337466955185
3,Fine-Tuned E5,0.1186577081680297
3,Fine-Tuned E5,0.2187572140246629
3,Fine-Tuned E5,0.0649240016937255
3,Fine-Tuned E5,0.2897230982780456
3,Fine-Tuned E5,0.1372944414615631
3,Fine-Tuned E5,0.0989371985197067
3,Fine-Tuned E5,0.3471871763467788
3,Fine-Tuned E5,0.1377631425857544
3,Fine-Tuned E5,0.0027482733130455
3,Fine-Tuned E5,0.2755582109093666
3,Fine-Tuned E5,0.1604983359575271
3,Fine-Tuned E5,0.2276287227869033
3,Fine-Tuned E5,0.0703566074371337
3,Fine-Tuned E5,0.3224050775170326
3,Fine-Tuned E5,0.334993876516819
3,Fine-Tuned E5,0.0841908156871795
3,Fine-Tuned E5,0.236041784286499
3,Fine-Tuned E5,0.1379000321030616
3,Fine-Tuned E5,-0.0207427144050598
3,Fine-Tuned E5,0.0012126863002777
3,Fine-Tuned E5,-0.074011206626892
3,Fine-Tuned E5,0.2914765179157257
3,Fine-Tuned E5,0.0340621471405029
3,Fine-Tuned E5,0.0779767036437988
3,Fine-Tuned E5,0.2969046384096145
3,Fine-Tuned E5,-0.0378391146659851
3,Fine-Tuned E5,-0.0811440050601959
3,Fine-Tuned E5,0.1700356304645538
3,Fine-Tuned E5,0.0209535360336303
3,Fine-Tuned E5,0.1039774119853973
3,Fine-Tuned E5,-0.1008211970329284
3,Fine-Tuned E5,0.0289110168814659
3,Fine-Tuned E5,0.3812303096055984
3,Fine-Tuned E5,0.1308922171592712
3,Fine-Tuned E5,-0.0597322285175323
3,Fine-Tuned E5,0.4006272256374359
3,Fine-Tuned E5,0.0406718552112579
3,Fine-Tuned E5,0.1869820654392242
3,Fine-Tuned E5,0.0708534121513366
3,Fine-Tuned E5,0.0428282618522644
3,Fine-Tuned E5,0.4210160076618194
3,Fine-Tuned E5,-0.087971955537796
3,Fine-Tuned E5,0.2751602232456207
3,Fine-Tuned E5,0.0417198538780212
3,Fine-Tuned E5,0.3864002078771591
3,Fine-Tuned E5,0.1095779538154602
3,Fine-Tuned E5,0.3861099109053612
3,Fine-Tuned E5,0.0520296096801757
3,Fine-Tuned E5,0.2918618023395538
3,Fine-Tuned E5,0.1190896332263946
3,Fine-Tuned E5,0.2895764410495758
3,Fine-Tuned E5,-0.0732397884130477
3,Fine-Tuned E5,0.1765094995498657
3,Fine-Tuned E5,0.2049911320209503
3,Fine-Tuned E5,0.2201886028051376
3,Fine-Tuned E5,0.0648548603057861
3,Fine-Tuned E5,0.0901724398136138
3,Fine-Tuned E5,0.3198687881231308
3,Fine-Tuned E5,0.062926560640335
3,Fine-Tuned E5,0.1365823596715927
3,Fine-Tuned E5,0.0647912323474884
3,Fine-Tuned E5,0.1275107264518737
3,Fine-Tuned E5,0.1420288681983947
3,Fine-Tuned E5,0.2275847643613815
3,Fine-Tuned E5,0.3969511538743973
3,Fine-Tuned E5,0.1766890585422516
3,Fine-Tuned E5,0.363585963845253
3,Fine-Tuned E5,0.0367744863033294
3,Fine-Tuned E5,-0.0407975316047668
3,Fine-Tuned E5,0.2809864282608032
3,Fine-Tuned E5,0.1380626857280731
3,Fine-Tuned E5,0.0909652411937713
3,Fine-Tuned E5,0.1005526483058929
3,Fine-Tuned E5,0.3576794303953647
3,Fine-Tuned E5,0.067816287279129
3,Fine-Tuned E5,0.2545453310012817
3,Fine-Tuned E5,0.0662035346031189
3,Fine-Tuned E5,0.1290952861309051
3,Fine-Tuned E5,0.1314997673034668
3,Fine-Tuned E5,0.0632588565349578
3,Fine-Tuned E5,0.2369418442249298
3,Fine-Tuned E5,0.0800558030605316
3,Fine-Tuned E5,0.2020072638988495
3,Fine-Tuned E5,0.1024847328662872
3,Fine-Tuned E5,0.096744418144226
3,Fine-Tuned E5,0.1613840460777282
3,Fine-Tuned E5,0.1158014237880706
3,Fine-Tuned E5,0.0873541235923767
3,Fine-Tuned E5,0.0594454109668731
3,Fine-Tuned E5,-0.0936450064182281
3,Fine-Tuned E5,0.0522710978984832
3,Fine-Tuned E5,0.237854391336441
3,Fine-Tuned E5,0.2877900302410126
3,Fine-Tuned E5,0.3257065340876579
3,Fine-Tuned E5,0.3788959346711635
3,Fine-Tuned E5,0.0563741326332092
3,Fine-Tuned E5,0.0537715852260589
3,Fine-Tuned E5,0.2310178130865097
3,Fine-Tuned E5,0.0709405243396759
3,Fine-Tuned E5,0.104179248213768
3,Fine-Tuned E5,0.0268085300922393
3,Fine-Tuned E5,0.1111626625061035
3,Fine-Tuned E5,-0.0595517754554748
3,Fine-Tuned E5,0.1387844383716583
3,Fine-Tuned E5,-0.0931489318609237
3,Fine-Tuned E5,0.499092124402523
3,Fine-Tuned E5,0.2919362783432007
3,Fine-Tuned E5,-0.0234333276748657
3,Fine-Tuned E5,0.1499647796154022
3,Fine-Tuned E5,0.3333652801811695
3,Fine-Tuned E5,0.0147023499011993
3,Fine-Tuned E5,0.3517713546752929
3,Fine-Tuned E5,0.3124247118830681
3,Fine-Tuned E5,0.1687162145972252
3,Fine-Tuned E5,0.0155044794082641
3,Fine-Tuned E5,0.0651791095733642
3,Fine-Tuned E5,0.0869964510202407
3,Fine-Tuned E5,0.087337702512741
3,Fine-Tuned E5,0.0679444968700409
3,Fine-Tuned E5,-0.066416323184967
3,Fine-Tuned E5,0.010913610458374
3,Fine-Tuned E5,0.1941463351249694
3,Fine-Tuned E5,0.2385298907756805
3,Fine-Tuned E5,0.2570367306470871
3,Fine-Tuned E5,0.124738872051239
3,Fine-Tuned E5,-0.0325369536876678
3,Fine-Tuned E5,0.1022016704082489
3,Fine-Tuned E5,0.0832104086875915
3,Fine-Tuned E5,0.1077761948108673
3,Fine-Tuned E5,0.0551531016826629
3,Fine-Tuned E5,0.3390114605426788
3,Fine-Tuned E5,0.2425345182418823
3,Fine-Tuned E5,0.2957542240619659
3,Fine-Tuned E5,0.2945124804973602
3,Fine-Tuned E5,0.2570084929466247
3,Fine-Tuned E5,0.2727028429508209
3,Fine-Tuned E5,0.3086350262165069
3,Fine-Tuned E5,0.2010020315647125
3,Fine-Tuned E5,0.2177882194519043
3,Fine-Tuned E5,0.1948686242103576
3,Fine-Tuned E5,0.331265315413475
3,Fine-Tuned E5,0.0939627289772033
3,Fine-Tuned E5,-0.075250431895256
3,Fine-Tuned E5,-0.0506396740674972
3,Fine-Tuned E5,0.1682451590895652
3,Fine-Tuned E5,0.3196827322244644
3,Fine-Tuned E5,0.3167025372385978
3,Fine-Tuned E5,0.0663106739521026
3,Fine-Tuned E5,0.0551764667034149
3,Fine-Tuned E5,-0.0822346657514572
3,Fine-Tuned E5,0.0480566024780273
3,Fine-Tuned E5,0.0689907371997833
3,Fine-Tuned E5,0.2071481086313724
3,Fine-Tuned E5,0.1039921939373016
3,Fine-Tuned E5,0.2483315467834472
3,Fine-Tuned E5,0.3925269749015569
3,Fine-Tuned E5,0.0174663066864013
3,Fine-Tuned E5,0.2959383577108383
3,Fine-Tuned E5,0.0570482909679412
3,Fine-Tuned E5,0.0774810463190078
3,Fine-Tuned E5,0.4902385547757149
3,Fine-Tuned E5,0.2301864922046661
3,Fine-Tuned E5,0.0423326194286346
3,Fine-Tuned E5,0.24351167678833
3,Fine-Tuned E5,0.4630404636263847
3,Fine-Tuned E5,0.4289838820695877
3,Fine-Tuned E5,0.2488359212875366
3,Fine-Tuned E5,0.3334807753562927
3,Fine-Tuned E5,0.2199819982051849
3,Fine-Tuned E5,0.0723986625671386
3,Fine-Tuned E5,0.1921265423297882
3,Fine-Tuned E5,0.0726310610771179
3,Fine-Tuned E5,0.1587615609169006
3,Fine-Tuned E5,-0.0378448963165283
3,Fine-Tuned E5,-0.1474191844463348
3,Fine-Tuned E5,0.2179562002420425
3,Fine-Tuned E5,0.1629499644041061
3,Fine-Tuned E5,0.4680361971259117
3,Fine-Tuned E5,0.2113054394721985
3,Fine-Tuned E5,0.1843350529670715
3,Fine-Tuned E5,0.152006447315216
3,Fine-Tuned E5,0.1397101208567619
3,Fine-Tuned E5,-0.2106027007102966
3,Fine-Tuned E5,0.1075315177440643
3,Fine-Tuned E5,0.2685545086860657
3,Fine-Tuned E5,0.147055983543396
3,Fine-Tuned E5,0.1197690367698669
3,Fine-Tuned E5,0.3054691739380359
3,Fine-Tuned E5,-0.0760576426982879
3,Fine-Tuned E5,-0.0484982132911682
3,Fine-Tuned E5,0.0137368440628051
3,Fine-Tuned E5,0.2094261646270752
3,Fine-Tuned E5,0.2201122939586639
3,Fine-Tuned E5,0.5852444246411324
3,Fine-Tuned E5,0.2128704488277435
3,Fine-Tuned E5,0.3754338771104812
3,Fine-Tuned E5,0.2128432840108871
3,Fine-Tuned E5,0.3482717759907245
3,Fine-Tuned E5,0.3056169748306274
3,Fine-Tuned E5,0.3409218341112137
3,Fine-Tuned E5,0.1704340279102325
3,Fine-Tuned E5,0.0203918069601058
3,Fine-Tuned E5,0.0791074037551879
3,Fine-Tuned E5,0.1354195177555084
3,Fine-Tuned E5,0.0859038531780242
3,Fine-Tuned E5,0.3496609628200531
3,Fine-Tuned E5,0.2032488584518432
3,Fine-Tuned E5,0.2579184770584106
3,Fine-Tuned E5,0.1456726491451263
3,Fine-Tuned E5,0.1571152806282043
3,Fine-Tuned E5,0.4599080458283424
3,Fine-Tuned E5,0.3428010642528534
3,Fine-Tuned E5,0.5784460119903088
3,Fine-Tuned E5,0.1490568816661834
3,Fine-Tuned E5,0.4394330829381943
3,Fine-Tuned E5,0.1018999814987182
3,Fine-Tuned E5,0.2934741228818893
3,Fine-Tuned E5,0.0818067193031311
3,Fine-Tuned E5,0.0256997346878051
3,Fine-Tuned E5,0.3078225553035736
3,Fine-Tuned E5,0.243203654885292
3,Fine-Tuned E5,0.0589045882225036
3,Fine-Tuned E5,0.3398264944553375
3,Fine-Tuned E5,0.3668396472930908
3,Fine-Tuned E5,0.164615660905838
3,Fine-Tuned E5,-0.0592857897281646
3,Fine-Tuned E5,0.0032183825969696
3,Fine-Tuned E5,0.2779781371355057
3,Fine-Tuned E5,-0.0840532779693603
3,Fine-Tuned E5,0.4160043578594923
3,Fine-Tuned E5,0.0875049531459808
3,Fine-Tuned E5,0.1889851987361908
3,Fine-Tuned E5,0.0942325890064239
3,Fine-Tuned E5,0.06867216527462
3,Fine-Tuned E5,0.2316896915435791
3,Fine-Tuned E5,0.0749492645263671
3,Fine-Tuned E5,0.0681483149528503
3,Fine-Tuned E5,0.0708948075771331
3,Fine-Tuned E5,-0.1451224237680435
3,Fine-Tuned E5,0.2582429647445678
3,Fine-Tuned E5,0.1137390732765197
3,Fine-Tuned E5,0.3236339092254638
3,Fine-Tuned E5,0.0274621844291687
3,Fine-Tuned E5,0.3917349763214588
3,Fine-Tuned E5,0.0787893533706665
3,Fine-Tuned E5,0.1665655523538589
3,Fine-Tuned E5,0.080882579088211
3,Fine-Tuned E5,0.2060506045818328
3,Fine-Tuned E5,0.5866246483055875
3,Fine-Tuned E5,0.3950393572449684
3,Fine-Tuned E5,0.0704728960990905
3,Fine-Tuned E5,0.2118956744670868
3,Fine-Tuned E5,-0.0373609662055969
3,Fine-Tuned E5,0.0088697969913482
3,Fine-Tuned E5,0.1038282215595245
3,Fine-Tuned E5,0.0543796420097351
3,Fine-Tuned E5,0.186961144208908
3,Fine-Tuned E5,0.4953866563737392
3,Fine-Tuned E5,0.283750832080841
3,Fine-Tuned E5,0.3838525339961052
3,Fine-Tuned E5,0.5634266519919038
3,Fine-Tuned E5,0.2393500059843063
3,Fine-Tuned E5,0.2930242121219635
3,Fine-Tuned E5,0.5682071037590504
3,Fine-Tuned E5,0.1914704442024231
3,Fine-Tuned E5,0.0995668470859527
3,Fine-Tuned E5,0.1390403509140014
3,Fine-Tuned E5,0.094924509525299
3,Fine-Tuned E5,0.2312580347061157
3,Fine-Tuned E5,0.2980324625968933
3,Fine-Tuned E5,0.1819625198841095
3,Fine-Tuned E5,0.1123303174972534
3,Fine-Tuned E5,0.271669864654541
3,Fine-Tuned E5,0.2673143744468689
3,Fine-Tuned E5,0.014499008655548
3,Fine-Tuned E5,-0.0224091708660125
3,Fine-Tuned E5,-0.0178386569023132
3,Fine-Tuned E5,0.0214850902557373
3,Fine-Tuned E5,0.2025733143091201
3,Fine-Tuned E5,0.1989658921957016
3,Fine-Tuned E5,0.1161933541297912
3,Fine-Tuned E5,0.2122652530670166
3,Fine-Tuned E5,-0.0026285052299499
3,Fine-Tuned E5,0.2975817862898111
3,Fine-Tuned E5,0.389529351145029
3,Fine-Tuned E5,-0.0289762616157531
3,Fine-Tuned E5,0.1472235471010208
3,Fine-Tuned E5,0.4167450070381164
3,Fine-Tuned E5,0.2593659423291683
3,Fine-Tuned E5,0.3893661126494407
3,Fine-Tuned E5,0.0045510530471801
3,Fine-Tuned E5,0.3600231558084488
3,Fine-Tuned E5,-0.1177969872951507
3,Fine-Tuned E5,0.2477881833910942
3,Fine-Tuned E5,-0.1276840269565582
3,Fine-Tuned E5,-0.0891764461994171
3,Fine-Tuned E5,0.0430459082126617
3,Fine-Tuned E5,0.276395596563816
3,Fine-Tuned E5,0.1371468901634216
3,Fine-Tuned E5,0.417832650244236
3,Fine-Tuned E5,0.0220485627651214
3,Fine-Tuned E5,0.1343483626842498
3,Fine-Tuned E5,0.0040672421455383
3,Fine-Tuned E5,0.2834009528160095
3,Fine-Tuned E5,0.4322053156793117
3,Fine-Tuned E5,0.4081945940852165
3,Fine-Tuned E5,0.0906762480735778
3,Fine-Tuned E5,0.3786011077463627
3,Fine-Tuned E5,0.3032309748232364
3,Fine-Tuned E5,0.193325400352478
3,Fine-Tuned E5,0.1996494829654693
3,Fine-Tuned E5,0.2317191958427429
3,Fine-Tuned E5,0.0703951716423034
3,Fine-Tuned E5,0.3391606397926807
3,Fine-Tuned E5,0.0562510788440704
3,Fine-Tuned E5,0.2023520618677139
3,Fine-Tuned E5,0.0173011422157287
3,Fine-Tuned E5,-0.2378921955823898
3,Fine-Tuned E5,0.0082987248897552
3,Fine-Tuned E5,0.2541905641555786
3,Fine-Tuned E5,0.1088682115077972
3,Fine-Tuned E5,0.1701477505266666
3,Fine-Tuned E5,0.0979922115802764
3,Fine-Tuned E5,0.3314929455518722
3,Fine-Tuned E5,0.3177954480051994
3,Fine-Tuned E5,0.0708295404911041
3,Fine-Tuned E5,0.3051078468561172
3,Fine-Tuned E5,0.1836078613996505
3,Fine-Tuned E5,0.2100439667701721
3,Fine-Tuned E5,0.2027833759784698
3,Fine-Tuned E5,0.1239471435546875
3,Fine-Tuned E5,0.0007663369178771
3,Fine-Tuned E5,0.3929539080709219
3,Fine-Tuned E5,0.2365225851535797
3,Fine-Tuned E5,0.0828362107276916
3,Fine-Tuned E5,0.3638228457421064
3,Fine-Tuned E5,0.2550683468580246
3,Fine-Tuned E5,0.270011231303215
3,Fine-Tuned E5,0.0743978023529052
3,Fine-Tuned E5,0.2692960649728775
3,Fine-Tuned E5,0.0941764712333679
3,Fine-Tuned E5,0.200272798538208
3,Fine-Tuned E5,0.0453353226184845
3,Fine-Tuned E5,0.1308638155460357
3,Fine-Tuned E5,0.2335886657238006
3,Fine-Tuned E5,0.2673333287239074
3,Fine-Tuned E5,0.0631057024002075
3,Fine-Tuned E5,0.1320959329605102
3,Fine-Tuned E5,0.1727724969387054
3,Fine-Tuned E5,0.2100093364715576
3,Fine-Tuned E5,0.1640297472476959
3,Fine-Tuned E5,0.1263336837291717
3,Fine-Tuned E5,0.2056407034397125
3,Fine-Tuned E5,-0.0210019648075103
3,Fine-Tuned E5,0.0218305587768554
3,Fine-Tuned E5,0.079652115702629
3,Fine-Tuned E5,-0.0279839038848876
3,Fine-Tuned E5,0.0632452070713043
3,Fine-Tuned E5,0.3396455347537994
3,Fine-Tuned E5,0.4042936936020851
3,Fine-Tuned E5,0.0852203071117401
3,Fine-Tuned E5,0.4368458539247513
3,Fine-Tuned E5,0.0433011204004287
3,Fine-Tuned E5,0.1134977340698242
3,Fine-Tuned E5,0.2399086952209472
3,Fine-Tuned E5,-0.0270222127437591
3,Fine-Tuned E5,0.1640237867832183
3,Fine-Tuned E5,0.0619566738605499
3,Fine-Tuned E5,0.0975155234336853
3,Fine-Tuned E5,0.5199350193142891
3,Fine-Tuned E5,0.0106902122497558
3,Fine-Tuned E5,0.0681978166103363
3,Fine-Tuned E5,0.1952614486217498
3,Fine-Tuned E5,0.2260511815547943
3,Fine-Tuned E5,0.1954560875892639
3,Fine-Tuned E5,0.2089086174964904
3,Fine-Tuned E5,0.0137842893600463
3,Fine-Tuned E5,0.0610151290893554
3,Fine-Tuned E5,0.1547971367835998
3,Fine-Tuned E5,0.3968327660113573
3,Fine-Tuned E5,-0.0852105617523193
3,Fine-Tuned E5,0.328152691014111
3,Fine-Tuned E5,0.0186735987663269
3,Fine-Tuned E5,0.1905645728111267
3,Fine-Tuned E5,0.4911672472953796
3,Fine-Tuned E5,0.05174121260643
3,Fine-Tuned E5,0.126834750175476
3,Fine-Tuned E5,0.157641164958477
3,Fine-Tuned E5,0.2707099616527557
3,Fine-Tuned E5,0.3678423538804054
3,Fine-Tuned E5,0.1446870267391204
3,Fine-Tuned E5,0.0147830545902252
3,Fine-Tuned E5,0.141213059425354
3,Fine-Tuned E5,0.5305724665522575
3,Fine-Tuned E5,0.2391431629657745
3,Fine-Tuned E5,0.3471255898475647
3,Fine-Tuned E5,0.2560837864875793
3,Fine-Tuned E5,0.1271139979362487
3,Fine-Tuned E5,0.223990797996521
3,Fine-Tuned E5,0.282311201095581
3,Fine-Tuned E5,0.4560956954956054
3,Fine-Tuned E5,0.2931777387857437
3,Fine-Tuned E5,0.0605061948299407
3,Fine-Tuned E5,0.3191565722227096
3,Fine-Tuned E5,0.1423049867153167
3,Fine-Tuned E5,0.2270267233252525
3,Fine-Tuned E5,0.1614710390567779
3,Fine-Tuned E5,-0.0448820888996124
3,Fine-Tuned E5,0.000221163034439
3,Fine-Tuned E5,0.3833741620182991
3,Fine-Tuned E5,0.1771737039089203
3,Fine-Tuned E5,-0.140993058681488
3,Fine-Tuned E5,0.1514803543686866
3,Fine-Tuned E5,0.1780696660280227
3,Fine-Tuned E5,0.0270899534225463
3,Fine-Tuned E5,0.3838899731636047
3,Fine-Tuned E5,0.1234743595123291
3,Fine-Tuned E5,0.0515097081661224
3,Fine-Tuned E5,0.0311293601989746
3,Fine-Tuned E5,0.0153906941413879
3,Fine-Tuned E5,0.1252796798944473
3,Fine-Tuned E5,-0.014670968055725
3,Fine-Tuned E5,0.261224552989006
3,Fine-Tuned E5,0.4174694567918777
3,Fine-Tuned E5,0.156315267086029
3,Fine-Tuned E5,0.0054142475128173
3,Fine-Tuned E5,0.0572573542594909
3,Fine-Tuned E5,0.0341947972774505
3,Fine-Tuned E5,0.3494159113615751
3,Fine-Tuned E5,0.0582131892442703
3,Fine-Tuned E5,-0.1243892908096313
3,Fine-Tuned E5,-0.0027251839637756
3,Fine-Tuned E5,-0.233661413192749
3,Fine-Tuned E5,0.0036851614713668
3,Fine-Tuned E5,-0.0087114870548248
3,Fine-Tuned E5,0.2496340312063694
3,Fine-Tuned E5,0.1994373947381973
3,Fine-Tuned E5,-0.0089062750339508
3,Fine-Tuned E5,0.477147065103054
3,Fine-Tuned E5,-0.249909296631813
3,Fine-Tuned E5,0.3336559236049652
3,Fine-Tuned E5,0.1108081042766571
3,Fine-Tuned E5,0.2562824785709381
3,Fine-Tuned E5,0.2320758402347564
3,Fine-Tuned E5,0.0904104113578796
3,Fine-Tuned E5,0.1512777209281921
3,Fine-Tuned E5,0.2619401663541794
3,Fine-Tuned E5,0.2537372633814811
3,Fine-Tuned E5,0.1375296413898468
3,Fine-Tuned E5,0.4245089404284954
3,Fine-Tuned E5,-0.0148453414440155
3,Fine-Tuned E5,0.3862155545502901
3,Fine-Tuned E5,0.3469972163438797
3,Fine-Tuned E5,0.1079117655754089
3,Fine-Tuned E5,0.2179196774959564
3,Fine-Tuned E5,0.1678985804319381
3,Fine-Tuned E5,0.2754716798663139
3,Fine-Tuned E5,0.38533915579319
3,Fine-Tuned E5,-0.2721515893936157
3,Fine-Tuned E5,0.2762543708086014
3,Fine-Tuned E5,0.0639658868312835
3,Fine-Tuned E5,0.071740448474884
3,Fine-Tuned E5,-0.1728135347366333
3,Fine-Tuned E5,0.0043613612651824
3,Fine-Tuned E5,0.2060065865516662
3,Fine-Tuned E5,0.1012697666883468
3,Fine-Tuned E5,0.0081010460853576
3,Fine-Tuned E5,0.215712197124958
3,Fine-Tuned E5,0.3540781140327453
3,Fine-Tuned E5,0.2749064117670059
3,Fine-Tuned E5,0.1906963810324669
3,Fine-Tuned E5,0.2183397896587848
3,Fine-Tuned E5,0.1483948677778244
3,Fine-Tuned E5,-0.1106647253036499
3,Fine-Tuned E5,0.2831431031227112
3,Fine-Tuned E5,0.137116938829422
3,Fine-Tuned E5,0.0343262553215026
3,Fine-Tuned E5,0.370276668574661
3,Fine-Tuned E5,0.3238338455557823
3,Fine-Tuned E5,0.2664074301719665
3,Fine-Tuned E5,0.3528145961463451
3,Fine-Tuned E5,0.3820220548659563
3,Fine-Tuned E5,0.2281566560268402
3,Fine-Tuned E5,0.276375338435173
3,Fine-Tuned E5,0.0966353714466095
3,Fine-Tuned E5,0.3659173413179815
3,Fine-Tuned E5,0.2302025258541107
3,Fine-Tuned E5,0.1717835962772369
3,Fine-Tuned E5,0.1784238964319229
3,Fine-Tuned E5,0.1518854796886444
3,Fine-Tuned E5,0.351265013217926
3,Fine-Tuned E5,0.1894536614418029
3,Fine-Tuned E5,0.4592202678322792
3,Fine-Tuned E5,0.5400053784251213
3,Fine-Tuned E5,0.152040421962738
3,Fine-Tuned E5,0.0727547407150268
3,Fine-Tuned E5,0.3080635368824005
3,Fine-Tuned E5,0.283743679523468
3,Fine-Tuned E5,0.2179617881774902
3,Fine-Tuned E5,0.2627457976341247
3,Fine-Tuned E5,0.1459600329399109
3,Fine-Tuned E5,-0.2641507983207702
3,Fine-Tuned E5,0.030110090970993
3,Fine-Tuned E5,0.3105624485760927
3,Fine-Tuned E5,0.2934857048094272
3,Fine-Tuned E5,0.1376468166708946
3,Fine-Tuned E5,-0.0002473592758178
3,Fine-Tuned E5,0.1890241801738739
3,Fine-Tuned E5,0.2942836433649063
3,Fine-Tuned E5,0.3480910360813141
3,Fine-Tuned E5,0.1689902544021606
3,Fine-Tuned E5,0.1683639883995056
3,Fine-Tuned E5,0.2827076315879822
3,Fine-Tuned E5,0.081438809633255
3,Fine-Tuned E5,0.1396712362766266
3,Fine-Tuned E5,0.0875591933727264
3,Fine-Tuned E5,0.2153300642967224
3,Fine-Tuned E5,0.157576709985733
3,Fine-Tuned E5,0.2122855484485626
3,Fine-Tuned E5,0.2986455857753753
3,Fine-Tuned E5,0.3808731287717819
3,Fine-Tuned E5,0.4242303669452667
3,Fine-Tuned E5,0.2136202752590179
3,Fine-Tuned E5,0.2954623103141784
3,Fine-Tuned E5,-0.0378385484218597
3,Fine-Tuned E5,-0.1835359632968902
3,Fine-Tuned E5,0.2074910998344421
3,Fine-Tuned E5,0.0096599608659744
3,Fine-Tuned E5,0.2410295307636261
3,Fine-Tuned E5,0.2202955186367035
3,Fine-Tuned E5,0.1322729289531707
3,Fine-Tuned E5,0.2679425925016403
3,Fine-Tuned E5,0.0473179817199707
3,Fine-Tuned E5,-0.0181077420711517
3,Fine-Tuned E5,-0.0658657252788543
3,Fine-Tuned E5,0.1060646176338195
3,Fine-Tuned E5,0.3303241729736328
3,Fine-Tuned E5,-0.0549129694700241
3,Fine-Tuned E5,0.2653792276978493
3,Fine-Tuned E5,0.1355653703212738
3,Fine-Tuned E5,-0.0354842841625213
3,Fine-Tuned E5,0.1118037551641464
3,Fine-Tuned E5,0.0800417214632034
3,Fine-Tuned E5,0.3027821555733681
3,Fine-Tuned E5,0.0766743421554565
3,Fine-Tuned E5,-0.0765379071235656
3,Fine-Tuned E5,0.1313891857862472
3,Fine-Tuned E5,0.0305704772472381
3,Fine-Tuned E5,-0.248417466878891
3,Fine-Tuned E5,0.1470699161291122
3,Fine-Tuned E5,0.4327720552682876
3,Fine-Tuned E5,0.1643347069621086
3,Fine-Tuned E5,0.5517212152481079
3,Fine-Tuned E5,0.1762500405311584
3,Fine-Tuned E5,0.2252580001950264
3,Fine-Tuned E5,0.2942825704813003
3,Fine-Tuned E5,0.0754144191741943
3,Fine-Tuned E5,0.0220494419336318
3,Fine-Tuned E5,0.1412811130285263
3,Fine-Tuned E5,0.0773395597934722
3,Fine-Tuned E5,0.0398407280445098
3,Fine-Tuned E5,0.179906815290451
3,Fine-Tuned E5,0.3086595237255096
3,Fine-Tuned E5,0.2570350021123886
3,Fine-Tuned E5,0.3141837054863572
3,Fine-Tuned E5,-0.1420305073261261
3,Fine-Tuned E5,0.1401918232440948
3,Fine-Tuned E5,0.2947500105947256
3,Fine-Tuned E5,0.0054510831832885
3,Fine-Tuned E5,-0.0709414184093475
3,Fine-Tuned E5,0.0466957092285156
3,Fine-Tuned E5,0.119824931025505
3,Fine-Tuned E5,0.2647561803460121
3,Fine-Tuned E5,0.4715810380876064
3,Fine-Tuned E5,-0.0065372288227081
3,Fine-Tuned E5,0.0997596085071563
3,Fine-Tuned E5,0.2525974363088608
3,Fine-Tuned E5,0.5679022520780563
3,Fine-Tuned E5,0.1146500408649444
3,Fine-Tuned E5,0.3058219589293003
3,Fine-Tuned E5,0.0769150108098983
3,Fine-Tuned E5,0.082898736000061
3,Fine-Tuned E5,0.1208391338586807
3,Fine-Tuned E5,0.0524139702320098
3,Fine-Tuned E5,0.2242605239152908
3,Fine-Tuned E5,0.188482254743576
3,Fine-Tuned E5,0.1427363455295562
3,Fine-Tuned E5,0.2507007420063019
3,Fine-Tuned E5,0.1944623589515686
3,Fine-Tuned E5,-0.0420184135437011
3,Fine-Tuned E5,0.2776269614696502
3,Fine-Tuned E5,0.0687632262706756
3,Fine-Tuned E5,0.0965164005756378
3,Fine-Tuned E5,0.2677899748086929
3,Fine-Tuned E5,0.2086369097232818
3,Fine-Tuned E5,0.3318161368370056
3,Fine-Tuned E5,0.3060117959976196
3,Fine-Tuned E5,-0.0223699808120727
3,Fine-Tuned E5,0.136221706867218
3,Fine-Tuned E5,-0.068463385105133
3,Fine-Tuned E5,0.2445035725831985
3,Fine-Tuned E5,0.3294306993484497
3,Fine-Tuned E5,0.3004116415977478
3,Fine-Tuned E5,0.0789744555950164
3,Fine-Tuned E5,0.167306050658226
3,Fine-Tuned E5,0.1716427430510521
3,Fine-Tuned E5,0.291874036192894
3,Fine-Tuned E5,0.3149514645338058
3,Fine-Tuned E5,0.2276556119322776
3,Fine-Tuned E5,0.0388523638248443
3,Fine-Tuned E5,0.0559045672416687
3,Fine-Tuned E5,0.0221950411796569
3,Fine-Tuned E5,0.4444336965680122
3,Fine-Tuned E5,0.3109814822673797
3,Fine-Tuned E5,0.2432005852460861
3,Fine-Tuned E5,-0.0597187280654907
3,Fine-Tuned E5,0.4638660289347172
3,Fine-Tuned E5,0.0433058738708496
3,Fine-Tuned E5,0.070871502161026
3,Fine-Tuned E5,0.0639556050300598
3,Fine-Tuned E5,0.2712043821811676
3,Fine-Tuned E5,0.0030399411916732
3,Fine-Tuned E5,0.4037536978721618
3,Fine-Tuned E5,0.1902885884046554
3,Fine-Tuned E5,0.1427841782569885
3,Fine-Tuned E5,0.0933885276317596
3,Fine-Tuned E5,-0.0047789514064788
3,Fine-Tuned E5,-0.0482998192310333
3,Fine-Tuned E5,-0.1225885152816772
3,Fine-Tuned E5,0.0426558256149292
3,Fine-Tuned E5,0.3579444773495197
3,Fine-Tuned E5,0.2130667120218277
3,Fine-Tuned E5,-0.0620158910751342
3,Fine-Tuned E5,0.0770562440156936
3,Fine-Tuned E5,-0.0463283061981201
3,Fine-Tuned E5,0.1768351197242736
3,Fine-Tuned E5,0.2254130095243454
3,Fine-Tuned E5,0.1744478642940521
3,Fine-Tuned E5,0.2224780321121215
3,Fine-Tuned E5,0.2977366596460342
3,Fine-Tuned E5,0.1275131851434707
3,Fine-Tuned E5,0.0202744603157043
3,Fine-Tuned E5,-0.0003569424152374
3,Fine-Tuned E5,0.0764504671096801
3,Fine-Tuned E5,0.2402488738298416
3,Fine-Tuned E5,0.4956020452082157
3,Fine-Tuned E5,0.1728289127349853
3,Fine-Tuned E5,-0.0986288785934448
3,Fine-Tuned E5,0.0193853676319122
3,Fine-Tuned E5,0.2168710827827453
3,Fine-Tuned E5,0.2038779556751251
3,Fine-Tuned E5,0.1654154658317566
3,Fine-Tuned E5,-0.147385373711586
3,Fine-Tuned E5,0.1111409664154052
3,Fine-Tuned E5,0.2818242907524109
3,Fine-Tuned E5,0.1445097029209137
3,Fine-Tuned E5,0.0649248361587524
3,Fine-Tuned E5,0.3815023899078369
3,Fine-Tuned E5,0.2841844335198402
3,Fine-Tuned E5,0.1740471273660659
3,Fine-Tuned E5,0.0988436639308929
3,Fine-Tuned E5,0.1993817836046219
3,Fine-Tuned E5,0.1442061066627502
3,Fine-Tuned E5,0.1953893452882766
3,Fine-Tuned E5,0.4590947926044464
3,Fine-Tuned E5,0.1874753534793853
3,Fine-Tuned E5,0.3257364630699157
3,Fine-Tuned E5,0.2432649731636047
3,Fine-Tuned E5,0.1886569559574127
3,Fine-Tuned E5,0.4057517498731613
3,Fine-Tuned E5,0.1226038038730621
3,Fine-Tuned E5,0.21946582198143
3,Fine-Tuned E5,0.314032644033432
3,Fine-Tuned E5,0.0980250239372253
3,Fine-Tuned E5,-0.1102506518363952
3,Fine-Tuned E5,0.3443310782313347
3,Fine-Tuned E5,0.0490021109580993
3,Fine-Tuned E5,-0.011847972869873
3,Fine-Tuned E5,0.0829156637191772
3,Fine-Tuned E5,-0.0770567953586578
3,Fine-Tuned E5,0.1141541600227356
3,Fine-Tuned E5,0.4619502052664757
3,Fine-Tuned E5,0.2063719034194946
3,Fine-Tuned E5,0.1383781433105468
3,Fine-Tuned E5,0.1101463735103607
3,Fine-Tuned E5,0.0258154869079589
3,Fine-Tuned E5,0.1594505310058593
3,Fine-Tuned E5,0.1143073737621307
3,Fine-Tuned E5,0.0119079649448394
3,Fine-Tuned E5,0.3489900156855583
3,Fine-Tuned E5,0.3060328215360641
3,Fine-Tuned E5,0.1218705773353576
3,Fine-Tuned E5,0.2168565392494201
3,Fine-Tuned E5,0.3053955063223839
3,Fine-Tuned E5,0.0214751362800598
3,Fine-Tuned E5,-0.270752802491188
3,Fine-Tuned E5,0.1339816749095916
3,Fine-Tuned E5,0.0382424890995025
3,Fine-Tuned E5,0.1475296020507812
3,Fine-Tuned E5,0.1114059686660766
3,Fine-Tuned E5,0.251294881105423
3,Fine-Tuned E5,0.2013853192329406
3,Fine-Tuned E5,0.1364147365093231
3,Fine-Tuned E5,0.1079455614089965
3,Fine-Tuned E5,0.246731549501419
3,Fine-Tuned E5,0.1023974120616912
3,Fine-Tuned E5,0.1922057271003723
3,Fine-Tuned E5,0.0057975351810455
3,Fine-Tuned E5,0.0334399938583374
3,Fine-Tuned E5,-0.0098466575145721
3,Fine-Tuned E5,0.2306390032172203
3,Fine-Tuned E5,0.0352742969989776
3,Fine-Tuned E5,0.2463139295578003
3,Fine-Tuned E5,0.2680913805961609
3,Fine-Tuned E5,0.1188752055168151
3,Fine-Tuned E5,-0.0722883939743042
3,Fine-Tuned E5,0.1376284658908844
3,Fine-Tuned E5,0.2080788612365722
3,Fine-Tuned E5,-0.0590179860591888
3,Fine-Tuned E5,0.2974588871002197
3,Fine-Tuned E5,0.096579760313034
3,Fine-Tuned E5,0.3099208474159241
3,Fine-Tuned E5,-0.109652042388916
3,Fine-Tuned E5,-0.0205694139003753
3,Fine-Tuned E5,0.1690995693206787
3,Fine-Tuned E5,0.1452360451221466
3,Fine-Tuned E5,0.3290630578994751
3,Fine-Tuned E5,0.3269102275371551
3,Fine-Tuned E5,0.1803005039691925
3,Fine-Tuned E5,0.0325155854225158
3,Fine-Tuned E5,-0.051137626171112
3,Fine-Tuned E5,0.1212694644927978
3,Fine-Tuned E5,0.0116225183010101
3,Fine-Tuned E5,0.2066766172647476
3,Fine-Tuned E5,0.2522041797637939
3,Fine-Tuned E5,0.4785225205123424
3,Fine-Tuned E5,-0.106792539358139
3,Fine-Tuned E5,0.1667485535144806
3,Fine-Tuned E5,0.1356132924556732
3,Fine-Tuned E5,-0.0456584692001342
3,Fine-Tuned E5,-0.0291393399238586
3,Fine-Tuned E5,0.0973128676414489
3,Fine-Tuned E5,0.2370577901601791
3,Fine-Tuned E5,0.1003867983818054
3,Fine-Tuned E5,0.1827735900878906
3,Fine-Tuned E5,0.1898353993892669
3,Fine-Tuned E5,0.4212981313467026
3,Fine-Tuned E5,-0.3294213246554136
3,Fine-Tuned E5,0.0335944592952728
3,Fine-Tuned E5,0.2332763373851776
3,Fine-Tuned E5,0.1525595933198928
3,Fine-Tuned E5,-0.1706041917204857
3,Fine-Tuned E5,0.2964343279600143
3,Fine-Tuned E5,0.0741918385028839
3,Fine-Tuned E5,0.0282956361770629
3,Fine-Tuned E5,0.0713399052619934
3,Fine-Tuned E5,0.0439277589321136
3,Fine-Tuned E5,0.3499923646450043
3,Fine-Tuned E5,0.2768596261739731
3,Fine-Tuned E5,0.101662278175354
3,Fine-Tuned E5,0.0944765210151672
3,Fine-Tuned E5,0.2881511226296425
3,Fine-Tuned E5,0.3522560521960258
3,Fine-Tuned E5,0.0258139669895172
3,Fine-Tuned E5,0.1988524794578552
3,Fine-Tuned E5,-0.0958034098148346
3,Fine-Tuned E5,0.2893054187297821
3,Fine-Tuned E5,-0.0258275270462036
3,Fine-Tuned E5,0.3551275972276926
3,Fine-Tuned E5,0.062977910041809
3,Fine-Tuned E5,-0.0738309621810913
3,Fine-Tuned E5,0.2411575987935066
3,Fine-Tuned E5,0.1967185735702514
3,Fine-Tuned E5,-0.0646803677082061
3,Fine-Tuned E5,-0.0117658376693725
3,Fine-Tuned E5,0.3237203359603882
3,Fine-Tuned E5,0.151949405670166
3,Fine-Tuned E5,0.1573400646448135
3,Fine-Tuned E5,0.2016249299049377
3,Fine-Tuned E5,0.2878291606903076
3,Fine-Tuned E5,0.1457870006561279
3,Fine-Tuned E5,0.159750297665596
3,Fine-Tuned E5,0.2014834582805633
3,Fine-Tuned E5,0.1374012529850006
3,Fine-Tuned E5,0.2049959897994995
3,Fine-Tuned E5,0.1214768141508102
3,Fine-Tuned E5,0.1611625105142593
3,Fine-Tuned E5,0.2032517790794372
3,Fine-Tuned E5,0.1504996120929718
3,Fine-Tuned E5,0.1168345212936401
3,Fine-Tuned E5,0.2889003157615661
3,Fine-Tuned E5,0.4363073520362377
3,Fine-Tuned E5,0.2945688813924789
3,Fine-Tuned E5,0.1307507455348968
3,Fine-Tuned E5,0.2171366140246391
3,Fine-Tuned E5,0.0181818604469299
3,Fine-Tuned E5,0.1538558155298233
3,Fine-Tuned E5,0.2066297084093094
3,Fine-Tuned E5,0.3065357357263565
3,Fine-Tuned E5,0.4942042557522654
3,Fine-Tuned E5,0.4083835631608963
3,Fine-Tuned E5,0.1312212944030761
3,Fine-Tuned E5,0.1780199259519577
3,Fine-Tuned E5,0.0115393102169036
3,Fine-Tuned E5,0.2167215049266815
3,Fine-Tuned E5,0.2867401391267776
3,Fine-Tuned E5,0.3438750505447387
3,Fine-Tuned E5,0.3323288261890411
3,Fine-Tuned E5,0.292563647031784
3,Fine-Tuned E5,0.0162059068679809
3,Fine-Tuned E5,0.2818233668804168
3,Fine-Tuned E5,0.3182398676872253
3,Fine-Tuned E5,0.3636757731437683
3,Fine-Tuned E5,0.2903729230165481
3,Fine-Tuned E5,0.1493549346923828
3,Fine-Tuned E5,0.1998977959156036
3,Fine-Tuned E5,0.0069887638092041
3,Fine-Tuned E5,0.0655133798718452
3,Fine-Tuned E5,0.1453731954097747
3,Fine-Tuned E5,0.2537795007228851
3,Fine-Tuned E5,0.220758244395256
3,Fine-Tuned E5,0.1050224602222442
3,Fine-Tuned E5,0.0291656255722045
3,Fine-Tuned E5,0.3501342162489891
3,Fine-Tuned E5,0.2996175587177276
3,Fine-Tuned E5,-0.176986277103424
3,Fine-Tuned E5,0.1525867879390716
3,Fine-Tuned E5,0.1840603351593017
3,Fine-Tuned E5,-0.0659475326538086
3,Fine-Tuned E5,0.264676071703434
3,Fine-Tuned E5,0.1080305576324462
3,Fine-Tuned E5,0.3866371586918831
3,Fine-Tuned E5,0.0398755967617034
3,Fine-Tuned E5,0.5279747992753983
3,Fine-Tuned E5,0.1870952546596527
3,Fine-Tuned E5,0.2012417092919349
3,Fine-Tuned E5,0.2129688113927841
3,Fine-Tuned E5,0.0014936029911041
3,Fine-Tuned E5,0.1965312510728836
3,Fine-Tuned E5,0.250223621726036
3,Fine-Tuned E5,0.2815284878015518
3,Fine-Tuned E5,0.1428425312042236
3,Fine-Tuned E5,-0.1163695603609085
3,Fine-Tuned E5,-0.1148031949996948
3,Fine-Tuned E5,0.3743344321846962
3,Fine-Tuned E5,0.5863048285245895
3,Fine-Tuned E5,0.3002937734127044
3,Fine-Tuned E5,0.1509184390306472
3,Fine-Tuned E5,0.4116653501987457
3,Fine-Tuned E5,0.1590963155031204
3,Fine-Tuned E5,0.2177615165710449
3,Fine-Tuned E5,0.2595441341400146
3,Fine-Tuned E5,0.3839601213112473
3,Fine-Tuned E5,-0.0685602128505706
3,Fine-Tuned E5,0.2192098200321197
3,Fine-Tuned E5,0.4013652447611093
3,Fine-Tuned E5,0.3422283679246902
3,Fine-Tuned E5,0.0698458552360534
3,Fine-Tuned E5,0.1834202408790588
3,Fine-Tuned E5,0.3330331444740295
3,Fine-Tuned E5,0.019790381193161
3,Fine-Tuned E5,0.0605654418468475
3,Fine-Tuned E5,-0.0996457636356353
3,Fine-Tuned E5,0.1787758469581604
3,Fine-Tuned E5,0.5251136794686317
3,Fine-Tuned E5,-0.0391783714294433
3,Fine-Tuned E5,0.0173161327838897
3,Fine-Tuned E5,0.2675874009728431
3,Fine-Tuned E5,0.3317260965704918
3,Fine-Tuned E5,-0.090686023235321
3,Fine-Tuned E5,0.0312972962856292
3,Fine-Tuned E5,-0.0779720544815063
3,Fine-Tuned E5,0.5175686404109001
3,Fine-Tuned E5,0.3343986123800277
3,Fine-Tuned E5,0.3793964982032776
3,Fine-Tuned E5,0.5293707456439734
3,Fine-Tuned E5,0.172418475151062
3,Fine-Tuned E5,0.3765647560358047
3,Fine-Tuned E5,0.1896116435527801
3,Fine-Tuned E5,0.5347640328109264
3,Fine-Tuned E5,0.3358448594808578
3,Fine-Tuned E5,-0.1382487416267395
3,Fine-Tuned E5,0.155703991651535
3,Fine-Tuned E5,0.1576141417026519
3,Fine-Tuned E5,0.3744920641183853
3,Fine-Tuned E5,0.0936767756938934
3,Fine-Tuned E5,0.0285707712173461
3,Fine-Tuned E5,0.2091899961233139
3,Fine-Tuned E5,0.2563532590866089
3,Fine-Tuned E5,0.1247618794441223
3,Fine-Tuned E5,0.3397813737392425
3,Fine-Tuned E5,0.2462636977434158
3,Fine-Tuned E5,0.0877763032913208
3,Fine-Tuned E5,0.2342778742313385
3,Fine-Tuned E5,0.1773063093423843
3,Fine-Tuned E5,0.0187052488327026
3,Fine-Tuned E5,0.3258068710565567
3,Fine-Tuned E5,0.1279314756393432
3,Fine-Tuned E5,0.0812472701072692
3,Fine-Tuned E5,0.3693115189671516
3,Fine-Tuned E5,0.1818788796663284
3,Fine-Tuned E5,0.1386085748672485
3,Fine-Tuned E5,-0.0819859206676483
3,Fine-Tuned E5,0.1645300239324569
3,Fine-Tuned E5,0.1117809116840362
3,Fine-Tuned E5,0.1191180795431137
3,Fine-Tuned E5,0.1099282205104827
3,Fine-Tuned E5,0.3164721592329442
3,Fine-Tuned E5,-0.0003833770751953
3,Fine-Tuned E5,0.0215269029140472
3,Fine-Tuned E5,0.0785565376281738
3,Fine-Tuned E5,0.208760917186737
3,Fine-Tuned E5,0.1005711257457733
3,Fine-Tuned E5,0.099446952342987
3,Fine-Tuned E5,0.0575247108936309
3,Fine-Tuned E5,0.2783747464418411
3,Fine-Tuned E5,0.2209783717989921
3,Fine-Tuned E5,-0.0470634847879409
3,Fine-Tuned E5,-0.0552654713392257
3,Fine-Tuned E5,0.0651666224002838
3,Fine-Tuned E5,0.1287862062454223
3,Fine-Tuned E5,0.0187392830848693
3,Fine-Tuned E5,0.1584565639495849
3,Fine-Tuned E5,0.1303033828735351
3,Fine-Tuned E5,0.3047721087932586
3,Fine-Tuned E5,-0.0407229959964752
3,Fine-Tuned E5,0.2342912554740905
3,Fine-Tuned E5,0.311016634106636
3,Fine-Tuned E5,0.1088894307613372
3,Fine-Tuned E5,0.4074395869392901
3,Fine-Tuned E5,0.1514793634414672
3,Fine-Tuned E5,0.2434521466493606
3,Fine-Tuned E5,0.3101580291986465
3,Fine-Tuned E5,0.2133056372404098
3,Fine-Tuned E5,0.2793103605508804
3,Fine-Tuned E5,0.4730559960007667
3,Fine-Tuned E5,0.3789601922035217
3,Fine-Tuned E5,0.1110311448574066
3,Fine-Tuned E5,0.0917495638132095
3,Fine-Tuned E5,-0.0668027997016906
3,Fine-Tuned E5,0.2921338630840182
3,Fine-Tuned E5,0.3080151900649071
3,Fine-Tuned E5,0.0633283853530883
3,Fine-Tuned E5,-0.0342098474502563
3,Fine-Tuned E5,0.1628393232822418
3,Fine-Tuned E5,-0.0360877513885498
3,Fine-Tuned E5,0.1442490220069885
3,Fine-Tuned E5,0.1950201541185379
3,Fine-Tuned E5,0.0853756964206695
3,Fine-Tuned E5,0.3751399740576744
3,Fine-Tuned E5,0.1687427163124084
3,Fine-Tuned E5,0.3127071177586913
3,Fine-Tuned E5,0.0398975908756256
3,Fine-Tuned E5,-0.0293051302433013
3,Fine-Tuned E5,0.0515779852867126
3,Fine-Tuned E5,0.1563612818717956
3,Fine-Tuned E5,0.4143391400575638
3,Fine-Tuned E5,0.3804597109556198
3,Fine-Tuned E5,0.401048868894577
3,Fine-Tuned E5,0.5443293824791908
3,Fine-Tuned E5,0.305890679359436
3,Fine-Tuned E5,0.3319534584879875
3,Fine-Tuned E5,0.0816715955734252
3,Fine-Tuned E5,0.0203433334827423
3,Fine-Tuned E5,0.1423606276512146
3,Fine-Tuned E5,0.1745119392871856
3,Fine-Tuned E5,0.0991371273994445
3,Fine-Tuned E5,0.0888838768005371
3,Fine-Tuned E5,0.0183325409889221
3,Fine-Tuned E5,0.1754642724990844
3,Fine-Tuned E5,0.0540752708911895
3,Fine-Tuned E5,0.4889537468552589
3,Fine-Tuned E5,0.5669414354488254
3,Fine-Tuned E5,0.0747990310192108
3,Fine-Tuned E5,0.037953644990921
3,Fine-Tuned E5,0.2818543910980224
3,Fine-Tuned E5,0.2769471406936645
3,Fine-Tuned E5,0.3423784375190735
3,Fine-Tuned E5,0.0691945552825927
3,Fine-Tuned E5,0.3897574841976166
3,Fine-Tuned E5,0.5074702799320221
3,Fine-Tuned E5,0.0912481248378753
3,Fine-Tuned E5,0.1108424365520477
3,Fine-Tuned E5,0.5874891523271799
3,Fine-Tuned E5,0.2885548770427704
3,Fine-Tuned E5,0.2732946127653122
3,Fine-Tuned E5,0.3907934874296188
3,Fine-Tuned E5,0.2905855178833008
3,Fine-Tuned E5,0.1804429590702057
3,Fine-Tuned E5,0.1355373859405517
3,Fine-Tuned E5,0.1279258131980896
3,Fine-Tuned E5,0.2427194118499755
3,Fine-Tuned E5,0.2729350328445434
3,Fine-Tuned E5,0.2015904784202575
3,Fine-Tuned E5,0.1626888215541839
3,Fine-Tuned E5,-0.0224211513996124
3,Fine-Tuned E5,0.2201405614614486
3,Fine-Tuned E5,0.2431743144989013
3,Fine-Tuned E5,0.1886340081691742
3,Fine-Tuned E5,0.4570372439920902
3,Fine-Tuned E5,0.2405813932418823
3,Fine-Tuned E5,0.1910050511360168
3,Fine-Tuned E5,-0.2770586013793945
3,Fine-Tuned E5,0.2930259108543396
3,Fine-Tuned E5,0.2619280964136123
3,Fine-Tuned E5,0.1855583488941192
3,Fine-Tuned E5,0.1668662130832672
3,Fine-Tuned E5,0.2025859057903289
3,Fine-Tuned E5,0.2343460470438003
3,Fine-Tuned E5,0.0242516994476318
3,Fine-Tuned E5,0.045958399772644
3,Fine-Tuned E5,-0.2891375571489334
3,Fine-Tuned E5,0.1991081535816192
3,Fine-Tuned E5,0.418748278170824
3,Fine-Tuned E5,0.2008471488952636
3,Fine-Tuned E5,0.255794495344162
3,Fine-Tuned E5,0.0902560055255889
3,Fine-Tuned E5,0.2346498146653175
3,Fine-Tuned E5,0.089984655380249
3,Fine-Tuned E5,0.2160061299800872
3,Fine-Tuned E5,0.5173943564295769
3,Fine-Tuned E5,0.1391601860523224
3,Fine-Tuned E5,0.52555937692523
3,Fine-Tuned E5,0.2382017076015472
3,Fine-Tuned E5,0.0606539249420166
3,Fine-Tuned E5,0.1102526485919952
3,Fine-Tuned E5,0.4644253179430961
3,Fine-Tuned E5,0.474835891276598
3,Fine-Tuned E5,-0.0818260610103607
3,Fine-Tuned E5,-0.0968293249607086
3,Fine-Tuned E5,-0.1454749852418899
3,Fine-Tuned E5,0.0603923648595809
3,Fine-Tuned E5,-0.0361058115959167
3,Fine-Tuned E5,0.3045398294925689
3,Fine-Tuned E5,0.4002486765384674
3,Fine-Tuned E5,0.1067850887775421
3,Fine-Tuned E5,0.2816280126571655
3,Fine-Tuned E5,0.2257167249917984
3,Fine-Tuned E5,0.1894081830978393
3,Fine-Tuned E5,0.2851387858390808
3,Fine-Tuned E5,0.2210388779640197
3,Fine-Tuned E5,0.2330036982893943
3,Fine-Tuned E5,0.2374251186847686
3,Fine-Tuned E5,0.3928441070020199
3,Fine-Tuned E5,0.4822765290737152
3,Fine-Tuned E5,0.3045821189880371
3,Fine-Tuned E5,0.2006214261054992
3,Fine-Tuned E5,0.1021595299243927
3,Fine-Tuned E5,0.3988691791892051
3,Fine-Tuned E5,-0.0049667656421661
3,Fine-Tuned E5,0.2601723372936249
3,Fine-Tuned E5,0.1017836332321167
3,Fine-Tuned E5,0.082128882408142
3,Fine-Tuned E5,0.0974689424037933
3,Fine-Tuned E5,0.2252221256494522
3,Fine-Tuned E5,-0.12464639544487
3,Fine-Tuned E5,0.1704763770103454
3,Fine-Tuned E5,0.2833775244653225
3,Fine-Tuned E5,0.4650665819644928
3,Fine-Tuned E5,0.0890460312366485
3,Fine-Tuned E5,0.0982928574085235
3,Fine-Tuned E5,0.1402862593531608
3,Fine-Tuned E5,0.1139362454414367
3,Fine-Tuned E5,0.2834082990884781
3,Fine-Tuned E5,0.5162745099514723
3,Fine-Tuned E5,0.2285400032997131
3,Fine-Tuned E5,0.2188490033149719
3,Fine-Tuned E5,0.05491903424263
3,Fine-Tuned E5,0.2193006426095962
3,Fine-Tuned E5,-0.0275146961212158
3,Fine-Tuned E5,0.0591329932212829
3,Fine-Tuned E5,-0.0437461137771606
3,Fine-Tuned E5,0.3102696985006332
3,Fine-Tuned E5,0.3415093384683132
3,Fine-Tuned E5,0.3375507891178131
3,Fine-Tuned E5,0.0035459399223327
3,Fine-Tuned E5,0.450404554605484
3,Fine-Tuned E5,0.1062015295028686
3,Fine-Tuned E5,0.0273633599281311
3,Fine-Tuned E5,0.1146043539047241
3,Fine-Tuned E5,0.0168283283710479
3,Fine-Tuned E5,0.3013775236904621
3,Fine-Tuned E5,0.3012769818305969
3,Fine-Tuned E5,0.2172730378806591
3,Fine-Tuned E5,0.2311596684157848
3,Fine-Tuned E5,0.3169488348066807
3,Fine-Tuned E5,0.1650088988244533
3,Fine-Tuned E5,0.0381330698728561
3,Fine-Tuned E5,0.2719379067420959
3,Fine-Tuned E5,-0.0130120515823364
3,Fine-Tuned E5,0.3205656409263611
3,Fine-Tuned E5,0.2843561619520187
3,Fine-Tuned E5,-0.04139244556427
3,Fine-Tuned E5,0.2037732750177383
3,Fine-Tuned E5,0.024970144033432
3,Fine-Tuned E5,-0.0985914021730423
3,Fine-Tuned E5,0.2385390549898147
3,Fine-Tuned E5,0.1147995442152023
3,Fine-Tuned E5,0.1040165573358535
3,Fine-Tuned E5,0.022128015756607
3,Fine-Tuned E5,0.0494876205921173
3,Fine-Tuned E5,0.1505119502544403
3,Fine-Tuned E5,0.1522620618343353
3,Fine-Tuned E5,0.2565958723425865
3,Fine-Tuned E5,0.1623769402503967
3,Fine-Tuned E5,-0.0317310690879821
3,Fine-Tuned E5,0.1160632073879242
3,Fine-Tuned E5,-0.0456946790218353
3,Fine-Tuned E5,0.0277515947818756
3,Fine-Tuned E5,0.0368387103080749
3,Fine-Tuned E5,0.5649068132042885
3,Fine-Tuned E5,0.2144124060869217
3,Fine-Tuned E5,0.4599503725767135
3,Fine-Tuned E5,0.0520078241825103
3,Fine-Tuned E5,0.1234101355075836
3,Fine-Tuned E5,0.1535921096801757
3,Fine-Tuned E5,0.4035007804632187
3,Fine-Tuned E5,0.2792723551392555
3,Fine-Tuned E5,0.4009850770235061
3,Fine-Tuned E5,0.4655504990369081
3,Fine-Tuned E5,0.1884088814258575
3,Fine-Tuned E5,0.0078440308570861
3,Fine-Tuned E5,0.1057026386260986
3,Fine-Tuned E5,0.104422241449356
3,Fine-Tuned E5,0.0038755536079406
3,Fine-Tuned E5,0.0398555099964141
3,Fine-Tuned E5,0.1845783293247223
3,Fine-Tuned E5,0.3962280750274658
3,Fine-Tuned E5,-0.1475663483142852
3,Fine-Tuned E5,-0.1585913002490997
3,Fine-Tuned E5,-0.0095741152763366
3,Fine-Tuned E5,0.1373371034860611
3,Fine-Tuned E5,0.4820212125778198
3,Fine-Tuned E5,0.416312076151371
3,Fine-Tuned E5,0.161902517080307
3,Fine-Tuned E5,0.1585831940174102
3,Fine-Tuned E5,0.3095457330346107
3,Fine-Tuned E5,0.4098936505615711
3,Fine-Tuned E5,-0.0557998120784759
3,Fine-Tuned E5,0.2974941879510879
3,Fine-Tuned E5,0.2541163451969623
3,Fine-Tuned E5,0.0822211802005767
3,Fine-Tuned E5,0.2062534391880035
3,Fine-Tuned E5,0.2213742285966873
3,Fine-Tuned E5,0.0656316876411438
3,Fine-Tuned E5,0.1549185961484909
3,Fine-Tuned E5,-0.079494297504425
3,Fine-Tuned E5,0.0864511132240295
3,Fine-Tuned E5,0.3671750426292419
3,Fine-Tuned E5,0.0127620697021484
3,Fine-Tuned E5,0.0506760776042938
3,Fine-Tuned E5,0.003576636314392
3,Fine-Tuned E5,0.1674241423606872
3,Fine-Tuned E5,0.4483524560928345
3,Fine-Tuned E5,0.0798177123069763
3,Fine-Tuned E5,0.2854869216680527
3,Fine-Tuned E5,-0.085283875465393
3,Fine-Tuned E5,0.1848866678774356
3,Fine-Tuned E5,0.323248341679573
3,Fine-Tuned E5,0.092380404472351
3,Fine-Tuned E5,-0.0997468531131744
3,Fine-Tuned E5,-0.1476713716983795
3,Fine-Tuned E5,0.0703726112842559
3,Fine-Tuned E5,-0.0740025341510772
3,Fine-Tuned E5,0.4675833070650697
3,Fine-Tuned E5,0.0266792625188827
3,Fine-Tuned E5,0.2738667130470276
3,Fine-Tuned E5,0.0848243087530136
3,Fine-Tuned E5,0.3244223743677139
3,Fine-Tuned E5,0.4104305207729339
3,Fine-Tuned E5,0.3552529215812683
3,Fine-Tuned E5,0.2984394431114197
3,Fine-Tuned E5,0.4304674044251442
3,Fine-Tuned E5,-0.0313251316547393
3,Fine-Tuned E5,0.1219944655895233
3,Fine-Tuned E5,0.2538982033729553
3,Fine-Tuned E5,0.3474777191877365
3,Fine-Tuned E5,0.3215919956564903
3,Fine-Tuned E5,0.0658859610557556
3,Fine-Tuned E5,0.4545318633317947
3,Fine-Tuned E5,0.2185961008071899
3,Fine-Tuned E5,0.2046045660972595
3,Fine-Tuned E5,0.1300263404846191
3,Fine-Tuned E5,0.0866075456142425
3,Fine-Tuned E5,0.2374915480613708
3,Fine-Tuned E5,0.3042866736650467
3,Fine-Tuned E5,0.2459146678447723
3,Fine-Tuned E5,0.314262717962265
3,Fine-Tuned E5,0.3279056549072265
3,Fine-Tuned E5,0.2644533067941665
3,Fine-Tuned E5,0.2538935244083404
3,Fine-Tuned E5,0.3713623732328415
3,Fine-Tuned E5,0.5229279100894928
3,Fine-Tuned E5,0.2838044017553329
3,Fine-Tuned E5,0.2148407995700836
3,Fine-Tuned E5,0.0799404084682464
3,Fine-Tuned E5,0.4319216590374708
3,Fine-Tuned E5,0.1940145194530487
3,Fine-Tuned E5,0.1351219713687896
3,Fine-Tuned E5,0.0732038021087646
3,Fine-Tuned E5,0.4516612887382507
3,Fine-Tuned E5,0.32023885846138
3,Fine-Tuned E5,0.291653499007225
3,Fine-Tuned E5,0.0734081864356994
3,Fine-Tuned E5,0.0740328133106231
3,Fine-Tuned E5,0.1254160702228546
3,Fine-Tuned E5,-0.177080400288105
3,Fine-Tuned E5,0.0934662073850631
3,Fine-Tuned E5,0.338773388415575
3,Fine-Tuned E5,0.418795932084322
3,Fine-Tuned E5,-0.2292318195104599
3,Fine-Tuned E5,0.2503674197942018
4,Base E5,0.0110693573951721
4,Base E5,-0.02761971950531
4,Base E5,0.047979712486267
4,Base E5,0.0476192831993103
4,Base E5,0.043349266052246
4,Base E5,-0.0130820274353027
4,Base E5,0.0106742978096008
4,Base E5,0.0174732208251953
4,Base E5,0.0114268064498901
4,Base E5,0.0130088925361633
4,Base E5,0.0270542502403259
4,Base E5,0.0097842216491699
4,Base E5,0.0041849613189697
4,Base E5,0.0240503549575805
4,Base E5,-0.0136705040931701
4,Base E5,0.0164875388145446
4,Base E5,0.0045422911643981
4,Base E5,0.0195655822753906
4,Base E5,-0.0379912257194519
4,Base E5,-0.0156090855598449
4,Base E5,0.0377423763275146
4,Base E5,0.0018616318702697
4,Base E5,-0.0060495138168334
4,Base E5,-0.0256431698799133
4,Base E5,-0.0013626217842102
4,Base E5,-0.0052062273025512
4,Base E5,-0.0649560689926147
4,Base E5,-0.0171059370040893
4,Base E5,-0.0002533197402954
4,Base E5,-0.0013979077339172
4,Base E5,-0.013485312461853
4,Base E5,-0.0184726119041442
4,Base E5,0.0559962391853332
4,Base E5,0.0420703887939453
4,Base E5,-0.0009869933128356
4,Base E5,0.0311250686645507
4,Base E5,0.0524376034736633
4,Base E5,0.0045724511146545
4,Base E5,0.0307505130767822
4,Base E5,-0.0122056007385253
4,Base E5,0.0235447287559509
4,Base E5,0.0135577917098999
4,Base E5,-0.0010911226272583
4,Base E5,0.0233694911003112
4,Base E5,-0.0063163638114929
4,Base E5,-0.0019925832748413
4,Base E5,-0.002359390258789
4,Base E5,0.0120796561241149
4,Base E5,0.0260649919509887
4,Base E5,-0.0026802420616149
4,Base E5,-0.0212365388870239
4,Base E5,0.0346867442131042
4,Base E5,0.0711908340454101
4,Base E5,0.0047464966773986
4,Base E5,-0.0034725666046142
4,Base E5,-0.0079110860824584
4,Base E5,0.0511237978935241
4,Base E5,-0.0110069513320922
4,Base E5,0.0154197812080383
4,Base E5,-0.0332046747207641
4,Base E5,0.0193130373954772
4,Base E5,-0.0285131335258483
4,Base E5,-0.0208572745323181
4,Base E5,0.0053734183311462
4,Base E5,0.0663216710090637
4,Base E5,-0.01010262966156
4,Base E5,-0.0227946639060974
4,Base E5,-0.0171899795532226
4,Base E5,0.0009719729423522
4,Base E5,-0.0004941821098327
4,Base E5,0.0015709996223449
4,Base E5,-0.007290244102478
4,Base E5,0.010062038898468
4,Base E5,0.0139487981796264
4,Base E5,-0.0444691777229309
4,Base E5,-0.0140159726142883
4,Base E5,0.0247418880462646
4,Base E5,0.0290257334709167
4,Base E5,0.0155034661293029
4,Base E5,0.0126119256019592
4,Base E5,-0.0255594849586486
4,Base E5,0.0324020385742187
4,Base E5,-0.0234803557395935
4,Base E5,-0.0005174279212951
4,Base E5,0.0609773397445678
4,Base E5,0.0268510580062866
4,Base E5,0.0373778343200683
4,Base E5,0.0539807081222534
4,Base E5,0.0376456975936889
4,Base E5,0.0086498856544494
4,Base E5,-0.0366683602333068
4,Base E5,0.0101620554924011
4,Base E5,0.0618741512298584
4,Base E5,-0.0162362456321716
4,Base E5,0.0383113026618957
4,Base E5,-0.0072868466377258
4,Base E5,-0.0119628310203552
4,Base E5,-0.0154627561569213
4,Base E5,0.0002050995826721
4,Base E5,0.0115571022033691
4,Base E5,0.0367378592491149
4,Base E5,0.0139568448066711
4,Base E5,-0.0075562000274658
4,Base E5,-0.0175226330757141
4,Base E5,0.0165320038795471
4,Base E5,0.0122982859611511
4,Base E5,0.0225797891616821
4,Base E5,-0.0100175738334655
4,Base E5,0.0417326688766479
4,Base E5,0.0068785548210144
4,Base E5,0.0357943177223205
4,Base E5,0.0053314566612243
4,Base E5,0.0376095175743103
4,Base E5,0.012800395488739
4,Base E5,-0.0362812280654907
4,Base E5,-0.0421935319900512
4,Base E5,-0.0010709762573242
4,Base E5,0.0279670357704162
4,Base E5,0.003887116909027
4,Base E5,0.0225504636764526
4,Base E5,-0.0009000301361083
4,Base E5,-0.025786280632019
4,Base E5,0.0157402753829956
4,Base E5,-0.0345759391784668
4,Base E5,0.0254740715026855
4,Base E5,0.0144175887107849
4,Base E5,0.0241506695747375
4,Base E5,-0.006386399269104
4,Base E5,-0.0034707188606262
4,Base E5,0.0442771911621093
4,Base E5,0.0688945651054382
4,Base E5,0.0407443642616272
4,Base E5,0.0346271395683288
4,Base E5,0.0133981108665466
4,Base E5,0.0049917697906494
4,Base E5,-0.0087277889251708
4,Base E5,0.0181317329406738
4,Base E5,0.0162475109100341
4,Base E5,0.0214161276817321
4,Base E5,0.0196698307991027
4,Base E5,0.0073344111442565
4,Base E5,0.0229974389076232
4,Base E5,0.0255833864212036
4,Base E5,-0.01715749502182
4,Base E5,0.0416191220283508
4,Base E5,0.0163363218307495
4,Base E5,0.0461856126785278
4,Base E5,0.0389034748077392
4,Base E5,0.0364824533462524
4,Base E5,0.0045782327651977
4,Base E5,0.0152853727340698
4,Base E5,0.0106648206710815
4,Base E5,0.0102346539497375
4,Base E5,-0.0076181292533874
4,Base E5,0.0004345774650573
4,Base E5,0.0098102092742919
4,Base E5,0.0046546459197998
4,Base E5,0.010731041431427
4,Base E5,-0.0204854607582092
4,Base E5,-0.0195826292037963
4,Base E5,0.0169914960861206
4,Base E5,0.0099838972091674
4,Base E5,0.0665256977081298
4,Base E5,0.0198196172714233
4,Base E5,0.0471755266189575
4,Base E5,0.017953872680664
4,Base E5,0.0273026823997497
4,Base E5,0.0038946866989135
4,Base E5,-0.0088698267936706
4,Base E5,0.0244580507278442
4,Base E5,0.0106086134910583
4,Base E5,0.0237647891044616
4,Base E5,0.0245880484580993
4,Base E5,0.0008033514022827
4,Base E5,0.0132219791412353
4,Base E5,-0.0049903392791748
4,Base E5,0.0245106220245361
4,Base E5,0.006496250629425
4,Base E5,-0.0161283016204834
4,Base E5,-0.0089803338050842
4,Base E5,-0.0203455686569213
4,Base E5,0.0036466121673583
4,Base E5,-0.0010468959808349
4,Base E5,-0.0003767013549804
4,Base E5,0.0002276897430419
4,Base E5,-0.0313475131988525
4,Base E5,0.0031047463417053
4,Base E5,0.0136128067970275
4,Base E5,-0.0071821212768554
4,Base E5,-0.001430869102478
4,Base E5,0.00742107629776
4,Base E5,0.0032581686973571
4,Base E5,-0.0022794008255004
4,Base E5,0.0023599863052368
4,Base E5,-1.156330108642578e-05
4,Base E5,-0.0027356147766113
4,Base E5,-0.0004302859306335
4,Base E5,0.0309691429138183
4,Base E5,0.0292695760726928
4,Base E5,-0.0165821313858032
4,Base E5,-0.0172709822654724
4,Base E5,0.0154127478599548
4,Base E5,-0.0226685404777526
4,Base E5,0.0287574529647827
4,Base E5,-0.0259892344474792
4,Base E5,0.0795279741287231
4,Base E5,-0.0088530778884887
4,Base E5,0.0691648721694946
4,Base E5,0.0182127356529235
4,Base E5,0.026923656463623
4,Base E5,0.0434553027153015
4,Base E5,0.0254849791526794
4,Base E5,0.0232871174812316
4,Base E5,0.0299578309059143
4,Base E5,0.0014455914497375
4,Base E5,0.0273048281669616
4,Base E5,0.0279422998428344
4,Base E5,-0.0044895410537719
4,Base E5,0.0438876152038574
4,Base E5,0.0377417802810668
4,Base E5,-0.0026238560676574
4,Base E5,0.0182248353958129
4,Base E5,0.034389317035675
4,Base E5,-0.0040202736854553
4,Base E5,0.0427524447441101
4,Base E5,0.0563826560974121
4,Base E5,0.0028328895568847
4,Base E5,0.0255752801895141
4,Base E5,0.0051841139793396
4,Base E5,0.0292038917541503
4,Base E5,0.016028344631195
4,Base E5,-0.0066981315612792
4,Base E5,0.0455363392829895
4,Base E5,0.0224418640136718
4,Base E5,0.0246883034706115
4,Base E5,0.0188862681388854
4,Base E5,0.0403018593788147
4,Base E5,0.0382299423217773
4,Base E5,0.0001715421676635
4,Base E5,0.0352036356925964
4,Base E5,0.0307541489601135
4,Base E5,0.0211581587791442
4,Base E5,0.0079731941223144
4,Base E5,0.0100778937339782
4,Base E5,0.0127875804901123
4,Base E5,-0.0155627131462097
4,Base E5,-0.0029412508010864
4,Base E5,0.0159171223640441
4,Base E5,0.0135966539382934
4,Base E5,0.0189093351364135
4,Base E5,-0.031792938709259
4,Base E5,-0.0138362646102905
4,Base E5,0.0291225910186767
4,Base E5,0.0099761486053466
4,Base E5,-0.012408435344696
4,Base E5,0.0119032859802246
4,Base E5,0.0048586130142211
4,Base E5,0.0216085314750671
4,Base E5,0.0374821424484252
4,Base E5,0.0123192071914672
4,Base E5,0.0102255940437316
4,Base E5,0.0278512239456176
4,Base E5,0.0317416191101074
4,Base E5,-0.0065391659736633
4,Base E5,0.0239288806915283
4,Base E5,0.0247275233268737
4,Base E5,0.0103809833526611
4,Base E5,0.0410214066505432
4,Base E5,0.0241476893424987
4,Base E5,0.0221509337425231
4,Base E5,0.0231102705001831
4,Base E5,0.0273740887641906
4,Base E5,0.0027774572372436
4,Base E5,-0.0020233392715454
4,Base E5,-0.0192874073982238
4,Base E5,-0.0144853591918945
4,Base E5,0.0067181587219238
4,Base E5,0.0004274845123291
4,Base E5,-0.0054751634597778
4,Base E5,-0.0134915709495544
4,Base E5,0.0034487247467041
4,Base E5,-0.0241687893867492
4,Base E5,-0.0051547884941101
4,Base E5,0.0144503712654113
4,Base E5,0.0130388140678405
4,Base E5,0.0087517499923706
4,Base E5,0.0151774287223815
4,Base E5,0.0276707410812377
4,Base E5,-0.0096327066421508
4,Base E5,-0.0184375643730163
4,Base E5,0.0062340497970581
4,Base E5,-0.0113149881362915
4,Base E5,0.0167372226715087
4,Base E5,0.0256727337837219
4,Base E5,0.0317765474319458
4,Base E5,-0.0019686222076416
4,Base E5,0.0332301259040832
4,Base E5,-0.0209734439849853
4,Base E5,-0.0123800039291381
4,Base E5,-0.0193866491317749
4,Base E5,0.0369816422462463
4,Base E5,0.0225081443786621
4,Base E5,0.0308054685592651
4,Base E5,0.006361186504364
4,Base E5,-0.0434292554855346
4,Base E5,-0.0075299143791198
4,Base E5,0.0154274702072143
4,Base E5,0.0152152180671691
4,Base E5,0.0131410360336303
4,Base E5,-0.0069467425346374
4,Base E5,0.0199005603790283
4,Base E5,0.0079878568649292
4,Base E5,0.0389937758445739
4,Base E5,-0.0121209025382995
4,Base E5,0.0460554361343383
4,Base E5,0.0307051539421081
4,Base E5,-0.019654631614685
4,Base E5,0.0454259514808654
4,Base E5,0.0262268781661987
4,Base E5,-0.0256439447402954
4,Base E5,0.0478643774986267
4,Base E5,-0.013992428779602
4,Base E5,0.0482706427574157
4,Base E5,0.0123988986015319
4,Base E5,-0.0277331471443176
4,Base E5,-0.0069067478179931
4,Base E5,0.0456672310829162
4,Base E5,0.0048314332962036
4,Base E5,0.0279526710510253
4,Base E5,0.0199870467185974
4,Base E5,0.0711656212806701
4,Base E5,0.0268200039863586
4,Base E5,-0.0065343976020812
4,Base E5,0.0088564753532409
4,Base E5,-0.0323312282562255
4,Base E5,0.0155380964279174
4,Base E5,0.0488466620445251
4,Base E5,0.0409836173057556
4,Base E5,0.035628318786621
4,Base E5,0.0039926767349243
4,Base E5,0.0508520603179931
4,Base E5,-0.0103819966316223
4,Base E5,0.0608948469161987
4,Base E5,0.0232976078987121
4,Base E5,0.0061126947402954
4,Base E5,0.0364786386489868
4,Base E5,0.0626487731933593
4,Base E5,0.0160014629364013
4,Base E5,-0.0143627524375915
4,Base E5,0.0371373891830444
4,Base E5,0.0250184535980224
4,Base E5,0.0047232508659362
4,Base E5,0.0325194001197814
4,Base E5,0.0483071208000183
4,Base E5,0.0246917605400085
4,Base E5,0.0228086709976196
4,Base E5,0.0204460620880126
4,Base E5,0.0235818028450012
4,Base E5,0.0946900248527526
4,Base E5,-0.0279829502105712
4,Base E5,0.0492977499961853
4,Base E5,0.0397419333457946
4,Base E5,0.0674065947532653
4,Base E5,0.0508521795272827
4,Base E5,0.0046511888504028
4,Base E5,-0.0041547417640686
4,Base E5,0.0058702826499938
4,Base E5,0.0293803811073303
4,Base E5,0.1074426174163818
4,Base E5,0.0462222695350647
4,Base E5,-0.0011074542999267
4,Base E5,0.0353339314460754
4,Base E5,-0.0048990845680236
4,Base E5,-0.0077781677246093
4,Base E5,0.0294733047485351
4,Base E5,-0.0073965191841125
4,Base E5,-0.001521348953247
4,Base E5,0.0119116902351379
4,Base E5,0.002781867980957
4,Base E5,-0.0003387331962585
4,Base E5,0.0136804580688476
4,Base E5,0.0120770335197448
4,Base E5,-0.0030620694160461
4,Base E5,-0.0036986470222473
4,Base E5,-0.0395605564117431
4,Base E5,-0.0135371088981628
4,Base E5,-0.0260485410690307
4,Base E5,-0.0135265588760375
4,Base E5,0.0418212413787841
4,Base E5,0.0402925014495849
4,Base E5,-0.0010076761245727
4,Base E5,0.0260458588600158
4,Base E5,0.0072219967842102
4,Base E5,0.0191138982772827
4,Base E5,0.0194587707519531
4,Base E5,-0.0330772995948791
4,Base E5,0.0111214518547058
4,Base E5,-0.0073285698890686
4,Base E5,0.0143889188766479
4,Base E5,0.0298306345939636
4,Base E5,0.0612550377845764
4,Base E5,0.0331104397773742
4,Base E5,0.007418930530548
4,Base E5,0.0252664685249328
4,Base E5,-0.0052814483642578
4,Base E5,0.0736169815063476
4,Base E5,0.002216637134552
4,Base E5,-0.0286366939544677
4,Base E5,-0.0005321502685546
4,Base E5,0.0141220092773437
4,Base E5,0.0179650783538818
4,Base E5,0.1028738021850586
4,Base E5,0.0060315132141113
4,Base E5,-0.0290479660034179
4,Base E5,-0.0095647573471069
4,Base E5,0.0159127712249755
4,Base E5,0.0018385648727416
4,Base E5,-0.0110371708869934
4,Base E5,0.0155910849571228
4,Base E5,-0.0154147148132324
4,Base E5,0.0067200064659118
4,Base E5,0.0590003728866577
4,Base E5,0.0042845010757446
4,Base E5,0.0040118098258972
4,Base E5,0.0260012149810791
4,Base E5,-0.0043070912361145
4,Base E5,0.004449188709259
4,Base E5,-0.021143615245819
4,Base E5,3.93986701965332e-05
4,Base E5,-0.0158803462982177
4,Base E5,0.0300390720367431
4,Base E5,0.0097765326499938
4,Base E5,0.0128716826438903
4,Base E5,0.0065054297447204
4,Base E5,0.0082741975784301
4,Base E5,0.0055783987045288
4,Base E5,0.024415910243988
4,Base E5,0.0009633898735046
4,Base E5,0.0144487023353576
4,Base E5,0.0150885581970214
4,Base E5,0.0353701710700988
4,Base E5,0.0383264422416687
4,Base E5,0.0225530266761779
4,Base E5,0.0224358439445495
4,Base E5,0.0359066128730773
4,Base E5,0.0284290313720703
4,Base E5,0.0128731131553649
4,Base E5,0.0211732983589172
4,Base E5,0.0266928076744079
4,Base E5,0.0233790278434753
4,Base E5,-0.0518100261688232
4,Base E5,0.0238444209098815
4,Base E5,0.0662125349044799
4,Base E5,0.00119149684906
4,Base E5,0.0596994161605834
4,Base E5,0.0203487873077392
4,Base E5,0.0041159391403198
4,Base E5,0.0051949620246887
4,Base E5,0.0214084982872009
4,Base E5,-0.0091463923454284
4,Base E5,-0.0516355037689209
4,Base E5,-0.0102326273918151
4,Base E5,0.0050162076950073
4,Base E5,-0.0278564095497131
4,Base E5,-0.0486629605293273
4,Base E5,-0.0280689001083374
4,Base E5,0.0076990127563476
4,Base E5,-0.0148154497146606
4,Base E5,0.0091595649719238
4,Base E5,-0.0176118612289428
4,Base E5,0.019278347492218
4,Base E5,0.0049892663955688
4,Base E5,0.0156368017196655
4,Base E5,-0.0196248292922973
4,Base E5,0.0121173858642578
4,Base E5,-0.0063006877899169
4,Base E5,0.0304470658302307
4,Base E5,0.0573391914367675
4,Base E5,0.0584185123443603
4,Base E5,-0.0139873027801513
4,Base E5,0.0180928707122802
4,Base E5,-0.0086494088172912
4,Base E5,-0.0360636711120605
4,Base E5,-0.0332394242286682
4,Base E5,0.0252525806427001
4,Base E5,0.01130211353302
4,Base E5,0.0233176350593566
4,Base E5,0.0130475759506225
4,Base E5,0.0289735198020935
4,Base E5,0.0147199034690856
4,Base E5,0.0301312804222106
4,Base E5,0.0082132220268249
4,Base E5,0.0249814391136169
4,Base E5,0.0324187278747558
4,Base E5,0.0406877398490905
4,Base E5,0.0156821012496948
4,Base E5,0.0269959568977355
4,Base E5,0.0158300399780273
4,Base E5,0.01898854970932
4,Base E5,0.008036732673645
4,Base E5,0.0109896063804626
4,Base E5,0.0055565237998962
4,Base E5,0.0140638947486877
4,Base E5,-0.0124034881591796
4,Base E5,-0.0032803416252136
4,Base E5,0.0156927704811096
4,Base E5,0.0174558758735656
4,Base E5,-0.0192121863365173
4,Base E5,0.0226444602012634
4,Base E5,0.0030238628387451
4,Base E5,0.0252590775489807
4,Base E5,0.0084601044654846
4,Base E5,0.0033446550369262
4,Base E5,-0.0069835782051086
4,Base E5,0.0665409564971923
4,Base E5,-0.0141217112541198
4,Base E5,0.0123472213745117
4,Base E5,0.0167732238769531
4,Base E5,0.0308977365493774
4,Base E5,0.0178181529045104
4,Base E5,-0.0001707673072814
4,Base E5,-0.0457836985588073
4,Base E5,0.0087398290634155
4,Base E5,-0.0466231107711792
4,Base E5,-0.0076913833618164
4,Base E5,-0.0001134872436523
4,Base E5,0.0204215049743652
4,Base E5,-0.0104184746742248
4,Base E5,0.0189836025238037
4,Base E5,-0.0135784149169921
4,Base E5,0.003523051738739
4,Base E5,-0.0055073499679565
4,Base E5,-0.0079935789108276
4,Base E5,0.0313030481338501
4,Base E5,0.0100057721138
4,Base E5,0.00712651014328
4,Base E5,0.0429536700248718
4,Base E5,0.0213778018951416
4,Base E5,0.000118613243103
4,Base E5,-0.0050064325332641
4,Base E5,0.1060020923614502
4,Base E5,0.0729292035102844
4,Base E5,0.0148881673812866
4,Base E5,0.055946946144104
4,Base E5,-0.0026773214340209
4,Base E5,-0.0303132534027099
4,Base E5,0.0230323076248168
4,Base E5,-0.0027604699134826
4,Base E5,0.0151556134223937
4,Base E5,-0.0044355392456054
4,Base E5,-0.0082646608352661
4,Base E5,0.020262062549591
4,Base E5,-0.0075082778930664
4,Base E5,0.0125544667243957
4,Base E5,0.0358964204788208
4,Base E5,0.0076776146888732
4,Base E5,0.0395680665969848
4,Base E5,0.0131373405456542
4,Base E5,0.0277788639068603
4,Base E5,-0.0103866457939147
4,Base E5,0.0440900921821594
4,Base E5,0.0113304853439331
4,Base E5,0.0138529539108276
4,Base E5,0.022742748260498
4,Base E5,0.0605061650276184
4,Base E5,0.0288481712341308
4,Base E5,0.0679743885993957
4,Base E5,0.051767885684967
4,Base E5,0.0302257537841796
4,Base E5,0.0279740691184997
4,Base E5,-0.0101301074028015
4,Base E5,0.0124796032905578
4,Base E5,-0.0117617845535278
4,Base E5,0.0065873265266418
4,Base E5,-0.003425657749176
4,Base E5,-0.0064548254013061
4,Base E5,0.0520781874656677
4,Base E5,0.0068537592887878
4,Base E5,0.0045841336250305
4,Base E5,0.0252376794815063
4,Base E5,0.0027374029159545
4,Base E5,0.005223274230957
4,Base E5,0.0218520760536193
4,Base E5,0.0339297652244567
4,Base E5,0.0154227614402771
4,Base E5,0.004298985004425
4,Base E5,0.0246492624282836
4,Base E5,-0.0073031187057495
4,Base E5,-0.0051285028457641
4,Base E5,-0.0061937570571899
4,Base E5,-0.0122776627540588
4,Base E5,-0.01057630777359
4,Base E5,0.0272006392478942
4,Base E5,0.0226957201957702
4,Base E5,-0.020414113998413
4,Base E5,0.0295389890670776
4,Base E5,0.0250357389450073
4,Base E5,0.0147156119346618
4,Base E5,0.0372548103332519
4,Base E5,0.0347978472709655
4,Base E5,0.0195222496986389
4,Base E5,0.0035598874092102
4,Base E5,0.0217820405960083
4,Base E5,0.0130600333213806
4,Base E5,0.0392806529998779
4,Base E5,0.0376359224319458
4,Base E5,0.005262553691864
4,Base E5,0.0229805707931518
4,Base E5,0.033324122428894
4,Base E5,0.0172314047813415
4,Base E5,0.0128304362297058
4,Base E5,0.0020197033882141
4,Base E5,0.0293494462966918
4,Base E5,0.0224822759628295
4,Base E5,0.0070412755012512
4,Base E5,0.0112868547439575
4,Base E5,0.0458999276161193
4,Base E5,0.0286323428153991
4,Base E5,0.0355709195137023
4,Base E5,0.0318797826766967
4,Base E5,0.0275495052337646
4,Base E5,-0.0220881104469299
4,Base E5,0.0719403624534607
4,Base E5,-0.0295419096946716
4,Base E5,0.0008938312530517
4,Base E5,-0.0553985834121704
4,Base E5,-0.0182604193687438
4,Base E5,0.0253171920776367
4,Base E5,0.0246801376342773
4,Base E5,0.0289556980133056
4,Base E5,0.0177111029624938
4,Base E5,0.0029060840606689
4,Base E5,0.055257499217987
4,Base E5,0.0299121737480163
4,Base E5,-0.0094155073165893
4,Base E5,-0.0040326714515686
4,Base E5,0.0214976072311401
4,Base E5,0.0169516801834106
4,Base E5,0.0122219324111938
4,Base E5,0.0356705784797668
4,Base E5,0.0300605297088623
4,Base E5,0.0183365941047668
4,Base E5,0.028059959411621
4,Base E5,0.0059923529624938
4,Base E5,0.0101044178009033
4,Base E5,0.0122962594032287
4,Base E5,0.0488712191581726
4,Base E5,0.0049954056739807
4,Base E5,0.0347089171409606
4,Base E5,0.0340789556503295
4,Base E5,0.0290985107421875
4,Base E5,0.0253991484642028
4,Base E5,0.0297432541847229
4,Base E5,0.0219843387603759
4,Base E5,0.0467576384544372
4,Base E5,0.0177373886108398
4,Base E5,0.0104962587356567
4,Base E5,-0.0123891234397888
4,Base E5,-0.0024759769439697
4,Base E5,-0.016834557056427
4,Base E5,0.019341766834259
4,Base E5,-0.0002751946449279
4,Base E5,0.020688772201538
4,Base E5,-0.0071135759353637
4,Base E5,0.0165738463401794
4,Base E5,0.0295657515525817
4,Base E5,0.0139934420585632
4,Base E5,0.0187917351722717
4,Base E5,0.0075164437294006
4,Base E5,0.0075922012329101
4,Base E5,-0.0051007270812988
4,Base E5,0.0081604123115539
4,Base E5,0.0448091030120849
4,Base E5,-0.0053315162658691
4,Base E5,0.0266107320785522
4,Base E5,0.0206389427185058
4,Base E5,0.0339923501014709
4,Base E5,-0.0116352438926696
4,Base E5,0.0196595191955566
4,Base E5,-0.0139727592468261
4,Base E5,-0.0042434930801391
4,Base E5,-0.0151140689849853
4,Base E5,-0.0036141276359558
4,Base E5,-0.0154755115509033
4,Base E5,-0.0214079618453979
4,Base E5,0.0102189779281616
4,Base E5,0.0050623416900634
4,Base E5,0.001061737537384
4,Base E5,0.0129324793815612
4,Base E5,-0.0198667645454406
4,Base E5,-0.0232906937599182
4,Base E5,-0.0091475248336792
4,Base E5,0.0198800563812255
4,Base E5,-0.002574861049652
4,Base E5,-0.0220906138420104
4,Base E5,-0.0039119124412536
4,Base E5,0.0091796517372131
4,Base E5,-0.0002716183662414
4,Base E5,0.0145883560180664
4,Base E5,-0.0056153535842895
4,Base E5,-0.0003854036331176
4,Base E5,0.0842134356498718
4,Base E5,0.0173611044883728
4,Base E5,-0.0139092803001403
4,Base E5,0.037767469882965
4,Base E5,0.0262096524238586
4,Base E5,0.0408704280853271
4,Base E5,0.0258106589317321
4,Base E5,0.007525622844696
4,Base E5,0.0277846455574035
4,Base E5,-0.0059307813644409
4,Base E5,0.0400747656822204
4,Base E5,0.0129721164703369
4,Base E5,0.0304449796676635
4,Base E5,0.0442737340927124
4,Base E5,0.0109466910362243
4,Base E5,0.0463362336158752
4,Base E5,0.0423212051391601
4,Base E5,0.0421129465103149
4,Base E5,0.0505720376968383
4,Base E5,0.0234322547912597
4,Base E5,0.0226921439170837
4,Base E5,0.0199273824691772
4,Base E5,0.0543967485427856
4,Base E5,0.0062562227249145
4,Base E5,-0.0216556787490844
4,Base E5,-0.0123640298843383
4,Base E5,0.0024237036705017
4,Base E5,-0.0204555988311767
4,Base E5,0.0194296240806579
4,Base E5,0.0147008299827575
4,Base E5,0.0196015238761901
4,Base E5,0.0083557963371276
4,Base E5,-0.0176063776016235
4,Base E5,-0.0032917857170104
4,Base E5,0.0135533809661865
4,Base E5,-0.000637948513031
4,Base E5,0.0017916560173034
4,Base E5,0.0105796456336975
4,Base E5,0.0023211240768432
4,Base E5,-0.0144116282463073
4,Base E5,0.0079954266548156
4,Base E5,-0.0229964852333068
4,Base E5,-0.0060712099075317
4,Base E5,0.0155726671218872
4,Base E5,-0.0298388004302978
4,Base E5,0.0388241410255432
4,Base E5,-0.0018028020858764
4,Base E5,0.0326665639877319
4,Base E5,0.0242220759391784
4,Base E5,0.0433524847030639
4,Base E5,0.0555459260940551
4,Base E5,0.0101897120475769
4,Base E5,0.0403735041618347
4,Base E5,0.0640642642974853
4,Base E5,0.0406984686851501
4,Base E5,-0.0085102915763854
4,Base E5,0.0086498260498046
4,Base E5,-0.0016866326332092
4,Base E5,-0.0207071900367736
4,Base E5,0.0220540761947631
4,Base E5,0.0557880997657775
4,Base E5,0.0351809859275817
4,Base E5,0.0323576927185058
4,Base E5,0.0597867965698242
4,Base E5,0.048536479473114
4,Base E5,0.0467051267623901
4,Base E5,0.0395018458366394
4,Base E5,-0.0115611553192138
4,Base E5,-0.0213276743888854
4,Base E5,0.0478679537773132
4,Base E5,0.0100817680358886
4,Base E5,0.0217929482460021
4,Base E5,0.0146294236183166
4,Base E5,0.0932868719100952
4,Base E5,0.0217476487159729
4,Base E5,-0.0010270476341247
4,Base E5,-0.0166267752647399
4,Base E5,0.079272985458374
4,Base E5,-0.0070741176605224
4,Base E5,0.0095683932304382
4,Base E5,0.0399705171585083
4,Base E5,0.0251460671424865
4,Base E5,0.0256049633026123
4,Base E5,0.0079249739646911
4,Base E5,-0.0138956904411315
4,Base E5,0.0641552805900573
4,Base E5,-0.0102977752685546
4,Base E5,-0.0249920487403869
4,Base E5,-0.0218768119812011
4,Base E5,0.0194153189659118
4,Base E5,-0.0036203861236572
4,Base E5,-0.0339909791946411
4,Base E5,-0.0180040001869201
4,Base E5,0.0179093480110168
4,Base E5,-0.0164889097213745
4,Base E5,-0.0412430763244628
4,Base E5,0.0174142718315124
4,Base E5,-0.0073963999748229
4,Base E5,-0.0092430114746093
4,Base E5,0.0243544578552246
4,Base E5,-0.0605398416519165
4,Base E5,0.0215318202972412
4,Base E5,-0.0446509718894958
4,Base E5,0.0709106922149658
4,Base E5,0.0035701394081115
4,Base E5,0.0619805455207824
4,Base E5,0.0619801878929138
4,Base E5,0.0770830512046814
4,Base E5,0.0011264085769653
4,Base E5,0.0218163728713989
4,Base E5,0.0317910909652709
4,Base E5,0.107505977153778
4,Base E5,0.0804879069328308
4,Base E5,0.0260776877403259
4,Base E5,0.0868023037910461
4,Base E5,0.0201008915901184
4,Base E5,0.0296366810798645
4,Base E5,0.0133822560310363
4,Base E5,0.071993350982666
4,Base E5,0.0045422911643981
4,Base E5,0.0151641964912414
4,Base E5,-0.0455395579338073
4,Base E5,0.0169697403907775
4,Base E5,0.0593562722206115
4,Base E5,0.0123683810234069
4,Base E5,0.0380307435989379
4,Base E5,0.0073313117027282
4,Base E5,0.0027433037757873
4,Base E5,0.0384598970413208
4,Base E5,-0.1068423986434936
4,Base E5,-0.0363131165504455
4,Base E5,0.0284882187843322
4,Base E5,0.0311679244041442
4,Base E5,-0.0054964423179626
4,Base E5,-0.0159556865692138
4,Base E5,0.0892032384872436
4,Base E5,0.0812187790870666
4,Base E5,-0.0102972388267517
4,Base E5,0.0705777406692504
4,Base E5,0.0607313513755798
4,Base E5,0.0233880281448364
4,Base E5,0.0619359612464904
4,Base E5,0.0178793668746948
4,Base E5,0.0573267340660095
4,Base E5,0.037688136100769
4,Base E5,-0.0145846009254455
4,Base E5,0.0679371953010559
4,Base E5,0.0010170936584472
4,Base E5,0.0259811878204345
4,Base E5,0.016950786113739
4,Base E5,0.0720307230949401
4,Base E5,0.0330957174301147
4,Base E5,0.0124865174293518
4,Base E5,-0.0086727738380432
4,Base E5,0.0147876143455505
4,Base E5,0.0613442063331604
4,Base E5,0.0259327292442321
4,Base E5,-0.0055135488510131
4,Base E5,0.0234968066215515
4,Base E5,0.067614734172821
4,Base E5,0.0208102464675903
4,Base E5,0.0225149393081665
4,Base E5,-0.0096258521080017
4,Base E5,0.0611945986747741
4,Base E5,0.0063018202781677
4,Base E5,0.009683609008789
4,Base E5,0.0083552002906799
4,Base E5,0.0887776017189025
4,Base E5,0.0167887210845947
4,Base E5,-0.0063690543174743
4,Base E5,-0.0069959163665771
4,Base E5,-0.0107107758522033
4,Base E5,-0.018955647945404
4,Base E5,-0.0034221410751342
4,Base E5,0.0132613182067871
4,Base E5,0.0241779685020446
4,Base E5,0.0146512985229492
4,Base E5,-0.0046750903129577
4,Base E5,-0.0131218433380126
4,Base E5,0.0609974861145019
4,Base E5,0.0658146739006042
4,Base E5,0.0617254376411438
4,Base E5,0.0590659379959106
4,Base E5,-0.0153962969779968
4,Base E5,0.0544396042823791
4,Base E5,-0.0136420130729675
4,Base E5,0.0190427303314209
4,Base E5,0.1100824475288391
4,Base E5,0.0714030861854553
4,Base E5,0.0198274254798889
4,Base E5,0.1159324049949646
4,Base E5,0.1073503494262695
4,Base E5,0.0589215755462646
4,Base E5,-0.0145155787467956
4,Base E5,0.0460844635963439
4,Base E5,0.0714507699012756
4,Base E5,0.0030586123466491
4,Base E5,0.0981303453445434
4,Base E5,0.0224630832672119
4,Base E5,0.0168112516403198
4,Base E5,0.0130989551544189
4,Base E5,0.0126383304595947
4,Base E5,-0.0036000609397888
4,Base E5,0.0463672280311584
4,Base E5,0.0632190704345703
4,Base E5,0.0430683493614196
4,Base E5,0.0380262732505798
4,Base E5,0.0614831447601318
4,Base E5,0.013780653476715
4,Base E5,0.0459315776824951
4,Base E5,0.0495034456253051
4,Base E5,-0.0080618858337402
4,Base E5,0.0255663394927978
4,Base E5,0.0770195126533508
4,Base E5,0.0165839791297912
4,Base E5,0.0311127305030822
4,Base E5,0.0165783166885375
4,Base E5,-0.0362812280654907
4,Base E5,0.0117425918579101
4,Base E5,0.0436834692955017
4,Base E5,0.0270452499389648
4,Base E5,0.033451497554779
4,Base E5,0.0421105623245239
4,Base E5,0.0269242525100708
4,Base E5,0.0542649030685424
4,Base E5,0.0350429415702819
4,Base E5,-0.0062805414199829
4,Base E5,0.0529830455780029
4,Base E5,0.0450618863105773
4,Base E5,0.080064058303833
4,Base E5,0.0082035660743713
4,Base E5,0.0020099282264709
4,Base E5,0.0479870438575744
4,Base E5,0.1190941929817199
4,Base E5,0.0668497085571289
4,Base E5,0.0588932037353515
4,Base E5,0.0074967741966247
4,Base E5,0.021491527557373
4,Base E5,0.0739209055900573
4,Base E5,0.0330538749694824
4,Base E5,0.0360220074653625
4,Base E5,0.0506322979927063
4,Base E5,0.0298844575881958
4,Base E5,0.012235939502716
4,Base E5,0.0185639858245849
4,Base E5,0.0258710384368896
4,Base E5,-0.0061064362525939
4,Base E5,0.0748262405395507
4,Base E5,0.0163363218307495
4,Base E5,0.0609889030456543
4,Base E5,0.0678552985191345
4,Base E5,0.0383093357086181
4,Base E5,0.0154973864555358
4,Base E5,0.0091287493705749
4,Base E5,0.0114509463310241
4,Base E5,0.0530896782875061
4,Base E5,0.0112506747245788
4,Base E5,0.0363908410072326
4,Base E5,0.0348629355430603
4,Base E5,0.0331266522407531
4,Base E5,-0.0005382895469665
4,Base E5,0.0061402320861816
4,Base E5,-0.0222392082214355
4,Base E5,0.0791289806365966
4,Base E5,0.0525723099708557
4,Base E5,0.084739089012146
4,Base E5,0.0392748713493347
4,Base E5,0.0261205434799194
4,Base E5,-0.0030348896980285
4,Base E5,0.0273026823997497
4,Base E5,0.062537670135498
4,Base E5,0.0374916791915893
4,Base E5,0.123758316040039
4,Base E5,0.005492091178894
4,Base E5,0.0436318516731262
4,Base E5,0.0182663202285766
4,Base E5,0.0180768966674804
4,Base E5,0.0385419726371765
4,Base E5,0.0270255208015441
4,Base E5,0.0347082614898681
4,Base E5,0.0372366309165954
4,Base E5,0.0064808726310729
4,Base E5,0.0229839086532592
4,Base E5,-0.0339292883872985
4,Base E5,0.0076202750205993
4,Base E5,0.0305907726287841
4,Base E5,0.0635006427764892
4,Base E5,0.0273581147193908
4,Base E5,-0.0070898532867431
4,Base E5,0.009028673171997
4,Base E5,0.0661580562591552
4,Base E5,0.0484145283699035
4,Base E5,0.0491139888763427
4,Base E5,0.00742107629776
4,Base E5,-0.0006411075592041
4,Base E5,0.0085482001304626
4,Base E5,-0.0035149455070495
4,Base E5,0.0070647597312927
4,Base E5,-0.0005136132240295
4,Base E5,0.1155633926391601
4,Base E5,0.0071827173233032
4,Base E5,0.0234501957893371
4,Base E5,0.0120147466659545
4,Base E5,0.0465410947799682
4,Base E5,0.0223044157028198
4,Base E5,-0.0430631041526794
4,Base E5,0.004568338394165
4,Base E5,0.0101740360260009
4,Base E5,0.0840067863464355
4,Base E5,0.0087630748748779
4,Base E5,0.0630041360855102
4,Base E5,0.0586293339729309
4,Base E5,-0.0069018602371215
4,Base E5,-0.0061814188957214
4,Base E5,0.0469259619712829
4,Base E5,0.0128036737442016
4,Base E5,0.0477960705757141
4,Base E5,9.328126907348631e-05
4,Base E5,0.0293247699737548
4,Base E5,0.0382222533226013
4,Base E5,0.0003533959388732
4,Base E5,-0.0004869699478149
4,Base E5,0.0428618788719177
4,Base E5,-0.0386879444122314
4,Base E5,0.0354232788085937
4,Base E5,0.0174834132194519
4,Base E5,0.0264750719070434
4,Base E5,0.0770657062530517
4,Base E5,0.0849149227142334
4,Base E5,-0.0030739307403564
4,Base E5,0.0636109709739685
4,Base E5,0.0421646237373352
4,Base E5,0.0292038917541503
4,Base E5,0.0425094962120056
4,Base E5,0.0561887621879577
4,Base E5,0.1000747084617614
4,Base E5,0.046811819076538
4,Base E5,0.0679429769515991
4,Base E5,0.0526946783065795
4,Base E5,0.0574207305908203
4,Base E5,0.057106077671051
4,Base E5,-0.0239155888557434
4,Base E5,0.091653823852539
4,Base E5,0.068989098072052
4,Base E5,0.0017259716987609
4,Base E5,0.0345285534858703
4,Base E5,0.0797305107116699
4,Base E5,0.0127875804901123
4,Base E5,0.0199174284934997
4,Base E5,-0.0041373968124389
4,Base E5,0.0159141421318054
4,Base E5,0.0353100299835205
4,Base E5,0.0141353011131286
4,Base E5,-0.04930180311203
4,Base E5,0.014306366443634
4,Base E5,0.0017778873443603
4,Base E5,0.0119031071662902
4,Base E5,0.0017252564430236
4,Base E5,0.0574181675910949
4,Base E5,0.0048586130142211
4,Base E5,0.0541636943817138
4,Base E5,0.050148069858551
4,Base E5,-0.0086028575897216
4,Base E5,0.0136381983757019
4,Base E5,0.0616447329521179
4,Base E5,-0.0193417072296142
4,Base E5,-0.0065391659736633
4,Base E5,0.0567530989646911
4,Base E5,0.0264940857887268
4,Base E5,0.0545518398284912
4,Base E5,0.0675441026687622
4,Base E5,0.0549810528755188
4,Base E5,0.0383192300796508
4,Base E5,0.0196379423141479
4,Base E5,0.0247724652290344
4,Base E5,0.0678029656410217
4,Base E5,0.008242905139923
4,Base E5,-0.0263145565986633
4,Base E5,0.0546892881393432
4,Base E5,-0.0144338011741638
4,Base E5,0.0390783548355102
4,Base E5,0.0512080192565918
4,Base E5,0.0336341857910156
4,Base E5,0.0474047660827636
4,Base E5,-0.003537893295288
4,Base E5,0.0378109216690063
4,Base E5,0.0678155422210693
4,Base E5,0.0457977652549743
4,Base E5,0.0193514227867126
4,Base E5,0.007643699645996
4,Base E5,0.0616936683654785
4,Base E5,-0.0150765776634216
4,Base E5,0.0191869735717773
4,Base E5,0.0246986746788024
4,Base E5,0.0034829378128051
4,Base E5,0.04042649269104
4,Base E5,0.0247303843498229
4,Base E5,0.0792755484580993
4,Base E5,-0.0097157359123229
4,Base E5,0.0578147768974304
4,Base E5,0.0214884281158447
4,Base E5,0.01656174659729
4,Base E5,0.0065070986747741
4,Base E5,0.0828357338905334
4,Base E5,0.0573325753211975
4,Base E5,0.0361223220825195
4,Base E5,0.0191337466239929
4,Base E5,0.0353464484214782
4,Base E5,0.0276405215263366
4,Base E5,0.0021963715553283
4,Base E5,0.0624510049819946
4,Base E5,0.0347310304641723
4,Base E5,0.0152471661567687
4,Base E5,0.0677548646926879
4,Base E5,0.0136690735816955
4,Base E5,0.0444738268852233
4,Base E5,0.0090869069099426
4,Base E5,0.0334424972534179
4,Base E5,0.0397408604621887
4,Base E5,-0.0325055718421936
4,Base E5,0.0945884585380554
4,Base E5,0.0387873649597168
4,Base E5,-0.0030423402786254
4,Base E5,0.0547220110893249
4,Base E5,0.0170919895172119
4,Base E5,0.0799753665924072
4,Base E5,0.0442575216293334
4,Base E5,-0.0363439917564392
4,Base E5,0.0057178735733032
4,Base E5,0.042967140674591
4,Base E5,0.0438090562820434
4,Base E5,0.0206806063652038
4,Base E5,0.0207731127738952
4,Base E5,0.0598970651626586
4,Base E5,0.0568880438804626
4,Base E5,0.0212753415107727
4,Base E5,0.0544698238372802
4,Base E5,-0.0021702051162719
4,Base E5,0.0158470273017883
4,Base E5,0.0488466620445251
4,Base E5,0.0643171072006225
4,Base E5,0.0425400733947753
4,Base E5,0.0199273824691772
4,Base E5,0.0184389352798461
4,Base E5,0.0107422471046447
4,Base E5,0.0612086057662963
4,Base E5,0.0615467429161071
4,Base E5,0.0420921444892883
4,Base E5,0.0369244813919067
4,Base E5,0.1049785614013671
4,Base E5,0.0200335383415222
4,Base E5,0.0195843577384948
4,Base E5,0.0588532090187072
4,Base E5,-0.0102442502975463
4,Base E5,0.042697787284851
4,Base E5,0.057736337184906
4,Base E5,0.0624992251396179
4,Base E5,0.00757497549057
4,Base E5,0.0751126408576965
4,Base E5,0.0693067908287048
4,Base E5,0.03049898147583
4,Base E5,0.1089347600936889
4,Base E5,0.0065268874168396
4,Base E5,0.0726006031036377
4,Base E5,0.0595986247062683
4,Base E5,0.0730727910995483
4,Base E5,0.0733147859573364
4,Base E5,0.0460569858551025
4,Base E5,0.0423912405967712
4,Base E5,0.0558162927627563
4,Base E5,0.0528391003608703
4,Base E5,0.1033965945243835
4,Base E5,0.0585964918136596
4,Base E5,0.0114392042160034
4,Base E5,0.0277243852615356
4,Base E5,0.0323888063430786
4,Base E5,-0.0264383554458618
4,Base E5,0.0140137076377868
4,Base E5,0.0343503355979919
4,Base E5,0.0433842539787292
4,Base E5,0.0671944618225097
4,Base E5,-0.0117610692977905
4,Base E5,0.0399562716484069
4,Base E5,0.024766981601715
4,Base E5,0.0694445371627807
4,Base E5,0.0014198422431945
4,Base E5,0.0187487602233886
4,Base E5,-0.0333315730094909
4,Base E5,-0.0109404325485229
4,Base E5,-0.0227331519126892
4,Base E5,0.0135567784309387
4,Base E5,0.0910259485244751
4,Base E5,0.0476661324501037
4,Base E5,0.0234302282333374
4,Base E5,0.0309056639671325
4,Base E5,0.0418656468391418
4,Base E5,0.0499613881111145
4,Base E5,0.07778000831604
4,Base E5,-0.035142183303833
4,Base E5,0.0764312148094177
4,Base E5,-0.0005645751953125
4,Base E5,0.0382224917411804
4,Base E5,0.0787919163703918
4,Base E5,0.1151626110076904
4,Base E5,0.1166008710861206
4,Base E5,0.0084288716316223
4,Base E5,0.0637637972831726
4,Base E5,0.0417328476905822
4,Base E5,0.1255591511726379
4,Base E5,-0.0379115343093872
4,Base E5,-0.0022328495979309
4,Base E5,0.053508460521698
4,Base E5,0.0388133525848388
4,Base E5,-0.0245293378829956
4,Base E5,0.1252589225769043
4,Base E5,-0.008287489414215
4,Base E5,-0.0160074234008789
4,Base E5,0.0462310910224914
4,Base E5,0.0400443077087402
4,Base E5,0.0281695127487182
4,Base E5,-0.0072319507598876
4,Base E5,0.0058929920196533
4,Base E5,0.0182012915611267
4,Base E5,0.0240859985351562
4,Base E5,0.0261039137840271
4,Base E5,-0.0116431713104248
4,Base E5,0.0349412560462951
4,Base E5,0.0588091611862182
4,Base E5,0.0220975279808044
4,Base E5,0.0437917709350585
4,Base E5,0.0319543480873107
4,Base E5,0.0525324940681457
4,Base E5,0.0082872509956359
4,Base E5,0.0678249597549438
4,Base E5,0.0266107320785522
4,Base E5,0.0532193779945373
4,Base E5,0.0256229043006896
4,Base E5,0.0333505868911743
4,Base E5,0.0747011303901672
4,Base E5,0.0454728603363037
4,Base E5,0.0707303285598754
4,Base E5,0.0570700764656066
4,Base E5,0.0281665325164794
4,Base E5,0.0673868060111999
4,Base E5,0.0431818962097168
4,Base E5,0.0541865825653076
4,Base E5,0.0681169033050537
4,Base E5,0.0207488536834716
4,Base E5,0.0497733354568481
4,Base E5,0.0068734884262084
4,Base E5,0.0225235819816589
4,Base E5,0.0631428360939025
4,Base E5,0.0466353893280029
4,Base E5,-0.0047429203987121
4,Base E5,0.0538713932037353
4,Base E5,0.0909841060638427
4,Base E5,0.084813117980957
4,Base E5,0.0447598695755004
4,Base E5,0.0724070072174072
4,Base E5,0.0233665108680725
4,Base E5,0.0211109519004821
4,Base E5,0.0291310548782348
4,Base E5,-0.0070217251777648
4,Base E5,-0.0129485726356506
4,Base E5,0.0078382492065429
4,Base E5,0.009235680103302
4,Base E5,0.0182504057884216
4,Base E5,0.0343394875526428
4,Base E5,0.0213313102722167
4,Base E5,0.0379375219345092
4,Base E5,0.0371206998825073
4,Base E5,0.0486073493957519
4,Base E5,0.0166698694229125
4,Base E5,0.0022192597389221
4,Base E5,0.0628131628036499
4,Base E5,0.0572313070297241
4,Base E5,-0.0039011240005493
4,Base E5,0.0508671402931213
4,Base E5,0.0319010019302368
4,Base E5,0.0222902297973632
4,Base E5,0.0493327379226684
4,Base E5,0.0795433521270752
4,Base E5,0.0034377574920654
4,Base E5,0.0292508006095886
4,Base E5,-0.0177177786827087
4,Base E5,-0.0561896562576293
4,Base E5,-0.014496624469757
4,Base E5,0.0058512687683105
4,Base E5,0.0143093466758728
4,Base E5,0.0497369170188903
4,Base E5,0.0553032755851745
4,Base E5,0.0388324260711669
4,Base E5,0.0442004203796386
4,Base E5,0.0928921103477478
4,Base E5,0.0490952730178833
4,Base E5,0.0693358778953552
4,Base E5,0.0174562931060791
4,Base E5,0.0435152649879455
4,Base E5,0.0465304851531982
4,Base E5,0.0124394297599792
4,Base E5,0.0378703474998474
4,Base E5,0.0457085967063903
4,Base E5,0.0706574916839599
4,Base E5,0.0789104700088501
4,Base E5,0.0336678028106689
4,Base E5,0.0612546801567077
4,Base E5,-0.0082704424858093
4,Base E5,0.0350130796432495
4,Base E5,0.0105990171432495
4,Base E5,0.019125759601593
4,Base E5,-0.0089634656906127
4,Base E5,0.0870419144630432
4,Base E5,0.0296434164047241
4,Base E5,0.0278604626655578
4,Base E5,0.0647305250167846
4,Base E5,0.0604711771011352
4,Base E5,-0.0061998963356018
4,Base E5,0.0881686806678772
4,Base E5,-0.0138875842094421
4,Base E5,0.0278823375701904
4,Base E5,0.0620791316032409
4,Base E5,0.0609922409057617
4,Base E5,0.076678454875946
4,Base E5,0.0189855098724365
4,Base E5,-0.0179589986801147
4,Base E5,0.053924560546875
4,Base E5,-0.0226076245307922
4,Base E5,0.0094895958900451
4,Base E5,1.4603137969970705e-05
4,Base E5,0.0329593420028686
4,Base E5,0.0103152394294738
4,Base E5,0.0409889817237854
4,Base E5,0.0345557928085327
4,Base E5,0.0582253336906433
4,Base E5,0.0354534983634948
4,Base E5,0.0525036454200744
4,Base E5,0.0654504299163818
4,Base E5,0.0335246920585632
4,Base E5,0.0280472040176391
4,Base E5,0.0951952338218689
4,Base E5,0.0614118576049804
4,Base E5,0.0156050324440002
4,Base E5,0.0506352186203002
4,Base E5,0.1144026517868042
4,Base E5,0.087260365486145
4,Base E5,0.001233696937561
4,Base E5,0.0845051407814025
4,Base E5,0.0022442936897277
4,Base E5,0.0397495031356811
4,Base E5,0.0374430418014526
4,Base E5,0.0397520065307617
4,Base E5,0.057407796382904
4,Base E5,0.0445315837860107
4,Base E5,-1.710653305053711e-05
4,Base E5,0.0196143388748168
4,Base E5,-0.0238432884216308
4,Base E5,-0.007710576057434
4,Base E5,0.0118340849876403
4,Base E5,0.0396929383277893
4,Base E5,0.0688751339912414
4,Base E5,0.0428243279457092
4,Base E5,0.0618248581886291
4,Base E5,-0.0272378325462341
4,Base E5,0.0705869197845459
4,Base E5,0.0607281923294067
4,Base E5,0.0056667327880859
4,Base E5,0.0681231617927551
4,Base E5,0.1167970299720764
4,Base E5,0.0814644694328308
4,Base E5,0.10237717628479
4,Base E5,0.0568663477897644
4,Base E5,0.0701626539230346
4,Base E5,0.0383580923080444
4,Base E5,-0.0124614238739013
4,Base E5,0.1307843923568725
4,Base E5,-0.0131642222404479
4,Base E5,0.0284239053726196
4,Base E5,-0.0064130425453186
4,Base E5,-0.0062196254730224
4,Base E5,0.0604683756828308
4,Base E5,0.0801656246185302
4,Base E5,0.039658784866333
4,Base E5,0.0262606739997863
4,Base E5,0.0140303373336792
4,Base E5,0.0473874807357788
4,Base E5,0.0384550690650939
4,Base E5,0.1624338030815124
4,Base E5,0.1162090301513671
4,Base E5,0.0383428335189819
4,Base E5,0.0041781663894653
4,Base E5,0.026813268661499
4,Base E5,0.038069725036621
4,Base E5,0.0489740371704101
4,Base E5,0.0165658593177795
4,Base E5,-0.024385929107666
4,Base E5,0.0870949625968933
4,Base E5,0.0675975084304809
4,Base E5,-0.0174521207809448
4,Base E5,0.0810109972953796
4,Base E5,0.0755013227462768
4,Base E5,0.0101856589317321
4,Base E5,0.0495559573173522
4,Base E5,0.0391162037849426
4,Base E5,-0.0218283534049987
4,Base E5,0.0788367390632629
4,Base E5,0.0402407646179199
4,Base E5,0.0152788162231445
4,Base E5,0.0648062825202941
4,Base E5,0.0871553421020507
4,Base E5,-0.0048357844352722
4,Base E5,0.0271530747413635
4,Base E5,0.0768969655036926
4,Base E5,0.0858542919158935
4,Base E5,0.0804421305656433
4,Base E5,0.0753326416015625
4,Base E5,0.0608256459236145
4,Base E5,0.0047221183776855
4,Base E5,0.0441644787788391
4,Base E5,0.1063379645347595
4,Base E5,0.0448490977287292
4,Base E5,0.0319694876670837
4,Base E5,0.1068882346153259
4,Base E5,0.0584505200386047
4,Base E5,0.0428465008735656
4,Base E5,0.0332798957824707
4,Base E5,0.0802333354949951
4,Base E5,-0.0153363943099975
4,Base E5,0.0301259160041809
4,Base E5,0.0270207524299621
4,Base E5,-0.0336571931838989
4,Base E5,0.0652360916137695
4,Base E5,0.0478584766387939
4,Base E5,0.0527106523513793
4,Base E5,0.1054233312606811
4,Base E5,-0.0034717321395874
4,Base E5,0.1384268999099731
4,Base E5,0.0208796262741088
4,Base E5,0.0210151076316833
4,Base E5,0.0468939542770385
4,Base E5,0.0389484763145446
4,Base E5,0.0474396347999572
4,Base E5,0.0067901611328125
4,Base E5,0.0617410540580749
4,Base E5,0.1074994206428527
4,Base E5,0.0712711215019226
4,Base E5,-0.0010419487953186
4,Base E5,0.0303921699523925
4,Base E5,0.0289775133132934
4,Base E5,0.0637664198875427
4,Base E5,0.0747334361076355
4,Base E5,-0.0007782578468322
4,Base E5,0.0582248568534851
4,Base E5,0.0640372037887573
4,Base E5,0.0311261415481567
4,Base E5,0.0530569553375244
4,Base E5,0.064806580543518
4,Base E5,0.0331254601478576
4,Base E5,0.0546658039093017
4,Base E5,0.0360386371612548
4,Base E5,0.0600945949554443
4,Base E5,-0.0123891234397888
4,Base E5,0.0257619023323059
4,Base E5,-0.0124927163124084
4,Base E5,0.056147813796997
4,Base E5,0.034816026687622
4,Base E5,0.0279496312141418
4,Base E5,0.0266664624214172
4,Base E5,0.0181936621665954
4,Base E5,0.084169864654541
4,Base E5,0.0530142784118652
4,Base E5,0.0549792051315307
4,Base E5,0.0166155695915222
4,Base E5,0.0433842539787292
4,Base E5,0.0048167705535888
4,Base E5,0.0438520908355712
4,Base E5,0.0618452429771423
4,Base E5,0.0470103621482849
4,Base E5,0.0425230264663696
4,Base E5,0.04288250207901
4,Base E5,0.0067633390426635
4,Base E5,0.0104267597198486
4,Base E5,0.0525209903717041
4,Base E5,-0.0163626074790954
4,Base E5,0.0463512539863586
4,Base E5,0.0230065584182739
4,Base E5,0.0146784782409667
4,Base E5,-0.0020806193351745
4,Base E5,0.007222831249237
4,Base E5,0.0245668888092041
4,Base E5,0.0091608166694641
4,Base E5,0.0175731778144836
4,Base E5,0.0179942846298217
4,Base E5,0.0041252374649047
4,Base E5,-0.0138065814971923
4,Base E5,0.0308305025100708
4,Base E5,0.0594167113304138
4,Base E5,0.0115301609039306
4,Base E5,-0.0132349133491516
4,Base E5,0.003121793270111
4,Base E5,0.005924105644226
4,Base E5,-0.0015860199928283
4,Base E5,0.018036663532257
4,Base E5,0.0009810924530029
4,Base E5,-0.0032737851142883
4,Base E5,0.1089676022529602
4,Base E5,0.0548331141471862
4,Base E5,0.0113754868507385
4,Base E5,0.082707941532135
4,Base E5,0.0531226992607116
4,Base E5,0.0512084364891052
4,Base E5,0.0511423349380493
4,Base E5,0.0952652692794799
4,Base E5,0.0568895936012268
4,Base E5,0.0002594590187072
4,Base E5,0.0430245399475097
4,Base E5,0.0709215998649597
4,Base E5,0.0786520838737487
4,Base E5,0.031851589679718
4,Base E5,0.0591209530830383
4,Base E5,0.0877900719642639
4,Base E5,0.0248565673828125
4,Base E5,0.0585306882858276
4,Base E5,-0.0029532313346862
4,Base E5,0.0482849478721618
4,Base E5,0.0234260559082031
4,Base E5,0.0841914415359497
4,Base E5,0.1023610830307006
4,Base E5,0.0392820239067077
4,Base E5,0.0031849741935729
4,Base E5,0.0245532393455505
4,Base E5,-0.011493444442749
4,Base E5,-0.0028586387634277
4,Base E5,0.0502530336380004
4,Base E5,0.0362643003463745
4,Base E5,0.0589131116867065
4,Base E5,0.0386896133422851
4,Base E5,0.0432767868041992
4,Base E5,-0.0164586901664733
4,Base E5,0.0527950525283813
4,Base E5,0.0453052520751953
4,Base E5,0.0458113551139831
4,Base E5,0.0097200870513916
4,Base E5,0.0113977789878845
4,Base E5,-0.0146074295043945
4,Base E5,0.0485795140266418
4,Base E5,-0.0135936141014099
4,Base E5,0.0145595669746398
4,Base E5,0.0444357991218566
4,Base E5,-0.0191918015480041
4,Base E5,0.0181614160537719
4,Base E5,0.0171098709106445
4,Base E5,0.1029433608055114
4,Base E5,0.0661894083023071
4,Base E5,0.0368688106536865
4,Base E5,0.1206532716751098
4,Base E5,0.0631871819496154
4,Base E5,0.0388203859329223
4,Base E5,0.0683369636535644
4,Base E5,0.0314915776252746
4,Base E5,6.365776062011719e-05
4,Base E5,0.0519970059394836
4,Base E5,0.0034291744232177
4,Base E5,0.0218464136123657
4,Base E5,0.0687875747680664
4,Base E5,0.0502952337265014
4,Base E5,0.045009434223175
4,Base E5,0.0471988320350647
4,Base E5,0.0948694348335266
4,Base E5,0.0476764440536499
4,Base E5,0.0647664666175842
4,Base E5,0.0882745385169982
4,Base E5,0.0237730145454406
4,Base E5,-0.0068593025207519
4,Base E5,0.0886226296424865
4,Base E5,-3.7670135498046875e-05
4,Base E5,0.0535892248153686
4,Base E5,0.0276389122009277
4,Base E5,0.0948097109794616
4,Base E5,0.0488440990447998
4,Base E5,-0.0169854164123535
4,Base E5,-0.0069094896316528
4,Base E5,0.0821563005447387
4,Base E5,0.0323301553726196
4,Base E5,0.0095683932304382
4,Base E5,0.0347793698310852
4,Base E5,0.025600254535675
4,Base E5,0.0600106120109558
4,Base E5,0.0616218447685241
4,Base E5,0.0223984122276306
4,Base E5,0.012876808643341
4,Base E5,0.0437986850738525
4,Base E5,0.0173619389533996
4,Base E5,-0.0233078598976135
4,Base E5,0.0693402290344238
4,Base E5,0.0387144684791564
4,Base E5,-0.0360686182975769
4,Base E5,-0.0153244733810424
4,Base E5,-0.0291366577148437
4,Base E5,-0.0368884801864624
4,Base E5,-0.029004693031311
4,Base E5,0.0052860975265502
4,Base E5,0.0148295760154724
4,Base E5,0.0003291964530944
4,Base E5,0.0721935033798217
4,Base E5,-0.0141927599906921
4,Base E5,0.0770644545555114
4,Base E5,-0.0527180433273315
4,Fine-Tuned E5,0.3001090362668037
4,Fine-Tuned E5,-0.1813345998525619
4,Fine-Tuned E5,0.2814270853996277
4,Fine-Tuned E5,0.5113839302212
4,Fine-Tuned E5,0.1397199630737304
4,Fine-Tuned E5,0.2543011847883463
4,Fine-Tuned E5,-0.016274482011795
4,Fine-Tuned E5,0.2836367636919021
4,Fine-Tuned E5,0.2048882395029068
4,Fine-Tuned E5,-0.041925311088562
4,Fine-Tuned E5,0.1329346895217895
4,Fine-Tuned E5,0.4708757661283016
4,Fine-Tuned E5,0.2899071276187897
4,Fine-Tuned E5,0.1388210654258728
4,Fine-Tuned E5,0.3158408477902412
4,Fine-Tuned E5,0.0858218371868133
4,Fine-Tuned E5,0.14702770113945
4,Fine-Tuned E5,0.3115700483322143
4,Fine-Tuned E5,-0.3090484291315079
4,Fine-Tuned E5,-0.0867908895015716
4,Fine-Tuned E5,0.2749641537666321
4,Fine-Tuned E5,0.2092408090829849
4,Fine-Tuned E5,0.0893492251634597
4,Fine-Tuned E5,0.2016590349376201
4,Fine-Tuned E5,0.023297756910324
4,Fine-Tuned E5,0.1969170868396759
4,Fine-Tuned E5,-0.0803501605987548
4,Fine-Tuned E5,0.3418660014867782
4,Fine-Tuned E5,0.0910579562187194
4,Fine-Tuned E5,0.0083218812942504
4,Fine-Tuned E5,0.0584795475006103
4,Fine-Tuned E5,0.217623084783554
4,Fine-Tuned E5,0.2905551791191101
4,Fine-Tuned E5,0.2197305411100387
4,Fine-Tuned E5,0.2017346322536468
4,Fine-Tuned E5,0.2941146045923233
4,Fine-Tuned E5,0.4422815591096878
4,Fine-Tuned E5,0.2654560953378677
4,Fine-Tuned E5,0.3673366606235504
4,Fine-Tuned E5,0.117854693904519
4,Fine-Tuned E5,0.0428145825862884
4,Fine-Tuned E5,0.2710166275501251
4,Fine-Tuned E5,0.3428175449371338
4,Fine-Tuned E5,0.2005280256271362
4,Fine-Tuned E5,-0.0066736042499542
4,Fine-Tuned E5,0.2257384955883026
4,Fine-Tuned E5,0.1028831005096435
4,Fine-Tuned E5,0.1765390038490295
4,Fine-Tuned E5,0.163949504494667
4,Fine-Tuned E5,0.0624753832817077
4,Fine-Tuned E5,0.1272743642330169
4,Fine-Tuned E5,0.082011193037033
4,Fine-Tuned E5,0.2438203990459442
4,Fine-Tuned E5,0.0964318811893463
4,Fine-Tuned E5,0.3795929402112961
4,Fine-Tuned E5,0.0554826855659484
4,Fine-Tuned E5,0.4667354710400104
4,Fine-Tuned E5,0.0829885303974151
4,Fine-Tuned E5,0.2604811005294323
4,Fine-Tuned E5,0.0517318546772003
4,Fine-Tuned E5,0.2207551300525665
4,Fine-Tuned E5,0.0412275195121765
4,Fine-Tuned E5,-0.0398787260055542
4,Fine-Tuned E5,-0.1293595433235168
4,Fine-Tuned E5,0.2084304392337799
4,Fine-Tuned E5,-0.0611205846071243
4,Fine-Tuned E5,0.0311587005853652
4,Fine-Tuned E5,0.1486527472734451
4,Fine-Tuned E5,0.2974029630422592
4,Fine-Tuned E5,0.1944402307271957
4,Fine-Tuned E5,0.0602924227714538
4,Fine-Tuned E5,-0.015768215060234
4,Fine-Tuned E5,0.0812722444534301
4,Fine-Tuned E5,0.1860642731189727
4,Fine-Tuned E5,0.1179335415363311
4,Fine-Tuned E5,0.1551132798194885
4,Fine-Tuned E5,0.1902545094490051
4,Fine-Tuned E5,0.2380567193031311
4,Fine-Tuned E5,0.1342011094093322
4,Fine-Tuned E5,0.2532873451709747
4,Fine-Tuned E5,-0.0057823061943054
4,Fine-Tuned E5,0.0666414201259613
4,Fine-Tuned E5,0.0677099376916885
4,Fine-Tuned E5,0.027569904923439
4,Fine-Tuned E5,0.2572812438011169
4,Fine-Tuned E5,0.0338815748691558
4,Fine-Tuned E5,0.1087719500064849
4,Fine-Tuned E5,0.33999103307724
4,Fine-Tuned E5,0.1022726595401763
4,Fine-Tuned E5,0.0680624544620513
4,Fine-Tuned E5,0.0123466551303863
4,Fine-Tuned E5,0.1413150429725647
4,Fine-Tuned E5,0.1290420889854431
4,Fine-Tuned E5,0.0263862907886505
4,Fine-Tuned E5,0.3616387173533439
4,Fine-Tuned E5,0.1482351720333099
4,Fine-Tuned E5,-0.0283649563789367
4,Fine-Tuned E5,0.1924661099910736
4,Fine-Tuned E5,-0.0572482943534851
4,Fine-Tuned E5,0.2573913931846618
4,Fine-Tuned E5,0.421798825263977
4,Fine-Tuned E5,0.2819826006889343
4,Fine-Tuned E5,0.0270848870277404
4,Fine-Tuned E5,-0.158442735671997
4,Fine-Tuned E5,0.2835774347186088
4,Fine-Tuned E5,0.2306495457887649
4,Fine-Tuned E5,0.0460315942764282
4,Fine-Tuned E5,-0.0843476355075836
4,Fine-Tuned E5,0.3790996521711349
4,Fine-Tuned E5,0.0322270691394805
4,Fine-Tuned E5,0.4263488799333572
4,Fine-Tuned E5,0.0984048396348953
4,Fine-Tuned E5,0.0731364488601684
4,Fine-Tuned E5,0.2144982665777206
4,Fine-Tuned E5,-0.2573682218790054
4,Fine-Tuned E5,-0.15720796585083
4,Fine-Tuned E5,0.1504247784614563
4,Fine-Tuned E5,0.2042833119630813
4,Fine-Tuned E5,-0.1197961270809173
4,Fine-Tuned E5,0.303513839840889
4,Fine-Tuned E5,0.1759821325540542
4,Fine-Tuned E5,0.2296558832749724
4,Fine-Tuned E5,0.10830719769001
4,Fine-Tuned E5,0.0854729562997818
4,Fine-Tuned E5,0.1720945201814174
4,Fine-Tuned E5,0.3974224179983139
4,Fine-Tuned E5,0.021315574645996
4,Fine-Tuned E5,0.0325352251529693
4,Fine-Tuned E5,0.1350312754511833
4,Fine-Tuned E5,0.3152154386043548
4,Fine-Tuned E5,0.3018089830875397
4,Fine-Tuned E5,0.3468431532382965
4,Fine-Tuned E5,0.1576922237873077
4,Fine-Tuned E5,0.2724104709923267
4,Fine-Tuned E5,-0.0048376023769378
4,Fine-Tuned E5,0.0758588463068008
4,Fine-Tuned E5,0.0479033887386322
4,Fine-Tuned E5,0.0796286314725875
4,Fine-Tuned E5,0.1799196600914001
4,Fine-Tuned E5,0.2628011554479599
4,Fine-Tuned E5,0.2907945364713669
4,Fine-Tuned E5,0.0023772716522216
4,Fine-Tuned E5,0.0254495441913604
4,Fine-Tuned E5,-0.0375435948371887
4,Fine-Tuned E5,0.3155432939529419
4,Fine-Tuned E5,-0.0118448734283447
4,Fine-Tuned E5,0.2270141839981079
4,Fine-Tuned E5,0.2933966517448425
4,Fine-Tuned E5,0.5519570559263229
4,Fine-Tuned E5,0.2254151403903961
4,Fine-Tuned E5,0.2214475870132446
4,Fine-Tuned E5,0.2544122487306595
4,Fine-Tuned E5,0.2725942134857178
4,Fine-Tuned E5,0.3163680583238601
4,Fine-Tuned E5,0.2644124254584312
4,Fine-Tuned E5,0.33383309841156
4,Fine-Tuned E5,0.4224830046296119
4,Fine-Tuned E5,0.1637538075447082
4,Fine-Tuned E5,0.0690689980983734
4,Fine-Tuned E5,0.1438581347465515
4,Fine-Tuned E5,0.1011457741260528
4,Fine-Tuned E5,0.0231168419122695
4,Fine-Tuned E5,0.4920937195420265
4,Fine-Tuned E5,0.062314361333847
4,Fine-Tuned E5,0.3233849704265594
4,Fine-Tuned E5,0.3393450677394867
4,Fine-Tuned E5,0.2005894780158996
4,Fine-Tuned E5,0.1495986580848693
4,Fine-Tuned E5,-0.1185824275016784
4,Fine-Tuned E5,0.3271517008543014
4,Fine-Tuned E5,0.2167493551969528
4,Fine-Tuned E5,0.147668719291687
4,Fine-Tuned E5,0.1409499645233154
4,Fine-Tuned E5,0.0355812907218933
4,Fine-Tuned E5,0.0913004577159881
4,Fine-Tuned E5,0.1031320244073867
4,Fine-Tuned E5,0.4766028374433517
4,Fine-Tuned E5,0.4399273358285427
4,Fine-Tuned E5,0.1659854650497436
4,Fine-Tuned E5,-0.0046068131923675
4,Fine-Tuned E5,-0.0848161578178405
4,Fine-Tuned E5,0.0166691541671752
4,Fine-Tuned E5,0.082792729139328
4,Fine-Tuned E5,0.0295881032943725
4,Fine-Tuned E5,0.2207355201244354
4,Fine-Tuned E5,0.2178771123290062
4,Fine-Tuned E5,0.1427845060825348
4,Fine-Tuned E5,0.1083573102951049
4,Fine-Tuned E5,0.0395391881465911
4,Fine-Tuned E5,-0.0204979181289672
4,Fine-Tuned E5,0.0376696586608886
4,Fine-Tuned E5,0.1871249973773956
4,Fine-Tuned E5,0.0445883870124816
4,Fine-Tuned E5,0.4944145679473877
4,Fine-Tuned E5,0.1535400152206421
4,Fine-Tuned E5,0.2611366510391235
4,Fine-Tuned E5,0.0300381183624267
4,Fine-Tuned E5,0.3937273621559143
4,Fine-Tuned E5,0.1580840051174163
4,Fine-Tuned E5,0.1427394449710846
4,Fine-Tuned E5,0.2666813265532255
4,Fine-Tuned E5,0.0183360576629638
4,Fine-Tuned E5,-0.0866608023643493
4,Fine-Tuned E5,0.0445193350315094
4,Fine-Tuned E5,0.1929050683975219
4,Fine-Tuned E5,0.3284910023212433
4,Fine-Tuned E5,0.250969648361206
4,Fine-Tuned E5,0.3263104557991028
4,Fine-Tuned E5,0.2710965871810913
4,Fine-Tuned E5,0.0882144570350647
4,Fine-Tuned E5,0.3424883782863617
4,Fine-Tuned E5,0.1124563515186309
4,Fine-Tuned E5,0.0176327228546142
4,Fine-Tuned E5,0.2625963389873504
4,Fine-Tuned E5,0.1145416796207428
4,Fine-Tuned E5,0.0993454754352569
4,Fine-Tuned E5,0.0777223408222198
4,Fine-Tuned E5,0.0780578553676605
4,Fine-Tuned E5,0.3835847973823547
4,Fine-Tuned E5,-0.0064865946769714
4,Fine-Tuned E5,0.0639371275901794
4,Fine-Tuned E5,0.2244133651256561
4,Fine-Tuned E5,0.3022744953632355
4,Fine-Tuned E5,0.1476814895868301
4,Fine-Tuned E5,0.2664918005466461
4,Fine-Tuned E5,0.2439655065536499
4,Fine-Tuned E5,0.1768820732831955
4,Fine-Tuned E5,0.2954500466585159
4,Fine-Tuned E5,0.2900355011224746
4,Fine-Tuned E5,0.1676971018314361
4,Fine-Tuned E5,-0.0142097175121307
4,Fine-Tuned E5,0.1147210299968719
4,Fine-Tuned E5,0.362236350774765
4,Fine-Tuned E5,0.2805951833724975
4,Fine-Tuned E5,0.2349631488323211
4,Fine-Tuned E5,0.4098527804017067
4,Fine-Tuned E5,0.1722742766141891
4,Fine-Tuned E5,0.2529149949550628
4,Fine-Tuned E5,0.1573483943939209
4,Fine-Tuned E5,0.1846262663602829
4,Fine-Tuned E5,0.198983609676361
4,Fine-Tuned E5,0.2349943220615387
4,Fine-Tuned E5,0.123989388346672
4,Fine-Tuned E5,-0.1017265021800994
4,Fine-Tuned E5,0.162874162197113
4,Fine-Tuned E5,0.3654404729604721
4,Fine-Tuned E5,0.0384576022624969
4,Fine-Tuned E5,0.0758112370967865
4,Fine-Tuned E5,0.282634437084198
4,Fine-Tuned E5,0.150564819574356
4,Fine-Tuned E5,0.0379415154457092
4,Fine-Tuned E5,-0.1627519875764846
4,Fine-Tuned E5,0.2259509861469268
4,Fine-Tuned E5,0.002709686756134
4,Fine-Tuned E5,-0.0360869765281677
4,Fine-Tuned E5,-0.0273173451423645
4,Fine-Tuned E5,0.16771000623703
4,Fine-Tuned E5,0.1508215963840484
4,Fine-Tuned E5,0.0681731104850769
4,Fine-Tuned E5,0.1585775464773178
4,Fine-Tuned E5,0.1983011662960052
4,Fine-Tuned E5,0.2387992292642593
4,Fine-Tuned E5,-0.0358206629753112
4,Fine-Tuned E5,-0.0701724588871002
4,Fine-Tuned E5,0.0164917409420013
4,Fine-Tuned E5,0.4732355773448944
4,Fine-Tuned E5,0.0383462607860565
4,Fine-Tuned E5,0.2794181406497955
4,Fine-Tuned E5,0.1001127958297729
4,Fine-Tuned E5,0.337830513715744
4,Fine-Tuned E5,0.3448370397090912
4,Fine-Tuned E5,0.4105425328016281
4,Fine-Tuned E5,0.1510831117630005
4,Fine-Tuned E5,0.1253756061196327
4,Fine-Tuned E5,0.0748753249645233
4,Fine-Tuned E5,0.23626409471035
4,Fine-Tuned E5,0.1116003692150116
4,Fine-Tuned E5,0.094027042388916
4,Fine-Tuned E5,0.1413679122924804
4,Fine-Tuned E5,0.2172530442476272
4,Fine-Tuned E5,0.3286349400877952
4,Fine-Tuned E5,0.2380899935960769
4,Fine-Tuned E5,0.2602371573448181
4,Fine-Tuned E5,0.424948263913393
4,Fine-Tuned E5,0.3237873613834381
4,Fine-Tuned E5,0.3549871947616339
4,Fine-Tuned E5,0.2508853673934936
4,Fine-Tuned E5,0.104307472705841
4,Fine-Tuned E5,0.1909230053424835
4,Fine-Tuned E5,0.1785017848014831
4,Fine-Tuned E5,0.1784374862909317
4,Fine-Tuned E5,0.0555293262004852
4,Fine-Tuned E5,0.3177477717399597
4,Fine-Tuned E5,0.4037532806396484
4,Fine-Tuned E5,0.3296787887811661
4,Fine-Tuned E5,0.3367612436413765
4,Fine-Tuned E5,0.1253826320171356
4,Fine-Tuned E5,-0.0441526472568511
4,Fine-Tuned E5,-0.0255263745784759
4,Fine-Tuned E5,0.0532599985599517
4,Fine-Tuned E5,0.2336529791355133
4,Fine-Tuned E5,0.1876543462276458
4,Fine-Tuned E5,0.3538837283849716
4,Fine-Tuned E5,0.1011356860399246
4,Fine-Tuned E5,-0.2023919224739074
4,Fine-Tuned E5,0.0282869637012481
4,Fine-Tuned E5,0.0854915380477905
4,Fine-Tuned E5,0.2355414032936096
4,Fine-Tuned E5,0.2203313410282135
4,Fine-Tuned E5,0.0682893693447113
4,Fine-Tuned E5,0.0702221989631652
4,Fine-Tuned E5,0.3441756218671798
4,Fine-Tuned E5,0.1369637250900268
4,Fine-Tuned E5,0.0216348469257354
4,Fine-Tuned E5,0.5298622697591782
4,Fine-Tuned E5,0.345120295882225
4,Fine-Tuned E5,0.2550188153982162
4,Fine-Tuned E5,0.3443248346447944
4,Fine-Tuned E5,0.3454956710338592
4,Fine-Tuned E5,0.3543368205428123
4,Fine-Tuned E5,0.4084691107273102
4,Fine-Tuned E5,-0.0043365657329559
4,Fine-Tuned E5,0.3025769889354706
4,Fine-Tuned E5,0.3037768304347992
4,Fine-Tuned E5,0.0242803394794464
4,Fine-Tuned E5,0.0970853418111801
4,Fine-Tuned E5,0.3060740008950233
4,Fine-Tuned E5,-0.0271152257919311
4,Fine-Tuned E5,0.0923163592815399
4,Fine-Tuned E5,0.3977990448474884
4,Fine-Tuned E5,0.5763334482908249
4,Fine-Tuned E5,0.1044986844062805
4,Fine-Tuned E5,0.0498049855232238
4,Fine-Tuned E5,-0.00774547457695
4,Fine-Tuned E5,-0.0836167335510253
4,Fine-Tuned E5,0.2569150030612945
4,Fine-Tuned E5,0.1124288737773895
4,Fine-Tuned E5,0.342041052877903
4,Fine-Tuned E5,0.2052460312843322
4,Fine-Tuned E5,0.2139551639556884
4,Fine-Tuned E5,0.3903615176677704
4,Fine-Tuned E5,0.2311399653553962
4,Fine-Tuned E5,0.2078934907913208
4,Fine-Tuned E5,0.2503436803817749
4,Fine-Tuned E5,0.1912669837474823
4,Fine-Tuned E5,0.3196890950202942
4,Fine-Tuned E5,0.3380168676376343
4,Fine-Tuned E5,0.2589893713593483
4,Fine-Tuned E5,0.1445325538516044
4,Fine-Tuned E5,0.1238658428192138
4,Fine-Tuned E5,0.3056791424751282
4,Fine-Tuned E5,0.106731578707695
4,Fine-Tuned E5,-0.0837602913379669
4,Fine-Tuned E5,0.2117287516593933
4,Fine-Tuned E5,0.236337661743164
4,Fine-Tuned E5,0.333371952176094
4,Fine-Tuned E5,0.4161390662193298
4,Fine-Tuned E5,0.3493097126483917
4,Fine-Tuned E5,0.5213485658168793
4,Fine-Tuned E5,0.2152059078216552
4,Fine-Tuned E5,0.3824749290943146
4,Fine-Tuned E5,0.572322890162468
4,Fine-Tuned E5,0.4100916236639023
4,Fine-Tuned E5,0.538477748632431
4,Fine-Tuned E5,0.0482538044452667
4,Fine-Tuned E5,0.0892155170440673
4,Fine-Tuned E5,0.3865473177284002
4,Fine-Tuned E5,0.5214089751243591
4,Fine-Tuned E5,0.3135468661785126
4,Fine-Tuned E5,0.1098349094390869
4,Fine-Tuned E5,0.0673991739749908
4,Fine-Tuned E5,0.2542680650949478
4,Fine-Tuned E5,0.1887013018131256
4,Fine-Tuned E5,0.2006381675601005
4,Fine-Tuned E5,0.1350808143615722
4,Fine-Tuned E5,0.2343136221170425
4,Fine-Tuned E5,0.1818957328796386
4,Fine-Tuned E5,0.3148753345012665
4,Fine-Tuned E5,0.305635392665863
4,Fine-Tuned E5,0.1827622354030609
4,Fine-Tuned E5,0.2954147309064865
4,Fine-Tuned E5,0.0525459051132202
4,Fine-Tuned E5,0.1537423431873321
4,Fine-Tuned E5,0.2210703343153
4,Fine-Tuned E5,0.1341725289821624
4,Fine-Tuned E5,0.0914230495691299
4,Fine-Tuned E5,0.0053611397743225
4,Fine-Tuned E5,0.2912299260497093
4,Fine-Tuned E5,0.4052420109510422
4,Fine-Tuned E5,0.3004945367574692
4,Fine-Tuned E5,0.075476050376892
4,Fine-Tuned E5,0.3634604290127754
4,Fine-Tuned E5,0.3893695813603699
4,Fine-Tuned E5,0.1603225320577621
4,Fine-Tuned E5,0.1586291342973709
4,Fine-Tuned E5,0.0804768055677414
4,Fine-Tuned E5,0.180122971534729
4,Fine-Tuned E5,0.2056025117635727
4,Fine-Tuned E5,0.2159263789653778
4,Fine-Tuned E5,0.4131451621651649
4,Fine-Tuned E5,0.4329850077629089
4,Fine-Tuned E5,0.2600568532943725
4,Fine-Tuned E5,0.2321628630161285
4,Fine-Tuned E5,0.2597348988056183
4,Fine-Tuned E5,-0.0040372014045715
4,Fine-Tuned E5,0.3226358592510223
4,Fine-Tuned E5,0.2410646677017212
4,Fine-Tuned E5,0.3983374014496803
4,Fine-Tuned E5,0.0436835587024688
4,Fine-Tuned E5,0.1524673774838447
4,Fine-Tuned E5,0.05432590842247
4,Fine-Tuned E5,0.49036306142807
4,Fine-Tuned E5,0.3628182262182235
4,Fine-Tuned E5,0.4509272426366806
4,Fine-Tuned E5,0.2725459039211273
4,Fine-Tuned E5,0.3063235729932785
4,Fine-Tuned E5,0.168485552072525
4,Fine-Tuned E5,0.1614657938480377
4,Fine-Tuned E5,0.4336624443531036
4,Fine-Tuned E5,0.3071022182703018
4,Fine-Tuned E5,0.0439702570438385
4,Fine-Tuned E5,0.2774757146835327
4,Fine-Tuned E5,0.2399830073118209
4,Fine-Tuned E5,0.1202857941389083
4,Fine-Tuned E5,0.0971076488494873
4,Fine-Tuned E5,-0.0042227208614349
4,Fine-Tuned E5,0.0003606081008911
4,Fine-Tuned E5,-0.0115702748298645
4,Fine-Tuned E5,0.0705907046794891
4,Fine-Tuned E5,0.1145829558372497
4,Fine-Tuned E5,0.1866931915283203
4,Fine-Tuned E5,0.0999268889427185
4,Fine-Tuned E5,0.2558369487524032
4,Fine-Tuned E5,0.2883502580225467
4,Fine-Tuned E5,0.2355402261018753
4,Fine-Tuned E5,0.1614208668470382
4,Fine-Tuned E5,0.0395931005477905
4,Fine-Tuned E5,0.199260726571083
4,Fine-Tuned E5,0.1247149109840393
4,Fine-Tuned E5,-0.0854851603507995
4,Fine-Tuned E5,0.4076604843139648
4,Fine-Tuned E5,0.45911605656147
4,Fine-Tuned E5,0.2506352066993713
4,Fine-Tuned E5,0.4467887282371521
4,Fine-Tuned E5,0.2987251877784729
4,Fine-Tuned E5,0.1548971980810165
4,Fine-Tuned E5,0.1228897273540496
4,Fine-Tuned E5,0.1658734530210495
4,Fine-Tuned E5,0.2558069974184036
4,Fine-Tuned E5,0.1947026997804641
4,Fine-Tuned E5,-0.0425437837839126
4,Fine-Tuned E5,0.0956745743751525
4,Fine-Tuned E5,0.3323718607425689
4,Fine-Tuned E5,0.1990526020526886
4,Fine-Tuned E5,0.4611732885241508
4,Fine-Tuned E5,0.1325868368148803
4,Fine-Tuned E5,0.5347946062684059
4,Fine-Tuned E5,0.2983192205429077
4,Fine-Tuned E5,0.4802108258008957
4,Fine-Tuned E5,0.0290494710206985
4,Fine-Tuned E5,-0.0197909623384475
4,Fine-Tuned E5,0.1028373390436172
4,Fine-Tuned E5,0.2322037518024444
4,Fine-Tuned E5,0.0873106569051742
4,Fine-Tuned E5,0.1168441474437713
4,Fine-Tuned E5,0.1994183398783207
4,Fine-Tuned E5,0.4231751263141632
4,Fine-Tuned E5,0.2084735929965973
4,Fine-Tuned E5,0.1379075944423675
4,Fine-Tuned E5,0.0009900331497192
4,Fine-Tuned E5,0.2774851322174072
4,Fine-Tuned E5,0.1590481698513031
4,Fine-Tuned E5,0.1321257948875427
4,Fine-Tuned E5,0.2315766476094722
4,Fine-Tuned E5,0.3232752755284309
4,Fine-Tuned E5,0.0945612341165542
4,Fine-Tuned E5,0.3676635771989822
4,Fine-Tuned E5,0.5456838384270668
4,Fine-Tuned E5,0.3915466368198395
4,Fine-Tuned E5,0.0367113351821899
4,Fine-Tuned E5,0.2353290915489196
4,Fine-Tuned E5,-0.0434454977512359
4,Fine-Tuned E5,-0.0325282216072082
4,Fine-Tuned E5,-0.0498247146606445
4,Fine-Tuned E5,0.1399198770523071
4,Fine-Tuned E5,0.1837222874164581
4,Fine-Tuned E5,0.2624375745654106
4,Fine-Tuned E5,0.1123573184013366
4,Fine-Tuned E5,0.310090571641922
4,Fine-Tuned E5,0.2377661764621734
4,Fine-Tuned E5,0.456763282418251
4,Fine-Tuned E5,0.304461807012558
4,Fine-Tuned E5,0.1352315247058868
4,Fine-Tuned E5,0.4372823685407638
4,Fine-Tuned E5,0.2511468678712845
4,Fine-Tuned E5,0.5122791528701782
4,Fine-Tuned E5,0.3148266226053238
4,Fine-Tuned E5,0.2363342940807342
4,Fine-Tuned E5,0.0838415026664733
4,Fine-Tuned E5,0.1764385998249054
4,Fine-Tuned E5,0.1603692024946212
4,Fine-Tuned E5,0.1528322845697403
4,Fine-Tuned E5,0.2386309504508972
4,Fine-Tuned E5,-0.1094837635755539
4,Fine-Tuned E5,0.2747854888439178
4,Fine-Tuned E5,0.4112140163779259
4,Fine-Tuned E5,0.2797144055366516
4,Fine-Tuned E5,0.0728660225868225
4,Fine-Tuned E5,0.3530115038156509
4,Fine-Tuned E5,0.2592834696406498
4,Fine-Tuned E5,0.2186556905508041
4,Fine-Tuned E5,0.246999405324459
4,Fine-Tuned E5,0.3710610046982765
4,Fine-Tuned E5,0.0395672470331192
4,Fine-Tuned E5,0.5858070999383926
4,Fine-Tuned E5,0.1400201991200447
4,Fine-Tuned E5,0.5575755070894957
4,Fine-Tuned E5,0.4361363798379898
4,Fine-Tuned E5,0.5485020354390144
4,Fine-Tuned E5,0.4158730283379555
4,Fine-Tuned E5,0.2442964762449264
4,Fine-Tuned E5,-0.0234977453947067
4,Fine-Tuned E5,0.2737444937229156
4,Fine-Tuned E5,0.1597984042018652
4,Fine-Tuned E5,0.188062697649002
4,Fine-Tuned E5,0.1528420895338058
4,Fine-Tuned E5,0.3127805143594742
4,Fine-Tuned E5,0.0668785572052002
4,Fine-Tuned E5,0.3707302361726761
4,Fine-Tuned E5,0.2261494696140289
4,Fine-Tuned E5,0.4029767736792564
4,Fine-Tuned E5,0.3406227827072143
4,Fine-Tuned E5,-0.0369181036949157
4,Fine-Tuned E5,0.2822726368904114
4,Fine-Tuned E5,0.276112288236618
4,Fine-Tuned E5,0.2732766568660736
4,Fine-Tuned E5,0.5314887911081314
4,Fine-Tuned E5,0.175901859998703
4,Fine-Tuned E5,0.4167045578360557
4,Fine-Tuned E5,0.0809753835201263
4,Fine-Tuned E5,0.5723208636045456
4,Fine-Tuned E5,0.4129754602909088
4,Fine-Tuned E5,0.1413649469614029
4,Fine-Tuned E5,0.3313862383365631
4,Fine-Tuned E5,0.4353028647601604
4,Fine-Tuned E5,-0.009322315454483
4,Fine-Tuned E5,0.3630354702472687
4,Fine-Tuned E5,0.1339357793331146
4,Fine-Tuned E5,0.0609253793954849
4,Fine-Tuned E5,0.1138917207717895
4,Fine-Tuned E5,-0.0862982273101806
4,Fine-Tuned E5,0.255127802491188
4,Fine-Tuned E5,0.0162819027900695
4,Fine-Tuned E5,0.1487452089786529
4,Fine-Tuned E5,0.3742868304252624
4,Fine-Tuned E5,0.081598162651062
4,Fine-Tuned E5,0.3717134594917297
4,Fine-Tuned E5,0.1846314072608947
4,Fine-Tuned E5,0.3045851588249206
4,Fine-Tuned E5,-0.1147405207157135
4,Fine-Tuned E5,0.0899728834629058
4,Fine-Tuned E5,0.3395044952630996
4,Fine-Tuned E5,0.3085427284240722
4,Fine-Tuned E5,0.169851154088974
4,Fine-Tuned E5,0.7280647698789835
4,Fine-Tuned E5,0.4024423062801361
4,Fine-Tuned E5,0.3164513111114502
4,Fine-Tuned E5,0.5340757593512535
4,Fine-Tuned E5,0.0294020175933837
4,Fine-Tuned E5,0.2987508177757263
4,Fine-Tuned E5,-0.0389550328254699
4,Fine-Tuned E5,0.1596610248088836
4,Fine-Tuned E5,0.0410228371620178
4,Fine-Tuned E5,0.0115139484405517
4,Fine-Tuned E5,0.2087381184101104
4,Fine-Tuned E5,0.1756855025887489
4,Fine-Tuned E5,0.1512961685657501
4,Fine-Tuned E5,0.1747736632823944
4,Fine-Tuned E5,0.1780008971691131
4,Fine-Tuned E5,0.3055928200483322
4,Fine-Tuned E5,-0.0004700124263763
4,Fine-Tuned E5,-0.0248291194438934
4,Fine-Tuned E5,0.3467734009027481
4,Fine-Tuned E5,0.5051202476024628
4,Fine-Tuned E5,-0.0002142190933227
4,Fine-Tuned E5,0.0709225237369537
4,Fine-Tuned E5,0.2576227635145187
4,Fine-Tuned E5,0.1342108249664306
4,Fine-Tuned E5,-0.0594826936721801
4,Fine-Tuned E5,-0.0704672038555145
4,Fine-Tuned E5,-0.0143958330154418
4,Fine-Tuned E5,0.3290949165821075
4,Fine-Tuned E5,0.0495345443487167
4,Fine-Tuned E5,0.4502733275294304
4,Fine-Tuned E5,0.1203257590532302
4,Fine-Tuned E5,0.1102521121501922
4,Fine-Tuned E5,0.0359511971473693
4,Fine-Tuned E5,0.0457603633403778
4,Fine-Tuned E5,0.418047770857811
4,Fine-Tuned E5,0.3905295729637146
4,Fine-Tuned E5,0.270291268825531
4,Fine-Tuned E5,0.0415985584259033
4,Fine-Tuned E5,0.1429383754730224
4,Fine-Tuned E5,0.1214940547943115
4,Fine-Tuned E5,0.3789440989494324
4,Fine-Tuned E5,0.2337451875209808
4,Fine-Tuned E5,0.041698545217514
4,Fine-Tuned E5,0.1805388927459716
4,Fine-Tuned E5,0.3203806057572365
4,Fine-Tuned E5,0.1499154567718505
4,Fine-Tuned E5,0.0963950753211975
4,Fine-Tuned E5,0.2839171290397644
4,Fine-Tuned E5,0.3362174928188324
4,Fine-Tuned E5,0.1341758370399475
4,Fine-Tuned E5,0.1807380020618438
4,Fine-Tuned E5,0.2325119972229004
4,Fine-Tuned E5,0.199794203042984
4,Fine-Tuned E5,0.3544011414051056
4,Fine-Tuned E5,0.1017283201217651
4,Fine-Tuned E5,0.2759107649326324
4,Fine-Tuned E5,0.2696000337600708
4,Fine-Tuned E5,0.3759192004799843
4,Fine-Tuned E5,0.1417356133460998
4,Fine-Tuned E5,0.347787145525217
4,Fine-Tuned E5,0.1359809339046478
4,Fine-Tuned E5,-0.200514554977417
4,Fine-Tuned E5,0.0841579213738441
4,Fine-Tuned E5,0.2731968462467193
4,Fine-Tuned E5,0.2864247560501098
4,Fine-Tuned E5,0.0987580716609954
4,Fine-Tuned E5,0.2188798785209655
4,Fine-Tuned E5,0.1927565932273864
4,Fine-Tuned E5,0.2697719037532806
4,Fine-Tuned E5,0.087709441781044
4,Fine-Tuned E5,0.0515438914299011
4,Fine-Tuned E5,-0.0589353740215301
4,Fine-Tuned E5,0.444985955953598
4,Fine-Tuned E5,0.1400405913591385
4,Fine-Tuned E5,0.203238308429718
4,Fine-Tuned E5,0.2329947054386139
4,Fine-Tuned E5,0.1277478039264679
4,Fine-Tuned E5,0.3818543553352356
4,Fine-Tuned E5,0.2210065126419067
4,Fine-Tuned E5,0.1510495841503143
4,Fine-Tuned E5,-0.011491060256958
4,Fine-Tuned E5,0.2759419679641723
4,Fine-Tuned E5,0.1579302847385406
4,Fine-Tuned E5,0.0521972775459289
4,Fine-Tuned E5,0.146327257156372
4,Fine-Tuned E5,0.2259172797203064
4,Fine-Tuned E5,0.0127862095832824
4,Fine-Tuned E5,0.3070909380912781
4,Fine-Tuned E5,0.0195260643959045
4,Fine-Tuned E5,0.1363373398780822
4,Fine-Tuned E5,0.2814757823944092
4,Fine-Tuned E5,0.2049677371978759
4,Fine-Tuned E5,0.1485865116119384
4,Fine-Tuned E5,-0.0515985488891601
4,Fine-Tuned E5,0.1627335548400879
4,Fine-Tuned E5,0.0286943465471267
4,Fine-Tuned E5,0.3209189027547836
4,Fine-Tuned E5,0.1194184571504592
4,Fine-Tuned E5,0.3319726660847664
4,Fine-Tuned E5,0.1055229753255844
4,Fine-Tuned E5,0.1420204937458038
4,Fine-Tuned E5,0.3133796155452728
4,Fine-Tuned E5,0.2728745639324188
4,Fine-Tuned E5,0.1216003596782684
4,Fine-Tuned E5,0.2299239933490753
4,Fine-Tuned E5,0.1447295844554901
4,Fine-Tuned E5,0.1262843012809753
4,Fine-Tuned E5,0.0581175982952117
4,Fine-Tuned E5,0.3451177775859833
4,Fine-Tuned E5,0.0717865526676178
4,Fine-Tuned E5,0.3976247310638428
4,Fine-Tuned E5,0.3278726637363434
4,Fine-Tuned E5,0.3233807682991028
4,Fine-Tuned E5,0.2212254405021667
4,Fine-Tuned E5,0.2478598952293396
4,Fine-Tuned E5,0.027575135231018
4,Fine-Tuned E5,0.1753421127796173
4,Fine-Tuned E5,0.1050510108470916
4,Fine-Tuned E5,0.1363250017166137
4,Fine-Tuned E5,0.0761041343212127
4,Fine-Tuned E5,-0.1576040387153625
4,Fine-Tuned E5,0.239649087190628
4,Fine-Tuned E5,0.1478795111179351
4,Fine-Tuned E5,0.122489720582962
4,Fine-Tuned E5,0.1185559928417205
4,Fine-Tuned E5,-0.0148957222700119
4,Fine-Tuned E5,0.5382049456238747
4,Fine-Tuned E5,0.2139026224613189
4,Fine-Tuned E5,0.0175276398658752
4,Fine-Tuned E5,-0.0552749037742614
4,Fine-Tuned E5,0.0912579596042633
4,Fine-Tuned E5,-0.0329217612743377
4,Fine-Tuned E5,0.4401782862842083
4,Fine-Tuned E5,0.0251010358333587
4,Fine-Tuned E5,0.2550223618745804
4,Fine-Tuned E5,0.1960777938365936
4,Fine-Tuned E5,-0.0359844863414764
4,Fine-Tuned E5,0.3736403286457062
4,Fine-Tuned E5,0.0828633606433868
4,Fine-Tuned E5,0.0299713611602783
4,Fine-Tuned E5,0.2286431789398193
4,Fine-Tuned E5,0.1414716243743896
4,Fine-Tuned E5,0.263182133436203
4,Fine-Tuned E5,0.2188595533370971
4,Fine-Tuned E5,-0.0080865621566772
4,Fine-Tuned E5,0.3339272141456604
4,Fine-Tuned E5,0.1395166665315628
4,Fine-Tuned E5,0.2793988585472107
4,Fine-Tuned E5,0.1171259880065918
4,Fine-Tuned E5,0.0208505988121032
4,Fine-Tuned E5,0.199720948934555
4,Fine-Tuned E5,0.1257834732532501
4,Fine-Tuned E5,0.3504413366317749
4,Fine-Tuned E5,0.2056770324707031
4,Fine-Tuned E5,0.290666788816452
4,Fine-Tuned E5,0.2564575970172882
4,Fine-Tuned E5,-0.0561656951904296
4,Fine-Tuned E5,0.2026399672031402
4,Fine-Tuned E5,0.0004616677761077
4,Fine-Tuned E5,0.3618832677602768
4,Fine-Tuned E5,0.1162915825843811
4,Fine-Tuned E5,-0.0843683183193206
4,Fine-Tuned E5,0.0510600954294204
4,Fine-Tuned E5,0.0560503005981445
4,Fine-Tuned E5,0.0011938065290451
4,Fine-Tuned E5,0.3425246328115463
4,Fine-Tuned E5,0.2105027884244918
4,Fine-Tuned E5,0.1917502284049987
4,Fine-Tuned E5,0.1600567996501922
4,Fine-Tuned E5,0.0387189388275146
4,Fine-Tuned E5,0.0703645646572113
4,Fine-Tuned E5,0.2779510468244552
4,Fine-Tuned E5,0.1657967269420623
4,Fine-Tuned E5,0.013791412115097
4,Fine-Tuned E5,0.1877080053091049
4,Fine-Tuned E5,0.6059537678956985
4,Fine-Tuned E5,0.1825050786137581
4,Fine-Tuned E5,0.167089432477951
4,Fine-Tuned E5,0.1330497711896896
4,Fine-Tuned E5,0.0591456890106201
4,Fine-Tuned E5,0.397773340344429
4,Fine-Tuned E5,0.0184131562709808
4,Fine-Tuned E5,0.3077581524848938
4,Fine-Tuned E5,0.2588030397891998
4,Fine-Tuned E5,0.2748542428016662
4,Fine-Tuned E5,0.1551217138767242
4,Fine-Tuned E5,0.2481036782264709
4,Fine-Tuned E5,0.4022656679153442
4,Fine-Tuned E5,0.3572352528572082
4,Fine-Tuned E5,0.1946782767772674
4,Fine-Tuned E5,0.4336575269699096
4,Fine-Tuned E5,0.1239206194877624
4,Fine-Tuned E5,-0.0141048729419708
4,Fine-Tuned E5,0.4354283809661865
4,Fine-Tuned E5,0.0297236889600753
4,Fine-Tuned E5,0.2809979096055031
4,Fine-Tuned E5,0.3374247550964355
4,Fine-Tuned E5,0.3385825455188751
4,Fine-Tuned E5,0.4534842520952225
4,Fine-Tuned E5,0.2329025268554687
4,Fine-Tuned E5,0.3814521431922912
4,Fine-Tuned E5,0.3351835310459137
4,Fine-Tuned E5,0.2774820625782013
4,Fine-Tuned E5,0.3626040518283844
4,Fine-Tuned E5,0.0869645476341247
4,Fine-Tuned E5,-0.0337970852851867
4,Fine-Tuned E5,0.2125375270843505
4,Fine-Tuned E5,0.1673178374767303
4,Fine-Tuned E5,0.2071359604597091
4,Fine-Tuned E5,0.1873077154159546
4,Fine-Tuned E5,0.4802384227514267
4,Fine-Tuned E5,0.011593759059906
4,Fine-Tuned E5,0.2296650409698486
4,Fine-Tuned E5,0.0612015426158905
4,Fine-Tuned E5,0.5609576031565666
4,Fine-Tuned E5,0.1392751634120941
4,Fine-Tuned E5,-0.0819467902183532
4,Fine-Tuned E5,0.4216174483299255
4,Fine-Tuned E5,0.2622243613004684
4,Fine-Tuned E5,0.4629213958978653
4,Fine-Tuned E5,0.1207450330257415
4,Fine-Tuned E5,0.2574751675128937
4,Fine-Tuned E5,0.3976263143122196
4,Fine-Tuned E5,-0.0004090666770935
4,Fine-Tuned E5,0.1021919995546341
4,Fine-Tuned E5,0.1462773978710174
4,Fine-Tuned E5,0.2602658718824386
4,Fine-Tuned E5,0.213281512260437
4,Fine-Tuned E5,0.011328250169754
4,Fine-Tuned E5,-0.0057381689548492
4,Fine-Tuned E5,0.2663599997758865
4,Fine-Tuned E5,0.1325788795948028
4,Fine-Tuned E5,-0.0683352053165435
4,Fine-Tuned E5,0.2446411848068237
4,Fine-Tuned E5,0.1691329851746559
4,Fine-Tuned E5,-0.0855661332607269
4,Fine-Tuned E5,0.4423795863986015
4,Fine-Tuned E5,-0.0530554428696632
4,Fine-Tuned E5,0.1573076844215393
4,Fine-Tuned E5,-0.0426236018538475
4,Fine-Tuned E5,0.5863747298717499
4,Fine-Tuned E5,0.2774250954389572
4,Fine-Tuned E5,0.3451389595866203
4,Fine-Tuned E5,0.4820035547018051
4,Fine-Tuned E5,0.3251484632492065
4,Fine-Tuned E5,0.0380783230066299
4,Fine-Tuned E5,0.2435304298996925
4,Fine-Tuned E5,0.1940370053052902
4,Fine-Tuned E5,0.4300029389560222
4,Fine-Tuned E5,0.3080136030912399
4,Fine-Tuned E5,0.1102611422538757
4,Fine-Tuned E5,0.3720620572566986
4,Fine-Tuned E5,0.3606026880443096
4,Fine-Tuned E5,0.0616523325443267
4,Fine-Tuned E5,0.1830542683601379
4,Fine-Tuned E5,0.2677742093801498
4,Fine-Tuned E5,0.14702770113945
4,Fine-Tuned E5,0.1379407346248626
4,Fine-Tuned E5,-0.3309535235166549
4,Fine-Tuned E5,0.2087336294353008
4,Fine-Tuned E5,0.382792517542839
4,Fine-Tuned E5,0.0120789706707
4,Fine-Tuned E5,0.262980081140995
4,Fine-Tuned E5,0.1631555026397109
4,Fine-Tuned E5,-0.082257330417633
4,Fine-Tuned E5,0.220183715224266
4,Fine-Tuned E5,-0.0543983876705169
4,Fine-Tuned E5,-0.0185683965682983
4,Fine-Tuned E5,0.0650750994682312
4,Fine-Tuned E5,0.2669360861182213
4,Fine-Tuned E5,0.2101218700408935
4,Fine-Tuned E5,0.2281715273857116
4,Fine-Tuned E5,0.4371414631605148
4,Fine-Tuned E5,0.3376816138625145
4,Fine-Tuned E5,0.2166431695222854
4,Fine-Tuned E5,0.6259778514504433
4,Fine-Tuned E5,0.4329468011856079
4,Fine-Tuned E5,0.3800269104540348
4,Fine-Tuned E5,0.3734961599111557
4,Fine-Tuned E5,0.232430063188076
4,Fine-Tuned E5,0.2415090501308441
4,Fine-Tuned E5,0.0314895808696746
4,Fine-Tuned E5,0.0894385576248169
4,Fine-Tuned E5,0.4394526276737451
4,Fine-Tuned E5,0.1027458608150482
4,Fine-Tuned E5,0.2800132483243942
4,Fine-Tuned E5,0.2969138771295547
4,Fine-Tuned E5,0.2645371407270431
4,Fine-Tuned E5,-0.0459926724433898
4,Fine-Tuned E5,0.1465667337179184
4,Fine-Tuned E5,0.1564556285738945
4,Fine-Tuned E5,0.0790297389030456
4,Fine-Tuned E5,0.1802787780761718
4,Fine-Tuned E5,0.4094617366790771
4,Fine-Tuned E5,0.1763673722743988
4,Fine-Tuned E5,0.1480752527713775
4,Fine-Tuned E5,0.5121269398368895
4,Fine-Tuned E5,0.1543817520141601
4,Fine-Tuned E5,0.0550408959388732
4,Fine-Tuned E5,-0.0175132304430007
4,Fine-Tuned E5,0.1409264802932739
4,Fine-Tuned E5,0.1256123781204223
4,Fine-Tuned E5,0.3910187352448702
4,Fine-Tuned E5,-0.0095736384391784
4,Fine-Tuned E5,0.2561174184083938
4,Fine-Tuned E5,0.0291864722967147
4,Fine-Tuned E5,0.0013690143823623
4,Fine-Tuned E5,0.0734332948923111
4,Fine-Tuned E5,0.0205773711204528
4,Fine-Tuned E5,0.1903957277536392
4,Fine-Tuned E5,0.0274087488651275
4,Fine-Tuned E5,0.1143673807382583
4,Fine-Tuned E5,0.2067417651414871
4,Fine-Tuned E5,0.3023688942193985
4,Fine-Tuned E5,0.2949579209089279
4,Fine-Tuned E5,0.4497210197150707
4,Fine-Tuned E5,0.1800012588500976
4,Fine-Tuned E5,0.4760295897722244
4,Fine-Tuned E5,0.2845262554474175
4,Fine-Tuned E5,0.5323334657587111
4,Fine-Tuned E5,0.0683447122573852
4,Fine-Tuned E5,0.1182859241962432
4,Fine-Tuned E5,0.1743422597646713
4,Fine-Tuned E5,0.1185473352670669
4,Fine-Tuned E5,0.6459394246339798
4,Fine-Tuned E5,0.0889280438423156
4,Fine-Tuned E5,0.3310437351465225
4,Fine-Tuned E5,0.5585757102817297
4,Fine-Tuned E5,0.2344456315040588
4,Fine-Tuned E5,0.3417325355112552
4,Fine-Tuned E5,-0.0426018089056015
4,Fine-Tuned E5,0.2771853655576706
4,Fine-Tuned E5,0.3005061447620392
4,Fine-Tuned E5,0.0110761225223541
4,Fine-Tuned E5,0.2201373428106308
4,Fine-Tuned E5,0.2435872256755828
4,Fine-Tuned E5,0.0149860680103302
4,Fine-Tuned E5,0.2209492698311805
4,Fine-Tuned E5,0.0155773162841796
4,Fine-Tuned E5,0.1643146574497223
4,Fine-Tuned E5,0.4754722714424133
4,Fine-Tuned E5,0.3887590765953064
4,Fine-Tuned E5,0.329522643238306
4,Fine-Tuned E5,0.2205789685249328
4,Fine-Tuned E5,0.404919546097517
4,Fine-Tuned E5,0.2676625549793243
4,Fine-Tuned E5,0.3499413728713989
4,Fine-Tuned E5,0.4117753282189369
4,Fine-Tuned E5,-0.0002928078174591
4,Fine-Tuned E5,0.1211494803428649
4,Fine-Tuned E5,0.4941106587648392
4,Fine-Tuned E5,0.0657331347465515
4,Fine-Tuned E5,0.1503634452819824
4,Fine-Tuned E5,0.1620905399322509
4,Fine-Tuned E5,-0.2573682218790054
4,Fine-Tuned E5,0.1662156507372856
4,Fine-Tuned E5,0.067279577255249
4,Fine-Tuned E5,0.3147511556744575
4,Fine-Tuned E5,0.105700135231018
4,Fine-Tuned E5,0.4368597492575645
4,Fine-Tuned E5,0.3200951591134071
4,Fine-Tuned E5,0.229453818872571
4,Fine-Tuned E5,0.202368177473545
4,Fine-Tuned E5,0.1959988251328468
4,Fine-Tuned E5,0.1372566297650337
4,Fine-Tuned E5,0.5090222582221031
4,Fine-Tuned E5,0.192392885684967
4,Fine-Tuned E5,0.0377773344516754
4,Fine-Tuned E5,-0.041069746017456
4,Fine-Tuned E5,0.3947479128837585
4,Fine-Tuned E5,0.4236320257186889
4,Fine-Tuned E5,0.4716775901615619
4,Fine-Tuned E5,0.420149490237236
4,Fine-Tuned E5,0.1801083981990814
4,Fine-Tuned E5,0.1036539524793624
4,Fine-Tuned E5,0.1725081801414489
4,Fine-Tuned E5,0.11109060049057
4,Fine-Tuned E5,0.2130722403526306
4,Fine-Tuned E5,0.2193909138441085
4,Fine-Tuned E5,0.1799569427967071
4,Fine-Tuned E5,0.0462545454502105
4,Fine-Tuned E5,0.0022691488265991
4,Fine-Tuned E5,0.163595512509346
4,Fine-Tuned E5,-0.1043192148208618
4,Fine-Tuned E5,0.4110696166753769
4,Fine-Tuned E5,-0.0118448734283447
4,Fine-Tuned E5,0.3485229313373565
4,Fine-Tuned E5,0.4149855226278305
4,Fine-Tuned E5,0.5036630630493164
4,Fine-Tuned E5,0.3231647908687591
4,Fine-Tuned E5,0.1499414145946502
4,Fine-Tuned E5,0.3221504688262939
4,Fine-Tuned E5,0.515762634575367
4,Fine-Tuned E5,0.1577701270580291
4,Fine-Tuned E5,0.311949260532856
4,Fine-Tuned E5,0.3694692924618721
4,Fine-Tuned E5,0.4408185291104018
4,Fine-Tuned E5,-0.0606988072395324
4,Fine-Tuned E5,0.2403685450553894
4,Fine-Tuned E5,0.0556441247463226
4,Fine-Tuned E5,0.4457566887140274
4,Fine-Tuned E5,0.1593220606446266
4,Fine-Tuned E5,0.4243855774402618
4,Fine-Tuned E5,0.2808716297149658
4,Fine-Tuned E5,0.1184415817260742
4,Fine-Tuned E5,0.1584815680980682
4,Fine-Tuned E5,0.2005894780158996
4,Fine-Tuned E5,0.3023685067892074
4,Fine-Tuned E5,0.0431668609380722
4,Fine-Tuned E5,0.5855168718844652
4,Fine-Tuned E5,0.089903250336647
4,Fine-Tuned E5,0.1172052025794982
4,Fine-Tuned E5,0.0724790394306182
4,Fine-Tuned E5,0.3022266551852226
4,Fine-Tuned E5,0.1867871433496475
4,Fine-Tuned E5,0.4356423616409302
4,Fine-Tuned E5,0.2445550262928009
4,Fine-Tuned E5,0.3274344652891159
4,Fine-Tuned E5,0.1454292237758636
4,Fine-Tuned E5,0.3991253525018692
4,Fine-Tuned E5,-0.0639807283878326
4,Fine-Tuned E5,0.1851829513907432
4,Fine-Tuned E5,0.3854707255959511
4,Fine-Tuned E5,0.2542097121477127
4,Fine-Tuned E5,0.4579028934240341
4,Fine-Tuned E5,0.0081091523170471
4,Fine-Tuned E5,0.1003312170505523
4,Fine-Tuned E5,0.2829392254352569
4,Fine-Tuned E5,0.5583451166749
4,Fine-Tuned E5,0.3366572260856628
4,Fine-Tuned E5,0.0376696586608886
4,Fine-Tuned E5,0.2066137790679931
4,Fine-Tuned E5,0.2113264501094818
4,Fine-Tuned E5,0.1176026463508606
4,Fine-Tuned E5,0.2394492924213409
4,Fine-Tuned E5,0.0493024587631225
4,Fine-Tuned E5,0.3279905915260315
4,Fine-Tuned E5,0.0142749547958374
4,Fine-Tuned E5,0.3617629110813141
4,Fine-Tuned E5,-0.0030056834220886
4,Fine-Tuned E5,0.3067833986133337
4,Fine-Tuned E5,0.2949915826320648
4,Fine-Tuned E5,-0.1432282030582428
4,Fine-Tuned E5,0.0441051721572876
4,Fine-Tuned E5,0.4069954790174961
4,Fine-Tuned E5,0.2729852497577667
4,Fine-Tuned E5,0.1656497418880462
4,Fine-Tuned E5,0.2378193438053131
4,Fine-Tuned E5,0.2307936251163482
4,Fine-Tuned E5,0.1068758070468902
4,Fine-Tuned E5,-0.0253024697303771
4,Fine-Tuned E5,0.227412536740303
4,Fine-Tuned E5,-0.0441966652870178
4,Fine-Tuned E5,0.2431829273700714
4,Fine-Tuned E5,0.122126430273056
4,Fine-Tuned E5,0.0483898520469665
4,Fine-Tuned E5,0.1506383419036865
4,Fine-Tuned E5,0.0390302836894989
4,Fine-Tuned E5,0.0139549970626831
4,Fine-Tuned E5,0.1376933753490448
4,Fine-Tuned E5,0.1752616763114929
4,Fine-Tuned E5,0.1086885631084442
4,Fine-Tuned E5,0.1881558001041412
4,Fine-Tuned E5,0.3078902438282966
4,Fine-Tuned E5,0.2582506984472275
4,Fine-Tuned E5,0.4119981676340103
4,Fine-Tuned E5,0.1517508327960968
4,Fine-Tuned E5,0.3865201845765114
4,Fine-Tuned E5,0.4052489623427391
4,Fine-Tuned E5,0.1676971018314361
4,Fine-Tuned E5,0.3235370963811874
4,Fine-Tuned E5,0.2773062437772751
4,Fine-Tuned E5,0.7370059117674828
4,Fine-Tuned E5,0.2769214212894439
4,Fine-Tuned E5,0.589507145807147
4,Fine-Tuned E5,0.3733211904764175
4,Fine-Tuned E5,0.1588930338621139
4,Fine-Tuned E5,0.2982960343360901
4,Fine-Tuned E5,-0.1245823800563812
4,Fine-Tuned E5,0.476243507117033
4,Fine-Tuned E5,0.2077843993902206
4,Fine-Tuned E5,0.0790846943855285
4,Fine-Tuned E5,0.3753186911344528
4,Fine-Tuned E5,0.3188772015273571
4,Fine-Tuned E5,0.162874162197113
4,Fine-Tuned E5,0.3635516427457332
4,Fine-Tuned E5,0.0324290990829467
4,Fine-Tuned E5,0.1863851547241211
4,Fine-Tuned E5,0.2376472651958465
4,Fine-Tuned E5,0.1250848174095153
4,Fine-Tuned E5,-0.1167509108781814
4,Fine-Tuned E5,-0.0036153644323349
4,Fine-Tuned E5,-0.049997866153717
4,Fine-Tuned E5,-0.0481344312429428
4,Fine-Tuned E5,0.0443601906299591
4,Fine-Tuned E5,0.4350756257772445
4,Fine-Tuned E5,0.16771000623703
4,Fine-Tuned E5,0.2869265675544739
4,Fine-Tuned E5,0.1926369965076446
4,Fine-Tuned E5,-0.1006185114383697
4,Fine-Tuned E5,0.2441381216049194
4,Fine-Tuned E5,0.2753977179527282
4,Fine-Tuned E5,-0.2848880589008331
4,Fine-Tuned E5,-0.0701724588871002
4,Fine-Tuned E5,0.0440489649772644
4,Fine-Tuned E5,0.2882530093193054
4,Fine-Tuned E5,0.2097796890884637
4,Fine-Tuned E5,0.3033005893230438
4,Fine-Tuned E5,0.3160225450992584
4,Fine-Tuned E5,0.3442136794328689
4,Fine-Tuned E5,0.1559725105762481
4,Fine-Tuned E5,0.1560673713684082
4,Fine-Tuned E5,0.578623540699482
4,Fine-Tuned E5,0.1456645205616951
4,Fine-Tuned E5,-0.0981422960758209
4,Fine-Tuned E5,0.2600883990526199
4,Fine-Tuned E5,0.1729256808757782
4,Fine-Tuned E5,0.4050623029470444
4,Fine-Tuned E5,0.2331506758928299
4,Fine-Tuned E5,0.3107046857476234
4,Fine-Tuned E5,0.4955168031156063
4,Fine-Tuned E5,0.3094216883182525
4,Fine-Tuned E5,0.3171445205807686
4,Fine-Tuned E5,0.4437972232699394
4,Fine-Tuned E5,0.3070225417613983
4,Fine-Tuned E5,0.2188686728477478
4,Fine-Tuned E5,0.1735496819019317
4,Fine-Tuned E5,0.139551043510437
4,Fine-Tuned E5,0.112075388431549
4,Fine-Tuned E5,0.1000634431838989
4,Fine-Tuned E5,0.2388446033000946
4,Fine-Tuned E5,0.1698174625635147
4,Fine-Tuned E5,0.2486933469772339
4,Fine-Tuned E5,0.3764379173517227
4,Fine-Tuned E5,0.5458024218678474
4,Fine-Tuned E5,0.0414032340049743
4,Fine-Tuned E5,0.5461293421685696
4,Fine-Tuned E5,0.3446963429450989
4,Fine-Tuned E5,0.1934267878532409
4,Fine-Tuned E5,0.2007232457399368
4,Fine-Tuned E5,0.375286191701889
4,Fine-Tuned E5,0.3260868638753891
4,Fine-Tuned E5,0.2517515122890472
4,Fine-Tuned E5,0.2270214483141899
4,Fine-Tuned E5,0.2019793540239334
4,Fine-Tuned E5,-0.102819800376892
4,Fine-Tuned E5,-0.0844041109085083
4,Fine-Tuned E5,0.4147179499268532
4,Fine-Tuned E5,0.2283742874860763
4,Fine-Tuned E5,0.1112537682056427
4,Fine-Tuned E5,0.3366064839065075
4,Fine-Tuned E5,0.2098606526851654
4,Fine-Tuned E5,0.2839511781930923
4,Fine-Tuned E5,0.036325067281723
4,Fine-Tuned E5,0.1986494064331054
4,Fine-Tuned E5,0.2707806825637817
4,Fine-Tuned E5,0.0595554113388061
4,Fine-Tuned E5,0.4132217355072498
4,Fine-Tuned E5,0.3806934952735901
4,Fine-Tuned E5,0.2502445988357067
4,Fine-Tuned E5,0.2714891135692596
4,Fine-Tuned E5,0.3228444121778011
4,Fine-Tuned E5,0.072460263967514
4,Fine-Tuned E5,0.5220400020480156
4,Fine-Tuned E5,0.0414919257164001
4,Fine-Tuned E5,0.0730365961790084
4,Fine-Tuned E5,0.1219207346439361
4,Fine-Tuned E5,0.2545393854379654
4,Fine-Tuned E5,0.0434330105781555
4,Fine-Tuned E5,0.369476854801178
4,Fine-Tuned E5,0.5576713234186172
4,Fine-Tuned E5,0.310229629278183
4,Fine-Tuned E5,0.230556309223175
4,Fine-Tuned E5,0.3089532675221562
4,Fine-Tuned E5,0.0267752707004547
4,Fine-Tuned E5,0.063326895236969
4,Fine-Tuned E5,0.1124288737773895
4,Fine-Tuned E5,0.3435458317399025
4,Fine-Tuned E5,0.3870204538106918
4,Fine-Tuned E5,0.2561680115759372
4,Fine-Tuned E5,-0.0944065451622009
4,Fine-Tuned E5,0.1699129790067672
4,Fine-Tuned E5,0.290217250585556
4,Fine-Tuned E5,0.5196291338652372
4,Fine-Tuned E5,0.3281474113464355
4,Fine-Tuned E5,0.3098837733268738
4,Fine-Tuned E5,0.3517701923847198
4,Fine-Tuned E5,0.1208734512329101
4,Fine-Tuned E5,0.1452486589550972
4,Fine-Tuned E5,0.1255656480789184
4,Fine-Tuned E5,-0.0740568041801452
4,Fine-Tuned E5,0.374020092189312
4,Fine-Tuned E5,0.2505741119384765
4,Fine-Tuned E5,0.1923233270645141
4,Fine-Tuned E5,-0.0501139461994171
4,Fine-Tuned E5,0.4044121578335762
4,Fine-Tuned E5,0.6542121656239033
4,Fine-Tuned E5,0.1055552065372467
4,Fine-Tuned E5,0.2928654849529266
4,Fine-Tuned E5,0.4310804083943367
4,Fine-Tuned E5,0.5229431614279747
4,Fine-Tuned E5,0.493051640689373
4,Fine-Tuned E5,0.155326098203659
4,Fine-Tuned E5,0.5290688052773476
4,Fine-Tuned E5,0.4224953427910805
4,Fine-Tuned E5,0.5148038417100906
4,Fine-Tuned E5,0.2701054513454437
4,Fine-Tuned E5,0.5586785972118378
4,Fine-Tuned E5,0.3473764359951019
4,Fine-Tuned E5,0.2202433347702026
4,Fine-Tuned E5,-0.0023202300071716
4,Fine-Tuned E5,0.1036562025547027
4,Fine-Tuned E5,0.5000174418091774
4,Fine-Tuned E5,-0.1557221412658691
4,Fine-Tuned E5,0.0258884727954864
4,Fine-Tuned E5,0.4502749294042587
4,Fine-Tuned E5,0.413792448118329
4,Fine-Tuned E5,0.5990922152996063
4,Fine-Tuned E5,0.2089378833770752
4,Fine-Tuned E5,0.3026766367256641
4,Fine-Tuned E5,0.0804655253887176
4,Fine-Tuned E5,0.2730462774634361
4,Fine-Tuned E5,0.015040636062622
4,Fine-Tuned E5,0.1279531568288803
4,Fine-Tuned E5,-0.0891180336475372
4,Fine-Tuned E5,-0.029853343963623
4,Fine-Tuned E5,0.0592287182807922
4,Fine-Tuned E5,0.2262328714132309
4,Fine-Tuned E5,0.6147004291415215
4,Fine-Tuned E5,0.2118130326271057
4,Fine-Tuned E5,0.1181249320507049
4,Fine-Tuned E5,0.2156516313552856
4,Fine-Tuned E5,0.2079295814037323
4,Fine-Tuned E5,0.3332636365666985
4,Fine-Tuned E5,0.1983822584152221
4,Fine-Tuned E5,-0.0095455050468444
4,Fine-Tuned E5,0.3434202671051025
4,Fine-Tuned E5,-0.0575935244560241
4,Fine-Tuned E5,0.2126618027687072
4,Fine-Tuned E5,0.4409912191331386
4,Fine-Tuned E5,0.4465464204549789
4,Fine-Tuned E5,0.6089453026652336
4,Fine-Tuned E5,0.3164319097995758
4,Fine-Tuned E5,0.2940832674503326
4,Fine-Tuned E5,0.3999512493610382
4,Fine-Tuned E5,0.7407459635287523
4,Fine-Tuned E5,-0.0207382440567016
4,Fine-Tuned E5,0.3046602606773376
4,Fine-Tuned E5,0.2609170079231262
4,Fine-Tuned E5,0.1896408572793007
4,Fine-Tuned E5,-0.0801774859428405
4,Fine-Tuned E5,0.5764400139451027
4,Fine-Tuned E5,0.0491790771484375
4,Fine-Tuned E5,0.5273458515293896
4,Fine-Tuned E5,0.3149570524692535
4,Fine-Tuned E5,0.5124037861824036
4,Fine-Tuned E5,0.4048733487725258
4,Fine-Tuned E5,0.0358583629131317
4,Fine-Tuned E5,0.0711733996868133
4,Fine-Tuned E5,0.3138714879751205
4,Fine-Tuned E5,0.0250580310821533
4,Fine-Tuned E5,0.1838730871677398
4,Fine-Tuned E5,0.0301848351955413
4,Fine-Tuned E5,0.1369635909795761
4,Fine-Tuned E5,0.3229164853692055
4,Fine-Tuned E5,0.0808676853775978
4,Fine-Tuned E5,0.2311749011278152
4,Fine-Tuned E5,0.3210785984992981
4,Fine-Tuned E5,0.4345065876841545
4,Fine-Tuned E5,0.2378554493188858
4,Fine-Tuned E5,0.3429714366793632
4,Fine-Tuned E5,0.2036482095718383
4,Fine-Tuned E5,0.1843433976173401
4,Fine-Tuned E5,0.2276298999786377
4,Fine-Tuned E5,0.2214283943176269
4,Fine-Tuned E5,0.3727692253887653
4,Fine-Tuned E5,0.128967210650444
4,Fine-Tuned E5,0.5143844932317734
4,Fine-Tuned E5,0.1492046117782592
4,Fine-Tuned E5,0.0296127200126647
4,Fine-Tuned E5,0.5126655846834183
4,Fine-Tuned E5,0.2704023122787475
4,Fine-Tuned E5,0.4200639575719833
4,Fine-Tuned E5,0.5079320706427097
4,Fine-Tuned E5,0.0782453417778015
4,Fine-Tuned E5,0.3040253035724163
4,Fine-Tuned E5,0.0916045308113098
4,Fine-Tuned E5,0.0169715881347656
4,Fine-Tuned E5,0.1765305250883102
4,Fine-Tuned E5,0.2931637689471245
4,Fine-Tuned E5,0.0346652567386627
4,Fine-Tuned E5,0.3745670765638351
4,Fine-Tuned E5,0.502056434750557
4,Fine-Tuned E5,0.4547341763973236
4,Fine-Tuned E5,0.3987546116113662
4,Fine-Tuned E5,0.4144920855760574
4,Fine-Tuned E5,0.2415460348129272
4,Fine-Tuned E5,0.4282103329896927
4,Fine-Tuned E5,0.4174845814704895
4,Fine-Tuned E5,-0.034632071852684
4,Fine-Tuned E5,0.0769178885966539
4,Fine-Tuned E5,0.1969055533409118
4,Fine-Tuned E5,0.140118658542633
4,Fine-Tuned E5,0.3191448953002691
4,Fine-Tuned E5,0.6136969029903412
4,Fine-Tuned E5,0.1537238359451294
4,Fine-Tuned E5,0.2532526850700378
4,Fine-Tuned E5,0.2516020312905311
4,Fine-Tuned E5,0.1868794709444046
4,Fine-Tuned E5,0.102709099650383
4,Fine-Tuned E5,0.0752586722373962
4,Fine-Tuned E5,0.3150638341903686
4,Fine-Tuned E5,0.3881005942821502
4,Fine-Tuned E5,0.024532675743103
4,Fine-Tuned E5,0.3678959403187036
4,Fine-Tuned E5,0.1708928346633911
4,Fine-Tuned E5,0.1750409305095672
4,Fine-Tuned E5,0.3989990651607513
4,Fine-Tuned E5,0.4802225828170776
4,Fine-Tuned E5,0.051500454545021
4,Fine-Tuned E5,0.273694783449173
4,Fine-Tuned E5,-0.0263899266719818
4,Fine-Tuned E5,-0.1633096039295196
4,Fine-Tuned E5,-0.0503530204296112
4,Fine-Tuned E5,0.2716855704784393
4,Fine-Tuned E5,0.1464863419532776
4,Fine-Tuned E5,0.2037189304828643
4,Fine-Tuned E5,0.2509703524410724
4,Fine-Tuned E5,0.3362367749214172
4,Fine-Tuned E5,0.3771645277738571
4,Fine-Tuned E5,0.6230581067502499
4,Fine-Tuned E5,0.295991376042366
4,Fine-Tuned E5,0.3979029729962349
4,Fine-Tuned E5,0.1435512602329254
4,Fine-Tuned E5,0.1799485683441162
4,Fine-Tuned E5,0.4698631018400192
4,Fine-Tuned E5,0.2965387105941772
4,Fine-Tuned E5,0.3292755037546158
4,Fine-Tuned E5,0.2586075365543365
4,Fine-Tuned E5,0.517034113407135
4,Fine-Tuned E5,0.4179051332175731
4,Fine-Tuned E5,0.3033533627167344
4,Fine-Tuned E5,0.4447420537471771
4,Fine-Tuned E5,-0.1542181521654129
4,Fine-Tuned E5,0.3877463936805725
4,Fine-Tuned E5,-0.0456474423408508
4,Fine-Tuned E5,0.1864867508411407
4,Fine-Tuned E5,0.1258146464824676
4,Fine-Tuned E5,0.4104204401373863
4,Fine-Tuned E5,0.0836564153432846
4,Fine-Tuned E5,0.2218293696641922
4,Fine-Tuned E5,0.4721858948469162
4,Fine-Tuned E5,0.4731206577271223
4,Fine-Tuned E5,-0.0897163748741149
4,Fine-Tuned E5,0.3707885444164276
4,Fine-Tuned E5,0.0106071084737777
4,Fine-Tuned E5,0.4638652727007866
4,Fine-Tuned E5,0.4687779769301414
4,Fine-Tuned E5,0.4527987539768219
4,Fine-Tuned E5,0.5588408559560776
4,Fine-Tuned E5,0.2970903217792511
4,Fine-Tuned E5,0.1861987598240375
4,Fine-Tuned E5,0.5665412470698357
4,Fine-Tuned E5,0.2035074047744274
4,Fine-Tuned E5,0.3673446476459503
4,Fine-Tuned E5,0.0516009032726287
4,Fine-Tuned E5,0.1810553967952728
4,Fine-Tuned E5,0.1671134606003761
4,Fine-Tuned E5,0.4944166243076324
4,Fine-Tuned E5,0.2760317325592041
4,Fine-Tuned E5,0.4355484154075384
4,Fine-Tuned E5,0.6529023125767708
4,Fine-Tuned E5,0.3843935169279575
4,Fine-Tuned E5,0.2633676528930664
4,Fine-Tuned E5,0.3186286240816116
4,Fine-Tuned E5,0.1795926392078399
4,Fine-Tuned E5,0.4728422630578279
4,Fine-Tuned E5,0.5162006095051765
4,Fine-Tuned E5,0.1156243681907653
4,Fine-Tuned E5,0.5006995931034908
4,Fine-Tuned E5,0.5211832821369171
4,Fine-Tuned E5,0.403107225894928
4,Fine-Tuned E5,-0.08734592795372
4,Fine-Tuned E5,0.5023118555545807
4,Fine-Tuned E5,0.1451422572135925
4,Fine-Tuned E5,0.1686028689146042
4,Fine-Tuned E5,0.1986095607280731
4,Fine-Tuned E5,0.4378027692437172
4,Fine-Tuned E5,0.3057084660977125
4,Fine-Tuned E5,0.5108773447573185
4,Fine-Tuned E5,-0.1641839444637298
4,Fine-Tuned E5,0.0720221698284149
4,Fine-Tuned E5,-0.012969970703125
4,Fine-Tuned E5,0.0044400095939636
4,Fine-Tuned E5,0.2071135938167572
4,Fine-Tuned E5,0.3274580240249634
4,Fine-Tuned E5,0.4479672163724899
4,Fine-Tuned E5,0.4189101159572601
4,Fine-Tuned E5,0.5044786967337132
4,Fine-Tuned E5,0.0471614897251129
4,Fine-Tuned E5,0.533593668602407
4,Fine-Tuned E5,0.4675557315349579
4,Fine-Tuned E5,0.0874553918838501
4,Fine-Tuned E5,0.5324694365262985
4,Fine-Tuned E5,0.7534658908843994
4,Fine-Tuned E5,0.5698025263845921
4,Fine-Tuned E5,0.4765625149011612
4,Fine-Tuned E5,0.4787770360708236
4,Fine-Tuned E5,0.3274461030960083
4,Fine-Tuned E5,0.0999029278755188
4,Fine-Tuned E5,-0.1450316905975341
4,Fine-Tuned E5,0.4850256741046905
4,Fine-Tuned E5,0.0366050601005554
4,Fine-Tuned E5,0.189212292432785
4,Fine-Tuned E5,-0.0229986011981964
4,Fine-Tuned E5,0.1780413761734962
4,Fine-Tuned E5,0.0830978155136108
4,Fine-Tuned E5,0.420005302876234
4,Fine-Tuned E5,0.3535713404417038
4,Fine-Tuned E5,0.3523284196853637
4,Fine-Tuned E5,0.1369917839765548
4,Fine-Tuned E5,0.2272213548421859
4,Fine-Tuned E5,0.254413366317749
4,Fine-Tuned E5,0.7580779436975718
4,Fine-Tuned E5,0.5393563956022263
4,Fine-Tuned E5,0.3016556054353714
4,Fine-Tuned E5,0.0531956553459167
4,Fine-Tuned E5,0.2856234163045883
4,Fine-Tuned E5,0.3434762954711914
4,Fine-Tuned E5,0.3062249347567558
4,Fine-Tuned E5,0.2464445233345031
4,Fine-Tuned E5,-0.0847015976905822
4,Fine-Tuned E5,0.2046652548015117
4,Fine-Tuned E5,0.4411624073982239
4,Fine-Tuned E5,-0.054133266210556
4,Fine-Tuned E5,0.5339381620287895
4,Fine-Tuned E5,0.2286591380834579
4,Fine-Tuned E5,0.1061639487743377
4,Fine-Tuned E5,0.214180588722229
4,Fine-Tuned E5,0.3827634453773498
4,Fine-Tuned E5,-0.005090594291687
4,Fine-Tuned E5,0.5597058054991066
4,Fine-Tuned E5,0.2857369780540466
4,Fine-Tuned E5,0.1394635736942291
4,Fine-Tuned E5,0.2762588560581207
4,Fine-Tuned E5,0.51365015655756
4,Fine-Tuned E5,0.0214928388595581
4,Fine-Tuned E5,0.0419974625110626
4,Fine-Tuned E5,0.4521136432886123
4,Fine-Tuned E5,0.3394007161259651
4,Fine-Tuned E5,0.5713882725685835
4,Fine-Tuned E5,0.571347564458847
4,Fine-Tuned E5,0.2316173613071441
4,Fine-Tuned E5,0.2102220505475998
4,Fine-Tuned E5,0.1987366378307342
4,Fine-Tuned E5,0.5094709023833275
4,Fine-Tuned E5,0.1882070004940033
4,Fine-Tuned E5,0.361624151468277
4,Fine-Tuned E5,0.3631012737751007
4,Fine-Tuned E5,0.5155545771121979
4,Fine-Tuned E5,0.4977433457970619
4,Fine-Tuned E5,0.1764331459999084
4,Fine-Tuned E5,0.2055893242359161
4,Fine-Tuned E5,0.153483510017395
4,Fine-Tuned E5,0.2041729390621185
4,Fine-Tuned E5,0.1240168660879135
4,Fine-Tuned E5,-0.0216520875692367
4,Fine-Tuned E5,0.3932075500488281
4,Fine-Tuned E5,0.4424023479223251
4,Fine-Tuned E5,0.2912018597126007
4,Fine-Tuned E5,0.4692993201315403
4,Fine-Tuned E5,0.0174435079097747
4,Fine-Tuned E5,0.5365440398454666
4,Fine-Tuned E5,0.0959190130233764
4,Fine-Tuned E5,0.1642474234104156
4,Fine-Tuned E5,0.3153657354414463
4,Fine-Tuned E5,0.2597544193267822
4,Fine-Tuned E5,0.1745698451995849
4,Fine-Tuned E5,-0.0142133831977844
4,Fine-Tuned E5,0.3178842961788177
4,Fine-Tuned E5,0.4166117757558822
4,Fine-Tuned E5,0.5799643695354462
4,Fine-Tuned E5,0.1434327661991119
4,Fine-Tuned E5,0.2243266105651855
4,Fine-Tuned E5,0.0209482312202453
4,Fine-Tuned E5,0.4792511165142059
4,Fine-Tuned E5,0.3329117894172668
4,Fine-Tuned E5,-0.0793583393096923
4,Fine-Tuned E5,0.418933168053627
4,Fine-Tuned E5,0.3680140823125839
4,Fine-Tuned E5,0.0987145006656646
4,Fine-Tuned E5,0.4653600454330444
4,Fine-Tuned E5,0.2926052212715149
4,Fine-Tuned E5,0.176754355430603
4,Fine-Tuned E5,0.1366138458251953
4,Fine-Tuned E5,0.177245020866394
4,Fine-Tuned E5,0.4766545742750168
4,Fine-Tuned E5,-0.0515985488891601
4,Fine-Tuned E5,0.1983150690793991
4,Fine-Tuned E5,0.1336395144462585
4,Fine-Tuned E5,0.5058644115924835
4,Fine-Tuned E5,0.2102838978171348
4,Fine-Tuned E5,0.1487673223018646
4,Fine-Tuned E5,0.2753306739032268
4,Fine-Tuned E5,0.2356078624725341
4,Fine-Tuned E5,0.6871043292339891
4,Fine-Tuned E5,0.4618738952558487
4,Fine-Tuned E5,0.264590285718441
4,Fine-Tuned E5,0.3196075558662414
4,Fine-Tuned E5,0.4246262162923813
4,Fine-Tuned E5,0.0948193967342376
4,Fine-Tuned E5,0.5755692794919014
4,Fine-Tuned E5,0.2467406690120697
4,Fine-Tuned E5,0.5658363848924637
4,Fine-Tuned E5,0.4522983282804489
4,Fine-Tuned E5,0.3692019581794739
4,Fine-Tuned E5,0.0532473921775817
4,Fine-Tuned E5,0.2270577847957611
4,Fine-Tuned E5,0.2367170751094818
4,Fine-Tuned E5,-0.0602137446403503
4,Fine-Tuned E5,0.376562550663948
4,Fine-Tuned E5,0.5014455616474152
4,Fine-Tuned E5,0.1106908321380615
4,Fine-Tuned E5,0.1299952566623687
4,Fine-Tuned E5,-0.0531442761421203
4,Fine-Tuned E5,0.2110942900180816
4,Fine-Tuned E5,0.15472212433815
4,Fine-Tuned E5,0.1352206170558929
4,Fine-Tuned E5,0.2688372582197189
4,Fine-Tuned E5,0.3159952610731125
4,Fine-Tuned E5,0.1083000898361206
4,Fine-Tuned E5,0.5500015020370483
4,Fine-Tuned E5,0.5175858363509178
4,Fine-Tuned E5,0.0687254965305328
4,Fine-Tuned E5,0.0259513854980468
4,Fine-Tuned E5,0.0449600219726562
4,Fine-Tuned E5,0.1279550492763519
4,Fine-Tuned E5,0.0662878155708313
4,Fine-Tuned E5,0.2206771373748779
4,Fine-Tuned E5,0.0594798028469085
4,Fine-Tuned E5,-0.0117294490337371
4,Fine-Tuned E5,0.590040810406208
4,Fine-Tuned E5,0.4661795385181904
4,Fine-Tuned E5,0.2951221466064453
4,Fine-Tuned E5,0.5989212095737457
4,Fine-Tuned E5,0.2136860191822052
4,Fine-Tuned E5,0.2146541774272918
4,Fine-Tuned E5,0.1920438408851623
4,Fine-Tuned E5,0.4678924009203911
4,Fine-Tuned E5,0.5049711167812347
4,Fine-Tuned E5,0.1934033632278442
4,Fine-Tuned E5,0.4326493889093399
4,Fine-Tuned E5,0.3751050406135618
4,Fine-Tuned E5,0.2804951816797256
4,Fine-Tuned E5,0.2308738082647323
4,Fine-Tuned E5,0.2840315550565719
4,Fine-Tuned E5,0.4161524474620819
4,Fine-Tuned E5,0.0032923519611358
4,Fine-Tuned E5,0.3886006660759449
4,Fine-Tuned E5,-0.0173150897026062
4,Fine-Tuned E5,0.0774378180503845
4,Fine-Tuned E5,0.0859248042106628
4,Fine-Tuned E5,0.5210412703454494
4,Fine-Tuned E5,0.4485794082283973
4,Fine-Tuned E5,0.266776330769062
4,Fine-Tuned E5,0.0309943854808807
4,Fine-Tuned E5,0.2207483481615781
4,Fine-Tuned E5,0.0704522132873535
4,Fine-Tuned E5,0.0797864645719528
4,Fine-Tuned E5,0.4018037393689155
4,Fine-Tuned E5,0.1957999020814895
4,Fine-Tuned E5,0.3071965426206589
4,Fine-Tuned E5,0.1748113334178924
4,Fine-Tuned E5,0.3209272734820843
4,Fine-Tuned E5,-0.0056308209896087
4,Fine-Tuned E5,0.2935992106795311
4,Fine-Tuned E5,0.306265041232109
4,Fine-Tuned E5,0.4559007175266742
4,Fine-Tuned E5,0.0899337530136108
4,Fine-Tuned E5,0.287252813577652
4,Fine-Tuned E5,-0.0396632552146911
4,Fine-Tuned E5,0.4018071442842483
4,Fine-Tuned E5,0.1321035325527191
4,Fine-Tuned E5,0.2043840885162353
4,Fine-Tuned E5,0.4577491134405136
4,Fine-Tuned E5,-0.0433747470378875
4,Fine-Tuned E5,0.1022230982780456
4,Fine-Tuned E5,0.3467542082071304
4,Fine-Tuned E5,0.6523176673799753
4,Fine-Tuned E5,0.3827316910028457
4,Fine-Tuned E5,0.1757585704326629
4,Fine-Tuned E5,0.7590566724538803
4,Fine-Tuned E5,0.3406542390584945
4,Fine-Tuned E5,0.2903366088867187
4,Fine-Tuned E5,0.2897999882698059
4,Fine-Tuned E5,0.2330164313316345
4,Fine-Tuned E5,0.1368889212608337
4,Fine-Tuned E5,0.7482140362262726
4,Fine-Tuned E5,-0.102533996105194
4,Fine-Tuned E5,0.4568983465433121
4,Fine-Tuned E5,0.4587859362363815
4,Fine-Tuned E5,0.0713256895542144
4,Fine-Tuned E5,0.4653670191764831
4,Fine-Tuned E5,0.5055656582117081
4,Fine-Tuned E5,0.7234873175621033
4,Fine-Tuned E5,0.3318476676940918
4,Fine-Tuned E5,0.4841291606426239
4,Fine-Tuned E5,0.6049770414829254
4,Fine-Tuned E5,0.2399916648864746
4,Fine-Tuned E5,0.1683650836348533
4,Fine-Tuned E5,0.4425225853919983
4,Fine-Tuned E5,0.2111748456954956
4,Fine-Tuned E5,0.2801230698823929
4,Fine-Tuned E5,0.2972761243581772
4,Fine-Tuned E5,0.6131497994065285
4,Fine-Tuned E5,0.3192489072680473
4,Fine-Tuned E5,0.1411744803190231
4,Fine-Tuned E5,0.0466239601373672
4,Fine-Tuned E5,0.5940231829881668
4,Fine-Tuned E5,0.3338800482451916
4,Fine-Tuned E5,-0.0819467902183532
4,Fine-Tuned E5,0.334424078464508
4,Fine-Tuned E5,0.2578778266906738
4,Fine-Tuned E5,0.4720262438058853
4,Fine-Tuned E5,0.4820350334048271
4,Fine-Tuned E5,0.2746893316507339
4,Fine-Tuned E5,-0.0518084466457366
4,Fine-Tuned E5,0.5170797724276781
4,Fine-Tuned E5,0.0896804928779602
4,Fine-Tuned E5,0.0789422690868377
4,Fine-Tuned E5,0.4603450410068035
4,Fine-Tuned E5,0.3978080675005913
4,Fine-Tuned E5,-0.0834146738052368
4,Fine-Tuned E5,-0.0063014328479766
4,Fine-Tuned E5,-0.1214297413825988
4,Fine-Tuned E5,-0.1579450368881225
4,Fine-Tuned E5,0.0140220075845718
4,Fine-Tuned E5,0.2511380314826965
4,Fine-Tuned E5,0.1849346831440925
4,Fine-Tuned E5,0.3818028941750526
4,Fine-Tuned E5,0.5990296341478825
4,Fine-Tuned E5,0.0514750443398952
4,Fine-Tuned E5,0.4112764485180378
4,Fine-Tuned E5,-0.4077100306749344
5,Base E5,-0.038205862045288
5,Base E5,0.0303616523742675
5,Base E5,0.0008700489997863
5,Base E5,0.0144518613815307
5,Base E5,-0.0366033911705017
5,Base E5,-0.0168298482894897
5,Base E5,0.0548401474952697
5,Base E5,-0.0182654857635498
5,Base E5,-0.0206734538078308
5,Base E5,0.0007914900779724
5,Base E5,0.0040168762207031
5,Base E5,-0.0184314846992492
5,Base E5,0.0046585202217102
5,Base E5,-0.0301473736763
5,Base E5,0.0380192399024963
5,Base E5,0.0115666389465332
5,Base E5,-0.0186038017272949
5,Base E5,0.0407833456993103
5,Base E5,0.0437116026878356
5,Base E5,-0.0248587131500244
5,Base E5,0.0404757857322692
5,Base E5,-0.0387800931930542
5,Base E5,0.0017648339271545
5,Base E5,-0.0130089521408081
5,Base E5,-0.0612620711326599
5,Base E5,-0.0002538561820983
5,Base E5,0.0255058407783508
5,Base E5,-0.0497183203697204
5,Base E5,-0.0368137955665588
5,Base E5,-0.0286924242973327
5,Base E5,-0.0271926522254943
5,Base E5,-0.0198180079460144
5,Base E5,-0.0166543126106262
5,Base E5,0.0081480741500854
5,Base E5,0.0377146005630493
5,Base E5,-0.0330733656883239
5,Base E5,-0.027033507823944
5,Base E5,-0.019781470298767
5,Base E5,-0.0209941864013671
5,Base E5,-0.0159739851951599
5,Base E5,0.01898193359375
5,Base E5,-0.005755066871643
5,Base E5,0.0307590961456298
5,Base E5,-0.0386741757392883
5,Base E5,-0.0624318718910217
5,Base E5,-0.0279410481452941
5,Base E5,-0.0319472551345825
5,Base E5,-0.0288342237472534
5,Base E5,-0.0015584230422973
5,Base E5,-0.0471258163452148
5,Base E5,-0.0100882649421691
5,Base E5,-0.0239421129226684
5,Base E5,-2.366304397583008e-05
5,Base E5,-0.0066121220588684
5,Base E5,-0.0097073912620544
5,Base E5,0.0071884989738464
5,Base E5,0.025845468044281
5,Base E5,-0.0068780779838562
5,Base E5,0.0015077590942382
5,Base E5,0.0157241821289062
5,Base E5,0.0268735885620117
5,Base E5,-0.0125479102134704
5,Base E5,0.007475733757019
5,Base E5,-0.0103617310523986
5,Base E5,0.0114868879318237
5,Base E5,-0.004040241241455
5,Base E5,-0.0457148551940918
5,Base E5,-0.0093974471092224
5,Base E5,-0.0210935473442077
5,Base E5,-0.0317084789276123
5,Base E5,0.0192824006080627
5,Base E5,0.0137290358543396
5,Base E5,0.0347782969474792
5,Base E5,-0.006964087486267
5,Base E5,-0.0201197862625122
5,Base E5,-0.0057684183120727
5,Base E5,0.0049022436141967
5,Base E5,0.0186408162117004
5,Base E5,0.0074746012687683
5,Base E5,0.0044050216674804
5,Base E5,-0.0059943199157714
5,Base E5,0.0090441107749938
5,Base E5,0.0225228667259216
5,Base E5,-0.028099775314331
5,Base E5,-0.0002270936965942
5,Base E5,0.0060282349586486
5,Base E5,-0.0090524554252624
5,Base E5,-0.0577857494354248
5,Base E5,0.0098064541816711
5,Base E5,-0.0265873670578002
5,Base E5,0.0207172036170959
5,Base E5,0.0056820511817932
5,Base E5,0.028467833995819
5,Base E5,0.0443379282951355
5,Base E5,0.037360668182373
5,Base E5,0.0051633715629577
5,Base E5,0.0005238056182861
5,Base E5,0.0113351941108703
5,Base E5,0.0057220458984375
5,Base E5,0.0055606365203857
5,Base E5,-0.0252677798271179
5,Base E5,-0.0122402310371398
5,Base E5,-0.0365540981292724
5,Base E5,-0.0296461582183837
5,Base E5,-0.0053627490997314
5,Base E5,-0.0219643712043762
5,Base E5,0.0117596983909606
5,Base E5,-0.0165039300918579
5,Base E5,0.0482460856437683
5,Base E5,0.0059425830841064
5,Base E5,0.0119758248329162
5,Base E5,0.0143941640853881
5,Base E5,0.0042443871498107
5,Base E5,0.0466699600219726
5,Base E5,-0.0349422097206115
5,Base E5,0.0098515748977661
5,Base E5,-0.0099880695343017
5,Base E5,-0.0504596829414367
5,Base E5,-0.0306743383407592
5,Base E5,-0.017173945903778
5,Base E5,0.0415558218955993
5,Base E5,0.0127138495445251
5,Base E5,0.0132924318313598
5,Base E5,-0.0077629089355468
5,Base E5,-0.0260642170906066
5,Base E5,-0.0469982624053955
5,Base E5,0.0116018056869506
5,Base E5,-0.0400126576423645
5,Base E5,-0.0292239189147949
5,Base E5,-0.0353117585182189
5,Base E5,-0.0276075601577758
5,Base E5,-0.0287021398544311
5,Base E5,0.0389097929000854
5,Base E5,0.0196932554244995
5,Base E5,0.0134567022323608
5,Base E5,0.03743177652359
5,Base E5,0.0174568891525268
5,Base E5,-0.0092647671699523
5,Base E5,-0.0270380973815917
5,Base E5,-0.0075317621231079
5,Base E5,0.0142668485641479
5,Base E5,0.019744336605072
5,Base E5,0.0358362793922424
5,Base E5,0.0159483551979064
5,Base E5,0.0324051976203918
5,Base E5,0.0080558657646179
5,Base E5,0.051799476146698
5,Base E5,0.0356925725936889
5,Base E5,0.0255618095397949
5,Base E5,-0.0161402225494384
5,Base E5,0.0156784057617187
5,Base E5,-0.0117413997650146
5,Base E5,0.0093597769737243
5,Base E5,0.0150859951972961
5,Base E5,-0.0188899636268615
5,Base E5,0.0160349607467651
5,Base E5,0.0309549570083618
5,Base E5,-0.0072659850120544
5,Base E5,-0.0026124715805053
5,Base E5,0.0234529972076416
5,Base E5,0.0359699130058288
5,Base E5,0.0421907305717468
5,Base E5,0.0155311226844787
5,Base E5,0.0461632013320922
5,Base E5,0.0299414992332458
5,Base E5,0.0092604160308837
5,Base E5,0.0348226428031921
5,Base E5,-0.0064736604690551
5,Base E5,0.0126362442970275
5,Base E5,0.0174624323844909
5,Base E5,0.0239984393119812
5,Base E5,-0.000163972377777
5,Base E5,0.0162607431411743
5,Base E5,-0.0072904825210571
5,Base E5,-0.0061869025230407
5,Base E5,-0.0224085450172424
5,Base E5,-0.0091847777366638
5,Base E5,-0.0096617341041564
5,Base E5,-0.0081820487976074
5,Base E5,-0.0123518705368042
5,Base E5,0.0210006237030029
5,Base E5,0.0088019967079162
5,Base E5,0.027224063873291
5,Base E5,-0.0128295421600341
5,Base E5,-0.0433444380760192
5,Base E5,-0.0206349492073059
5,Base E5,-0.0017815828323364
5,Base E5,-0.0188066363334655
5,Base E5,0.0419791340827941
5,Base E5,0.0480539798736572
5,Base E5,0.0448792576789855
5,Base E5,0.0220376849174499
5,Base E5,0.0127608180046081
5,Base E5,0.0016027092933654
5,Base E5,0.0343523025512695
5,Base E5,0.0093970894813537
5,Base E5,0.0504356622695922
5,Base E5,0.0089509487152099
5,Base E5,-0.0428887009620666
5,Base E5,-0.0049442648887634
5,Base E5,0.0028673410415649
5,Base E5,0.0154322981834411
5,Base E5,0.0087677836418151
5,Base E5,0.000593364238739
5,Base E5,0.0180670022964477
5,Base E5,0.0351337790489196
5,Base E5,0.0119712948799133
5,Base E5,0.0202624797821044
5,Base E5,0.0049181580543518
5,Base E5,-0.0454888343811035
5,Base E5,0.013638436794281
5,Base E5,0.0091739296913146
5,Base E5,0.0382605195045471
5,Base E5,-0.0113217234611511
5,Base E5,0.0149609446525573
5,Base E5,-0.0059365630149841
5,Base E5,0.0148858428001403
5,Base E5,0.021109402179718
5,Base E5,0.0199146270751953
5,Base E5,-0.0135272145271301
5,Base E5,-0.0015926361083984
5,Base E5,0.0175645947456359
5,Base E5,0.0664600729942321
5,Base E5,0.0020908117294311
5,Base E5,-0.0143951177597045
5,Base E5,-0.0111831426620483
5,Base E5,-0.0111637711524963
5,Base E5,-0.0098801255226135
5,Base E5,0.0083346962928771
5,Base E5,-0.0193972587585449
5,Base E5,0.0273013114929199
5,Base E5,0.0006843209266662
5,Base E5,0.053318440914154
5,Base E5,0.0229992270469665
5,Base E5,-0.0085593461990356
5,Base E5,-0.0320905447006225
5,Base E5,0.0429506301879882
5,Base E5,0.0314084291458129
5,Base E5,0.0351746082305908
5,Base E5,0.0457777380943298
5,Base E5,0.0219444036483764
5,Base E5,0.0119240283966064
5,Base E5,-0.0182492136955261
5,Base E5,0.0173044800758361
5,Base E5,0.0150011777877807
5,Base E5,0.0067110657691955
5,Base E5,0.0111585855484008
5,Base E5,-0.0101975798606872
5,Base E5,0.0273326635360717
5,Base E5,-0.0089524984359741
5,Base E5,-0.0045371055603027
5,Base E5,0.011684775352478
5,Base E5,-0.0085325241088867
5,Base E5,-0.006534993648529
5,Base E5,0.0401655435562133
5,Base E5,0.0021340250968933
5,Base E5,0.0276408791542053
5,Base E5,0.0369964241981506
5,Base E5,0.056661307811737
5,Base E5,-0.002698004245758
5,Base E5,7.033348083496094e-06
5,Base E5,0.0031846761703491
5,Base E5,-0.0017370581626892
5,Base E5,-0.0049844980239868
5,Base E5,0.0336648225784301
5,Base E5,0.0419796109199523
5,Base E5,-0.0185023546218872
5,Base E5,0.0134924054145812
5,Base E5,0.001339852809906
5,Base E5,-0.0047466158866882
5,Base E5,-0.0362550020217895
5,Base E5,-0.0023136138916015
5,Base E5,-0.0204789638519287
5,Base E5,-0.0184630155563354
5,Base E5,0.0194583535194396
5,Base E5,-0.0175489783287048
5,Base E5,0.0769704580307006
5,Base E5,-0.0042674541473388
5,Base E5,-0.0154602527618408
5,Base E5,-0.0224733352661132
5,Base E5,-0.0127741694450378
5,Base E5,-0.0239132046699523
5,Base E5,-0.0043686628341674
5,Base E5,-0.004427433013916
5,Base E5,0.0258887410163879
5,Base E5,0.0006451606750488
5,Base E5,-0.0263667702674865
5,Base E5,-0.0228473544120788
5,Base E5,-0.0155143737792968
5,Base E5,0.0180091261863708
5,Base E5,0.0184994339942932
5,Base E5,0.030994176864624
5,Base E5,0.0028907656669616
5,Base E5,0.0212769508361816
5,Base E5,0.0320651531219482
5,Base E5,-0.0467989444732666
5,Base E5,0.0297529697418212
5,Base E5,-0.0029466748237609
5,Base E5,0.0214809775352478
5,Base E5,0.0154837369918823
5,Base E5,-0.0174140930175781
5,Base E5,-0.0189286470413208
5,Base E5,-0.0283581614494323
5,Base E5,-0.0071054697036743
5,Base E5,0.0177792906761169
5,Base E5,-0.0018590092658996
5,Base E5,0.0142569541931152
5,Base E5,-0.0046834349632263
5,Base E5,0.044008195400238
5,Base E5,-0.0046883225440979
5,Base E5,0.0231687426567077
5,Base E5,0.0273050069808959
5,Base E5,0.0522007942199707
5,Base E5,0.009811520576477
5,Base E5,0.0249946117401123
5,Base E5,0.0249801278114318
5,Base E5,-0.0012948513031005
5,Base E5,0.0381580591201782
5,Base E5,-0.0249603390693664
5,Base E5,-0.020088255405426
5,Base E5,0.0228050947189331
5,Base E5,0.0055737495422363
5,Base E5,0.0184992551803588
5,Base E5,-0.023729920387268
5,Base E5,0.008605420589447
5,Base E5,-0.0099971294403076
5,Base E5,0.0140123963356018
5,Base E5,0.0216133594512939
5,Base E5,0.0207122564315795
5,Base E5,-0.0224053263664245
5,Base E5,0.0235761404037475
5,Base E5,-0.0387751460075378
5,Base E5,0.0142372846603393
5,Base E5,0.0094021558761596
5,Base E5,-0.0111087560653686
5,Base E5,0.0451727509498596
5,Base E5,0.0453801751136779
5,Base E5,-0.0026721358299255
5,Base E5,0.031191349029541
5,Base E5,0.0379700064659118
5,Base E5,-0.0160557627677917
5,Base E5,-0.0392249822616577
5,Base E5,-0.0128718614578247
5,Base E5,-0.0187214612960815
5,Base E5,0.0681113004684448
5,Base E5,0.0519019961357116
5,Base E5,-0.0392757654190063
5,Base E5,-0.014470100402832
5,Base E5,0.0024968981742858
5,Base E5,0.0027999877929687
5,Base E5,0.0080384612083435
5,Base E5,-0.0286840796470642
5,Base E5,0.0325871109962463
5,Base E5,-0.0117179751396179
5,Base E5,-0.0313727855682373
5,Base E5,0.0224556922912597
5,Base E5,0.0427682399749755
5,Base E5,-0.0008627772331237
5,Base E5,0.0047964453697204
5,Base E5,-0.002496600151062
5,Base E5,0.060633897781372
5,Base E5,-0.0070066452026367
5,Base E5,-0.0255172252655029
5,Base E5,0.0465885400772094
5,Base E5,0.0557553172111511
5,Base E5,0.0115881562232971
5,Base E5,0.0749850869178772
5,Base E5,0.0867361426353454
5,Base E5,0.0623830556869506
5,Base E5,0.0293430685997009
5,Base E5,0.0567705631256103
5,Base E5,-0.0330973267555236
5,Base E5,0.0203158855438232
5,Base E5,-0.014327049255371
5,Base E5,0.0273863077163696
5,Base E5,0.0347644090652465
5,Base E5,0.0636964440345764
5,Base E5,0.0290369391441345
5,Base E5,-0.0050274729728698
5,Base E5,-0.0254707336425781
5,Base E5,0.0180516242980957
5,Base E5,0.024592638015747
5,Base E5,0.016665756702423
5,Base E5,-0.0050325989723205
5,Base E5,0.0468710064888
5,Base E5,0.0450559854507446
5,Base E5,-0.0475018620491027
5,Base E5,0.0201322436332702
5,Base E5,-0.008846640586853
5,Base E5,-0.0245455503463745
5,Base E5,-0.0585441589355468
5,Base E5,-0.0352047681808471
5,Base E5,0.0195902585983276
5,Base E5,-0.0093382596969604
5,Base E5,0.008463978767395
5,Base E5,0.0332270264625549
5,Base E5,0.0415492057800293
5,Base E5,-0.0028673410415649
5,Base E5,0.0032104849815368
5,Base E5,0.030511200428009
5,Base E5,0.0322792530059814
5,Base E5,0.019555389881134
5,Base E5,0.005181074142456
5,Base E5,0.0075384378433227
5,Base E5,0.0299392938613891
5,Base E5,-0.0225847363471984
5,Base E5,0.0061734914779663
5,Base E5,-0.019672691822052
5,Base E5,0.0096341967582702
5,Base E5,0.0132849812507629
5,Base E5,-0.0174789428710937
5,Base E5,-0.023291528224945
5,Base E5,0.039451777935028
5,Base E5,-0.020954430103302
5,Base E5,0.0070430636405944
5,Base E5,-0.0113874673843383
5,Base E5,0.0501874089241027
5,Base E5,-0.0151284337043762
5,Base E5,0.0085921883583068
5,Base E5,-0.025806188583374
5,Base E5,0.0254340171813964
5,Base E5,-0.0166199803352355
5,Base E5,0.0183804631233215
5,Base E5,-0.0115339159965515
5,Base E5,-0.002369225025177
5,Base E5,0.0219839811325073
5,Base E5,-0.030249536037445
5,Base E5,-0.0123467445373535
5,Base E5,-0.0519760847091674
5,Base E5,-0.0020942091941833
5,Base E5,-0.0120922923088073
5,Base E5,-0.024945318698883
5,Base E5,0.0546026825904846
5,Base E5,0.0538296699523925
5,Base E5,-0.0028772354125976
5,Base E5,0.0504915118217468
5,Base E5,0.0009549260139465
5,Base E5,-0.0349371433258056
5,Base E5,-0.0003801584243774
5,Base E5,0.002267301082611
5,Base E5,-0.0126128792762756
5,Base E5,-0.0031784176826477
5,Base E5,0.0026355385780334
5,Base E5,-0.0329760909080505
5,Base E5,0.0016658902168273
5,Base E5,-0.0214127302169799
5,Base E5,0.0290436744689941
5,Base E5,0.0094813704490661
5,Base E5,0.0181222558021545
5,Base E5,-0.0154250264167785
5,Base E5,0.0173147916793823
5,Base E5,0.0045232772827148
5,Base E5,0.0071847438812255
5,Base E5,0.0310203433036804
5,Base E5,0.0247284173965454
5,Base E5,0.0007984042167663
5,Base E5,0.0915873646736145
5,Base E5,0.0697990655899047
5,Base E5,0.0030431747436523
5,Base E5,0.0734767317771911
5,Base E5,0.0254660844802856
5,Base E5,-0.0070003867149353
5,Base E5,0.0122514367103576
5,Base E5,-0.0283517241477966
5,Base E5,0.0393195748329162
5,Base E5,-0.0326919555664062
5,Base E5,-0.0298247933387756
5,Base E5,-0.0262215137481689
5,Base E5,-0.0032897591590881
5,Base E5,-0.0340081453323364
5,Base E5,-0.0037031769752502
5,Base E5,-0.0319830179214477
5,Base E5,-0.0102999806404113
5,Base E5,-0.0017400383949279
5,Base E5,0.031371533870697
5,Base E5,-0.0022003650665283
5,Base E5,-0.0083836317062377
5,Base E5,-0.037207543849945
5,Base E5,0.0234478712081909
5,Base E5,-0.0033590197563171
5,Base E5,0.0130544900894165
5,Base E5,0.0033228397369384
5,Base E5,0.0231137871742248
5,Base E5,-0.0318653583526611
5,Base E5,0.0229178667068481
5,Base E5,0.0095258355140686
5,Base E5,-0.0679405927658081
5,Base E5,0.0023499727249145
5,Base E5,0.0136308670043945
5,Base E5,0.0310950875282287
5,Base E5,0.0311430692672729
5,Base E5,-0.0095208287239074
5,Base E5,-0.0308490395545959
5,Base E5,-0.0180121064186096
5,Base E5,-0.0105303525924682
5,Base E5,-0.0182875394821167
5,Base E5,0.0230414867401123
5,Base E5,0.011655569076538
5,Base E5,-0.0241749286651611
5,Base E5,-0.0255797505378723
5,Base E5,0.0065652728080749
5,Base E5,0.0377545356750488
5,Base E5,-0.005340576171875
5,Base E5,0.0179514288902282
5,Base E5,0.0397814512252807
5,Base E5,0.0292444229125976
5,Base E5,0.0482470989227294
5,Base E5,-0.0057862997055053
5,Base E5,0.0422092676162719
5,Base E5,0.0463013648986816
5,Base E5,0.0405730009078979
5,Base E5,0.021662414073944
5,Base E5,0.0387182235717773
5,Base E5,0.032372772693634
5,Base E5,0.0428410172462463
5,Base E5,0.0476500391960144
5,Base E5,0.0588605403900146
5,Base E5,0.0384287238121032
5,Base E5,0.0510246753692626
5,Base E5,0.052101194858551
5,Base E5,0.0083744525909423
5,Base E5,-0.0129804015159606
5,Base E5,0.0378958582878112
5,Base E5,-0.0161222219467163
5,Base E5,-0.0067836642265319
5,Base E5,0.0011526942253112
5,Base E5,0.0136768221855163
5,Base E5,-0.0171424150466918
5,Base E5,-0.013262391090393
5,Base E5,-0.0098804831504821
5,Base E5,-0.0209604501724243
5,Base E5,-0.0094982385635375
5,Base E5,0.022717535495758
5,Base E5,-0.0024685859680175
5,Base E5,0.0427706241607666
5,Base E5,-0.0138057470321655
5,Base E5,0.0322088003158569
5,Base E5,0.030755877494812
5,Base E5,0.0416427254676818
5,Base E5,-0.0162093043327331
5,Base E5,0.0209964513778686
5,Base E5,0.0472558736801147
5,Base E5,0.0490851998329162
5,Base E5,0.0618373751640319
5,Base E5,0.0329450964927673
5,Base E5,0.0025180578231811
5,Base E5,-0.0018767714500427
5,Base E5,0.002685010433197
5,Base E5,0.0169081091880798
5,Base E5,0.0493316650390625
5,Base E5,0.0097469687461853
5,Base E5,0.0390660166740417
5,Base E5,0.04046630859375
5,Base E5,0.042263925075531
5,Base E5,0.0240609049797058
5,Base E5,0.0006455779075622
5,Base E5,-0.025283932685852
5,Base E5,-0.0023757219314575
5,Base E5,0.0320205092430114
5,Base E5,-0.0117543935775756
5,Base E5,-0.0106355547904968
5,Base E5,-0.0353385806083679
5,Base E5,0.0064446926116943
5,Base E5,-0.0009381771087646
5,Base E5,0.0289331674575805
5,Base E5,-0.0026172399520874
5,Base E5,0.0042143464088439
5,Base E5,0.0194226503372192
5,Base E5,0.0273357033729553
5,Base E5,-0.0011876821517944
5,Base E5,0.0024956464767456
5,Base E5,0.0157676935195922
5,Base E5,0.0055688619613647
5,Base E5,-0.0341256856918334
5,Base E5,0.0184812545776367
5,Base E5,-0.018562912940979
5,Base E5,-0.0082907080650329
5,Base E5,0.0113168358802795
5,Base E5,0.0187906026840209
5,Base E5,-0.0208684206008911
5,Base E5,0.0007075667381286
5,Base E5,0.0025257468223571
5,Base E5,0.0009365677833557
5,Base E5,-0.0202441811561584
5,Base E5,0.0103528499603271
5,Base E5,0.0046335458755493
5,Base E5,0.0154559612274169
5,Base E5,-0.0286232233047485
5,Base E5,0.0108485221862792
5,Base E5,-0.0021151304244995
5,Base E5,0.00204598903656
5,Base E5,0.0051002502441406
5,Base E5,0.0025115013122558
5,Base E5,-0.016244888305664
5,Base E5,-0.0245141386985778
5,Base E5,-0.0217725038528442
5,Base E5,0.0397493839263916
5,Base E5,0.0327741503715515
5,Base E5,0.0631762146949768
5,Base E5,-0.0030534863471984
5,Base E5,0.0075100064277648
5,Base E5,-0.0249952673912048
5,Base E5,0.0300195813179016
5,Base E5,0.0200163125991821
5,Base E5,0.0250821113586425
5,Base E5,0.0026807785034179
5,Base E5,0.0022339224815368
5,Base E5,-0.0030995607376098
5,Base E5,0.0023697018623352
5,Base E5,-0.0160004496574401
5,Base E5,0.0254725217819213
5,Base E5,-0.0288053154945373
5,Base E5,0.0162249207496643
5,Base E5,-0.0106837153434753
5,Base E5,0.015234351158142
5,Base E5,0.0141088366508483
5,Base E5,-0.0003957748413085
5,Base E5,-0.0038850307464599
5,Base E5,0.0198484063148498
5,Base E5,0.0155102610588073
5,Base E5,0.038800299167633
5,Base E5,-0.0013844966888427
5,Base E5,0.0601201653480529
5,Base E5,-0.013786494731903
5,Base E5,0.011382520198822
5,Base E5,0.0110326409339904
5,Base E5,0.0067192316055297
5,Base E5,-0.0266332030296325
5,Base E5,-0.0076757073402404
5,Base E5,0.0339601039886474
5,Base E5,0.0400992035865783
5,Base E5,0.0248064398765563
5,Base E5,-0.0037078857421875
5,Base E5,0.0007084012031555
5,Base E5,0.0140543580055236
5,Base E5,-0.021065354347229
5,Base E5,-0.0045565962791442
5,Base E5,-0.0121203660964965
5,Base E5,-0.0025779008865356
5,Base E5,-0.0123718380928039
5,Base E5,-0.0027505755424499
5,Base E5,0.0188114643096923
5,Base E5,0.0204172730445861
5,Base E5,0.0122768282890319
5,Base E5,-0.0026561617851257
5,Base E5,0.0117616057395935
5,Base E5,-0.0034107565879821
5,Base E5,-0.0092031955718994
5,Base E5,0.0039002895355224
5,Base E5,0.0164588093757629
5,Base E5,-0.0069426298141479
5,Base E5,-0.0038806200027465
5,Base E5,0.0202982425689697
5,Base E5,0.0140485167503356
5,Base E5,0.0059553980827331
5,Base E5,0.0184166431427001
5,Base E5,0.0353487730026245
5,Base E5,0.0027354955673217
5,Base E5,0.0152680277824401
5,Base E5,0.0042076110839843
5,Base E5,0.0366144180297851
5,Base E5,0.0058574080467224
5,Base E5,0.012733519077301
5,Base E5,0.0174075961112976
5,Base E5,-0.0242597460746765
5,Base E5,-0.0017298460006713
5,Base E5,0.0266051888465881
5,Base E5,-0.0240877866744995
5,Base E5,0.0077292323112487
5,Base E5,-0.0110469460487365
5,Base E5,0.031807005405426
5,Base E5,0.0248093605041503
5,Base E5,0.0190474390983581
5,Base E5,-0.0276404023170471
5,Base E5,0.0467837452888488
5,Base E5,0.0488672256469726
5,Base E5,-0.011104941368103
5,Base E5,0.014346420764923
5,Base E5,0.0145477652549743
5,Base E5,0.0175375342369079
5,Base E5,-0.0064666271209716
5,Base E5,7.31348991394043e-05
5,Base E5,-0.0201367139816284
5,Base E5,0.0020471215248107
5,Base E5,0.0122196674346923
5,Base E5,-7.045269012451172e-05
5,Base E5,0.0169410705566406
5,Base E5,-0.0253751277923584
5,Base E5,0.0184807181358337
5,Base E5,0.0347282290458679
5,Base E5,0.0068204402923583
5,Base E5,0.0212718248367309
5,Base E5,0.0091856122016906
5,Base E5,-0.0047420263290405
5,Base E5,0.0230259299278259
5,Base E5,0.0101782083511352
5,Base E5,0.0116404891014099
5,Base E5,-0.0050923228263854
5,Base E5,0.0368903875350952
5,Base E5,0.0014474987983703
5,Base E5,0.0071647763252258
5,Base E5,0.0014747977256774
5,Base E5,0.0069356560707092
5,Base E5,-0.0086255073547363
5,Base E5,0.0128641724586486
5,Base E5,0.0332709550857543
5,Base E5,0.0735722184181213
5,Base E5,0.0214456319808959
5,Base E5,0.0605791211128234
5,Base E5,0.015321671962738
5,Base E5,-0.0018391609191894
5,Base E5,0.0272741913795471
5,Base E5,0.0738072991371154
5,Base E5,0.046566367149353
5,Base E5,0.0129192471504211
5,Base E5,-3.5643577575683594e-05
5,Base E5,0.0335519909858703
5,Base E5,0.0113903284072875
5,Base E5,0.0100008845329284
5,Base E5,0.0396996140480041
5,Base E5,-0.0017650723457336
5,Base E5,-0.0075998902320861
5,Base E5,-0.0094503760337829
5,Base E5,0.0158123970031738
5,Base E5,0.0056619644165039
5,Base E5,-0.0099959373474121
5,Base E5,-0.0018917918205261
5,Base E5,-0.0001450181007385
5,Base E5,-0.0177254080772399
5,Base E5,-0.0251133441925048
5,Base E5,-0.0054364204406738
5,Base E5,-0.0209534764289855
5,Base E5,-0.0134809017181396
5,Base E5,-0.0275800228118896
5,Base E5,-0.0133688449859619
5,Base E5,0.0042697191238403
5,Base E5,0.048811912536621
5,Base E5,0.0098443627357482
5,Base E5,0.0027925372123718
5,Base E5,-0.0187392234802246
5,Base E5,-0.0275489687919616
5,Base E5,-0.0078762769699096
5,Base E5,-0.0032623410224914
5,Base E5,0.030484139919281
5,Base E5,0.0042059421539306
5,Base E5,0.0143470168113708
5,Base E5,0.0229430198669433
5,Base E5,0.0173914432525634
5,Base E5,0.0484928488731384
5,Base E5,0.0351220965385437
5,Base E5,0.0176373124122619
5,Base E5,0.0356197953224182
5,Base E5,0.0201402902603149
5,Base E5,-0.0032322406768798
5,Base E5,0.0336917042732238
5,Base E5,0.0246095657348632
5,Base E5,-0.014473021030426
5,Base E5,-0.0010157823562622
5,Base E5,0.0103777647018432
5,Base E5,-0.0318444371223449
5,Base E5,-0.0043095350265502
5,Base E5,0.0043719410896301
5,Base E5,-0.0052171945571899
5,Base E5,0.0135712623596191
5,Base E5,0.0123519301414489
5,Base E5,-0.0453503131866455
5,Base E5,0.0076472759246826
5,Base E5,-0.0319174528121948
5,Base E5,0.001032531261444
5,Base E5,-0.0297735333442688
5,Base E5,0.0119228959083557
5,Base E5,0.002732515335083
5,Base E5,0.0118712782859802
5,Base E5,-0.0116685032844543
5,Base E5,0.0276063084602355
5,Base E5,-0.0293745398521423
5,Base E5,0.042915403842926
5,Base E5,0.0193597674369812
5,Base E5,0.046451449394226
5,Base E5,0.0086055397987365
5,Base E5,0.0315820574760437
5,Base E5,0.0019152164459228
5,Base E5,0.005461037158966
5,Base E5,0.0321310758590698
5,Base E5,0.0063754320144653
5,Base E5,-0.044278085231781
5,Base E5,0.0235252380371093
5,Base E5,-0.0128781199455261
5,Base E5,0.0157092809677124
5,Base E5,-0.0081769824028015
5,Base E5,0.0500109791755676
5,Base E5,-0.0178723335266113
5,Base E5,0.0198653936386108
5,Base E5,0.0252073407173156
5,Base E5,0.0299109816551208
5,Base E5,0.0288944840431213
5,Base E5,0.0163519382476806
5,Base E5,-0.0100693106651306
5,Base E5,0.0098090767860412
5,Base E5,-0.0095851421356201
5,Base E5,-0.0226645469665527
5,Base E5,-0.0035598278045654
5,Base E5,0.0355895161628723
5,Base E5,0.0065054893493652
5,Base E5,0.0226689577102661
5,Base E5,-0.0111364722251892
5,Base E5,0.0136840343475341
5,Base E5,-0.0188589096069335
5,Base E5,0.0257846713066101
5,Base E5,0.0048062801361083
5,Base E5,0.0327160954475402
5,Base E5,-0.0067092776298522
5,Base E5,-0.0031060576438903
5,Base E5,0.0002757906913757
5,Base E5,0.0091907978057861
5,Base E5,0.0165755152702331
5,Base E5,0.0310032963752746
5,Base E5,-0.0153657793998718
5,Base E5,0.0268338322639465
5,Base E5,-0.0273370146751403
5,Base E5,0.0343895554542541
5,Base E5,0.0054161548614501
5,Base E5,0.0098093152046203
5,Base E5,0.0054224729537963
5,Base E5,3.606081008911133e-05
5,Base E5,0.0090068578720092
5,Base E5,0.0346776247024536
5,Base E5,-0.0259827375411987
5,Base E5,0.0214042067527771
5,Base E5,0.0111879706382751
5,Base E5,0.0129523277282714
5,Base E5,0.0181547403335571
5,Base E5,-0.0038312673568725
5,Base E5,0.0108302235603332
5,Base E5,0.0259614586830139
5,Base E5,0.0228348970413208
5,Base E5,0.0290028452873229
5,Base E5,0.0002460479736328
5,Base E5,0.0018048286437988
5,Base E5,-0.0160514712333679
5,Base E5,0.0077274441719055
5,Base E5,-0.0095711946487426
5,Base E5,0.0367521047592163
5,Base E5,0.0335761308670043
5,Base E5,-0.0433719754219055
5,Base E5,-0.0112481713294982
5,Base E5,0.0050047039985656
5,Base E5,-0.012601613998413
5,Base E5,0.0069838762283325
5,Base E5,0.0406416058540344
5,Base E5,-0.0223978161811828
5,Base E5,0.0151266455650329
5,Base E5,0.0034822225570678
5,Base E5,0.0285094380378723
5,Base E5,0.0318062901496887
5,Base E5,0.0275284647941589
5,Base E5,-0.0016656517982482
5,Base E5,0.0305243134498596
5,Base E5,-0.0249962210655212
5,Base E5,-0.0083361864089965
5,Base E5,0.0364692211151123
5,Base E5,0.0512402057647705
5,Base E5,0.0249228477478027
5,Base E5,0.0283668637275695
5,Base E5,-0.0046138167381286
5,Base E5,0.0016872882843017
5,Base E5,0.0087411403656005
5,Base E5,-0.024027407169342
5,Base E5,0.0399689674377441
5,Base E5,0.0121962428092956
5,Base E5,-0.0039034485816955
5,Base E5,0.0070911049842834
5,Base E5,0.0207076668739318
5,Base E5,0.0072956085205078
5,Base E5,0.0207849740982055
5,Base E5,-0.0106803774833679
5,Base E5,0.0159255862236022
5,Base E5,0.0243513584136962
5,Base E5,0.0268101096153259
5,Base E5,-0.0060663223266601
5,Base E5,0.0371990799903869
5,Base E5,-0.0133754014968872
5,Base E5,-0.0003796219825744
5,Base E5,-0.018872320652008
5,Base E5,0.0440453290939331
5,Base E5,0.0314988493919372
5,Base E5,0.0298477411270141
5,Base E5,0.0498331785202026
5,Base E5,-0.0001734495162963
5,Base E5,-0.0235403180122375
5,Base E5,0.0278746485710144
5,Base E5,-0.0345256328582763
5,Base E5,-0.0048701167106628
5,Base E5,-0.0039995312690734
5,Base E5,0.0035147666931152
5,Base E5,-0.0054174661636352
5,Base E5,0.0256814956665039
5,Base E5,0.0115517973899841
5,Base E5,0.0296756029129028
5,Base E5,0.0028004646301269
5,Base E5,-0.0122587084770202
5,Base E5,-0.0241301655769348
5,Base E5,0.0226461291313171
5,Base E5,-0.0152387619018554
5,Base E5,0.0008943676948547
5,Base E5,0.0074759721755981
5,Base E5,0.0183388590812683
5,Base E5,0.0112236142158508
5,Base E5,-0.0066617727279663
5,Base E5,-0.0471749901771545
5,Base E5,-0.0446597337722778
5,Base E5,-0.0265400409698486
5,Base E5,0.0143404006958007
5,Base E5,-0.0105891823768615
5,Base E5,-0.0012851357460021
5,Base E5,-0.0059004426002502
5,Base E5,0.0044751763343811
5,Base E5,0.0148708224296569
5,Base E5,0.0099455714225769
5,Base E5,0.0115927457809448
5,Base E5,0.0193948149681091
5,Base E5,-0.0068780183792114
5,Base E5,-0.0128611326217651
5,Base E5,0.0084733366966247
5,Base E5,0.0361248254776001
5,Base E5,-0.0065333247184753
5,Base E5,0.0111286044120788
5,Base E5,0.0269838571548461
5,Base E5,0.0302046537399292
5,Base E5,-0.0015320181846618
5,Base E5,0.0258383154869079
5,Base E5,0.0176488161087036
5,Base E5,0.0621502995491027
5,Base E5,0.0115587711334228
5,Base E5,0.0464200377464294
5,Base E5,0.0336092114448547
5,Base E5,0.0367739200592041
5,Base E5,0.0151442289352417
5,Base E5,0.014391005039215
5,Base E5,-0.0240841507911682
5,Base E5,0.0477219820022583
5,Base E5,0.0139422416687011
5,Base E5,0.0160495042800903
5,Base E5,0.0508485436439514
5,Base E5,0.01083505153656
5,Base E5,-0.0257628560066223
5,Base E5,0.0128394365310668
5,Base E5,-0.0228304266929626
5,Base E5,0.0254120826721191
5,Base E5,0.0038738846778869
5,Base E5,0.0298178195953369
5,Base E5,0.0009081363677978
5,Base E5,0.0285273194313049
5,Base E5,0.0395272374153137
5,Base E5,0.0451048016548156
5,Base E5,0.0273136496543884
5,Base E5,0.0190849304199218
5,Base E5,-0.0055792927742004
5,Base E5,0.0356057286262512
5,Base E5,0.0256121158599853
5,Base E5,0.0276911854743957
5,Base E5,0.0467698574066162
5,Base E5,-0.0033158659934997
5,Base E5,0.006273865699768
5,Base E5,-0.002869427204132
5,Base E5,0.0213486552238464
5,Base E5,0.0506022572517395
5,Base E5,0.0204938650131225
5,Base E5,0.0057328939437866
5,Base E5,-0.0227974653244018
5,Base E5,-0.0081959962844848
5,Base E5,0.0386239886283874
5,Base E5,-0.004903495311737
5,Base E5,-0.0173312425613403
5,Base E5,0.0314781665802001
5,Base E5,0.0004222989082336
5,Base E5,-0.0032704472541809
5,Base E5,0.0084599256515502
5,Base E5,0.0050281286239624
5,Base E5,0.0105822086334228
5,Base E5,0.0216705799102783
5,Base E5,0.0409967899322509
5,Base E5,0.0697503089904785
5,Base E5,-0.0165799856185913
5,Base E5,-0.0004279613494873
5,Base E5,0.0315351486206054
5,Base E5,0.0248534679412841
5,Base E5,0.0306744575500488
5,Base E5,0.0240075588226318
5,Base E5,-0.0053679943084716
5,Base E5,0.0275852084159851
5,Base E5,0.033861219882965
5,Base E5,0.0356327295303344
5,Base E5,0.0222209095954895
5,Base E5,0.0133551955223083
5,Base E5,0.0498851537704467
5,Base E5,0.017226755619049
5,Base E5,0.0668988823890686
5,Base E5,0.029539406299591
5,Base E5,0.0227410793304443
5,Base E5,0.0139691233634948
5,Base E5,-0.023965835571289
5,Base E5,0.0632649064064025
5,Base E5,-0.057692527770996
5,Base E5,0.0196906924247741
5,Base E5,0.0203385949134826
5,Base E5,0.017266571521759
5,Base E5,0.0373302698135376
5,Base E5,-0.0261808633804321
5,Base E5,-0.0203914046287536
5,Base E5,0.0022540688514709
5,Base E5,-0.0180516839027404
5,Base E5,0.0083531141281127
5,Base E5,0.0099377036094665
5,Base E5,-0.0095285773277282
5,Base E5,-0.0105212330818176
5,Base E5,-0.0275077223777771
5,Base E5,0.0177820324897766
5,Base E5,-0.0087303519248962
5,Base E5,-0.0319554209709167
5,Base E5,0.0030897855758666
5,Base E5,-0.0135953426361083
5,Base E5,0.0387349128723144
5,Base E5,-0.0006063580513
5,Base E5,-0.0234386324882507
5,Base E5,0.0264273285865783
5,Base E5,-0.0092653036117553
5,Base E5,-0.0128349065780639
5,Base E5,-0.004510223865509
5,Base E5,0.0447815656661987
5,Base E5,0.0077704191207885
5,Base E5,0.0238061547279357
5,Base E5,0.0036718249320983
5,Base E5,-0.001162052154541
5,Base E5,0.0124499201774597
5,Base E5,-0.0050218701362609
5,Base E5,0.0150871872901916
5,Base E5,-0.0168630480766296
5,Base E5,0.0221196413040161
5,Base E5,0.0197401046752929
5,Base E5,0.0359795093536376
5,Base E5,0.0056737065315246
5,Base E5,-0.0262253880500793
5,Base E5,0.0223240256309509
5,Base E5,-0.0162435173988342
5,Base E5,0.0070588588714599
5,Base E5,0.0016870498657226
5,Base E5,0.0046181082725524
5,Base E5,-0.005807340145111
5,Base E5,-0.0022474527359008
5,Base E5,0.0103532671928405
5,Base E5,0.0040169358253479
5,Base E5,0.0131347179412841
5,Base E5,0.0049085617065429
5,Base E5,0.0008028149604797
5,Base E5,6.598234176635742e-05
5,Base E5,0.0155272483825683
5,Base E5,0.002350628376007
5,Base E5,-0.0257447957992553
5,Base E5,0.044880986213684
5,Base E5,-0.0177989602088928
5,Base E5,-0.0247073173522949
5,Base E5,0.0359702110290527
5,Base E5,-0.0078528523445129
5,Base E5,0.0316237807273864
5,Base E5,-0.0074942111968994
5,Base E5,0.0612000823020935
5,Base E5,0.0139374732971191
5,Base E5,0.0126864910125732
5,Base E5,-0.0138009190559387
5,Base E5,0.0372502207756042
5,Base E5,-0.0165099501609802
5,Base E5,0.0223060250282287
5,Base E5,0.0621488690376281
5,Base E5,0.0065419673919677
5,Base E5,-0.0215616226196289
5,Base E5,0.031315267086029
5,Base E5,-0.0279417634010314
5,Base E5,0.0629737377166748
5,Base E5,-0.0050540566444396
5,Base E5,-0.0145708918571472
5,Base E5,0.0099087953567504
5,Base E5,-0.0314728617668151
5,Base E5,0.0119106769561767
5,Base E5,0.0248007178306579
5,Base E5,0.0287681818008422
5,Base E5,0.0358449816703796
5,Base E5,-0.0079908967018127
5,Base E5,0.0422278642654418
5,Base E5,0.0112327337265014
5,Base E5,0.0501107573509216
5,Base E5,0.0224431157112121
5,Base E5,0.0024330615997314
5,Base E5,0.0185517072677612
5,Base E5,0.0325887203216552
5,Base E5,-0.0335488319396972
5,Base E5,-0.004618227481842
5,Base E5,0.0323973298072814
5,Base E5,0.0382649898529052
5,Base E5,0.0151636004447937
5,Base E5,-0.0063067078590393
5,Base E5,0.0093600153923034
5,Base E5,0.0113009214401245
5,Base E5,0.0083446502685546
5,Base E5,0.0142468810081481
5,Base E5,0.0154862999916076
5,Base E5,0.0317199230194091
5,Base E5,0.0211879014968872
5,Base E5,-0.0164045095443725
5,Base E5,-0.0181816220283508
5,Base E5,0.0326356887817382
5,Base E5,0.0149990916252136
5,Base E5,-0.0029157996177673
5,Base E5,-0.0369336009025573
5,Base E5,0.0187699198722839
5,Base E5,-0.0195127725601196
5,Base E5,0.0044248104095458
5,Base E5,-0.0293054580688476
5,Base E5,0.0184985399246215
5,Base E5,-0.0107978582382202
5,Base E5,-0.0132779479026794
5,Base E5,-0.021924614906311
5,Base E5,-0.0016382932662963
5,Base E5,0.0042032003402709
5,Base E5,0.0008184909820556
5,Base E5,-0.0206064581871032
5,Base E5,-0.0086027979850769
5,Base E5,-0.0317785143852233
5,Base E5,0.0189433097839355
5,Base E5,-0.031193196773529
5,Base E5,-0.0330872535705566
5,Base E5,-0.0212208032608032
5,Base E5,0.0396137833595275
5,Base E5,-0.012155532836914
5,Base E5,0.0769491791725158
5,Base E5,0.0351548790931701
5,Base E5,0.014853298664093
5,Base E5,-0.0108325481414794
5,Base E5,0.0204933881759643
5,Base E5,-0.0332872867584228
5,Base E5,0.0092224478721618
5,Base E5,-0.0059507489204406
5,Base E5,-0.0224143266677856
5,Base E5,-0.0369195342063903
5,Base E5,0.0262203812599182
5,Base E5,-0.0363678932189941
5,Base E5,0.0081984400749206
5,Base E5,-0.0361436009407043
5,Base E5,0.0092059969902038
5,Base E5,-0.016245424747467
5,Base E5,0.0021759271621704
5,Base E5,8.344650268554688e-07
5,Base E5,0.0107372999191284
5,Base E5,0.0340135097503662
5,Base E5,0.000110387802124
5,Base E5,-0.0569857954978942
5,Base E5,0.0265266895294189
5,Base E5,0.0248975753784179
5,Base E5,0.0182967185974121
5,Base E5,0.0309497117996215
5,Base E5,0.0430313944816589
5,Base E5,0.0273285508155822
5,Base E5,0.0372487306594848
5,Base E5,0.0166085362434387
5,Base E5,0.0130418539047241
5,Base E5,-0.0079025626182556
5,Base E5,0.014358103275299
5,Base E5,-0.0020377039909362
5,Base E5,0.0004433989524841
5,Base E5,-0.0029586553573608
5,Base E5,-0.0307742357254028
5,Base E5,-0.0043137669563293
5,Base E5,0.0082700848579406
5,Base E5,-0.0010722875595092
5,Base E5,-0.0094133615493774
5,Base E5,-0.0080756545066833
5,Base E5,0.0253009796142578
5,Base E5,-0.0106033086776733
5,Base E5,0.0262523889541625
5,Base E5,0.0125663876533508
5,Base E5,0.0702996253967285
5,Base E5,0.0145925283432006
5,Base E5,0.0370101928710937
5,Base E5,0.0279016494750976
5,Base E5,-0.0151045322418212
5,Base E5,-0.012218952178955
5,Base E5,-0.0115106701850891
5,Base E5,-0.0019587278366088
5,Base E5,0.0075136423110961
5,Base E5,0.0115805864334106
5,Base E5,0.0052257180213928
5,Base E5,-0.0145680904388427
5,Base E5,0.0081366300582885
5,Base E5,0.0108404755592346
5,Base E5,-0.019998013973236
5,Base E5,0.0295729041099548
5,Base E5,0.0144720077514648
5,Base E5,0.0245690941810607
5,Base E5,0.0110657215118408
5,Base E5,0.0174505710601806
5,Base E5,0.0279983282089233
5,Base E5,0.0307051539421081
5,Base E5,0.0102165341377258
5,Base E5,0.0087524652481079
5,Base E5,0.0289222598075866
5,Base E5,0.0166971683502197
5,Base E5,0.0117746591567993
5,Base E5,0.0367658734321594
5,Base E5,0.000601589679718
5,Base E5,-0.0237700343132019
5,Base E5,0.0278618931770324
5,Base E5,-0.0384209752082824
5,Base E5,0.013048768043518
5,Base E5,0.0075767040252685
5,Base E5,0.0127015113830566
5,Base E5,0.0322228074073791
5,Base E5,0.0197470784187316
5,Base E5,0.007703959941864
5,Base E5,0.0455282330513
5,Base E5,-6.836652755737305e-05
5,Base E5,0.0111908316612243
5,Base E5,0.0569026470184326
5,Base E5,0.0274043679237365
5,Base E5,0.0112602710723876
5,Base E5,-0.0218341946601867
5,Base E5,0.0417792797088623
5,Base E5,0.0114234685897827
5,Base E5,-0.0007677674293518
5,Base E5,0.0266658067703247
5,Base E5,0.0257898569107055
5,Base E5,0.0436725616455078
5,Base E5,-0.0011830329895019
5,Base E5,0.01003098487854
5,Base E5,-0.0190547704696655
5,Base E5,0.0187671184539794
5,Base E5,0.0043159127235412
5,Base E5,-0.0006554722785949
5,Base E5,-0.0146149396896362
5,Base E5,-0.0009413361549377
5,Base E5,-0.0166545510292053
5,Base E5,0.0187718868255615
5,Base E5,0.0573559403419494
5,Base E5,-0.0048130750656127
5,Base E5,-0.0187178254127502
5,Base E5,-0.0051050186157226
5,Base E5,0.0154911279678344
5,Base E5,0.0327770709991455
5,Base E5,0.0063951611518859
5,Base E5,-0.021652340888977
5,Base E5,0.0264413356781005
5,Base E5,-0.0094255208969116
5,Base E5,0.00341796875
5,Base E5,0.0125848054885864
5,Base E5,0.0038989186286926
5,Base E5,-0.0092392563819885
5,Base E5,-0.0082036256790161
5,Base E5,0.0387630462646484
5,Base E5,-0.0039604306221008
5,Base E5,0.0034959316253662
5,Base E5,0.0267754197120666
5,Base E5,0.0096855759620666
5,Base E5,0.0227513909339904
5,Base E5,0.0368281006813049
5,Base E5,-0.002082884311676
5,Base E5,0.0599076747894287
5,Base E5,-0.0097274184226989
5,Base E5,0.0402560830116272
5,Base E5,0.028857409954071
5,Base E5,0.010918378829956
5,Base E5,-0.0072559714317321
5,Base E5,-0.0336312055587768
5,Base E5,-0.0180338621139526
5,Base E5,0.0565968751907348
5,Base E5,0.0053158402442932
5,Base E5,0.0360796451568603
5,Base E5,0.0381407141685485
5,Base E5,-0.029967725276947
5,Base E5,-0.0082347989082336
5,Base E5,-0.0115661025047302
5,Base E5,0.0438981652259826
5,Base E5,-0.0192200541496276
5,Base E5,0.0102417469024658
5,Base E5,0.0018969774246215
5,Base E5,-0.0024514198303222
5,Base E5,-0.0176536440849304
5,Base E5,-0.0287427306175231
5,Base E5,0.0328566431999206
5,Base E5,0.0119473338127136
5,Base E5,0.0155876874923706
5,Base E5,0.0298823714256286
5,Base E5,0.00029718875885
5,Base E5,-0.0148660540580749
5,Base E5,-0.0221844911575317
5,Base E5,-0.0509478449821472
5,Base E5,-0.0424410104751586
5,Base E5,-0.0311658978462219
5,Base E5,0.0420373678207397
5,Base E5,-0.0304745435714721
5,Base E5,-0.0076062083244323
5,Base E5,0.0049529075622558
5,Base E5,0.0228897333145141
5,Base E5,-0.0005066990852355
5,Base E5,0.0065200328826904
5,Base E5,0.0098002552986145
5,Base E5,0.0497466921806335
5,Base E5,-0.0395154356956481
5,Base E5,-0.0657181739807128
5,Base E5,-0.0257331132888793
5,Base E5,0.0380204319953918
5,Base E5,0.0196467041969299
5,Base E5,0.0434715151786804
5,Base E5,0.0050377249717712
5,Base E5,0.009850263595581
5,Base E5,-0.0067694783210754
5,Base E5,0.0193867087364196
5,Base E5,0.037030279636383
5,Base E5,-0.0060964822769165
5,Base E5,-0.0022528767585754
5,Base E5,0.0205006003379821
5,Base E5,0.0076121687889099
5,Base E5,0.0058677792549133
5,Base E5,0.0143446922302246
5,Base E5,-0.0093244910240173
5,Base E5,-0.0315523147583007
5,Base E5,0.0036259293556213
5,Base E5,-0.0183884501457214
5,Base E5,-0.0266385674476623
5,Base E5,0.0287243127822875
5,Base E5,0.0397176146507263
5,Base E5,0.0164220929145813
5,Base E5,-0.0039277076721191
5,Base E5,0.015425682067871
5,Base E5,0.0068597793579101
5,Base E5,-0.0391551256179809
5,Base E5,-0.0212763547897338
5,Base E5,-0.0037720203399658
5,Base E5,-0.0158120393753051
5,Base E5,-0.0287563204765319
5,Base E5,-0.0229607224464416
5,Base E5,-0.0290184020996093
5,Base E5,-0.0030778050422668
5,Base E5,0.0093593597412109
5,Base E5,0.0045377016067504
5,Base E5,-0.0234655141830444
5,Base E5,-0.0135950446128845
5,Base E5,0.0053785443305969
5,Base E5,0.0022629499435424
5,Base E5,-0.0158925056457519
5,Base E5,0.0413956642150878
5,Base E5,0.0191463232040405
5,Base E5,0.0041567683219909
5,Base E5,0.0355374217033386
5,Base E5,0.0148429870605468
5,Base E5,0.0172507166862487
5,Base E5,0.020367681980133
5,Base E5,0.0233381986618042
5,Base E5,0.0488379001617431
5,Base E5,0.0316014289855957
5,Base E5,0.0378370285034179
5,Base E5,0.0266693830490112
5,Base E5,0.00595223903656
5,Base E5,0.040648877620697
5,Base E5,0.0361926555633544
5,Base E5,0.0265232920646667
5,Base E5,0.0170655846595764
5,Base E5,-0.0149567127227783
5,Base E5,0.048495590686798
5,Base E5,0.0219742059707641
5,Base E5,0.0194360017776489
5,Base E5,0.0094026327133178
5,Base E5,0.0053789019584655
5,Base E5,0.0037274956703186
5,Base E5,-0.0175853371620178
5,Base E5,-0.0113298892974853
5,Base E5,-0.0013636946678161
5,Base E5,0.009372055530548
5,Base E5,0.0271920561790466
5,Base E5,0.0326495766639709
5,Base E5,-0.0004631876945495
5,Base E5,0.0243299007415771
5,Base E5,0.0565941929817199
5,Base E5,0.0279741287231445
5,Base E5,0.0253440141677856
5,Base E5,0.0448918938636779
5,Base E5,0.0213035941123962
5,Base E5,0.0407931804656982
5,Base E5,0.0314816236495971
5,Base E5,0.0313441753387451
5,Base E5,0.0005713701248168
5,Base E5,0.0224071145057678
5,Base E5,0.0087290406227111
5,Base E5,0.033818781375885
5,Base E5,0.0332615375518798
5,Base E5,0.0230056047439575
5,Base E5,0.0485061407089233
5,Base E5,0.0123299956321716
5,Base E5,-0.0045333504676818
5,Base E5,0.0119310021400451
5,Base E5,0.0219120979309082
5,Base E5,-0.0072720050811767
5,Base E5,-0.0036389231681823
5,Base E5,-0.0101785063743591
5,Base E5,-0.002398669719696
5,Base E5,-0.0076138377189636
5,Base E5,0.0138273835182189
5,Base E5,0.0197226405143737
5,Base E5,0.0118079781532287
5,Base E5,0.0038466453552246
5,Base E5,0.0133832693099975
5,Base E5,0.0234860777854919
5,Base E5,0.0007095336914062
5,Base E5,0.0061826109886169
5,Base E5,-0.0172121524810791
5,Base E5,-0.0020530819892883
5,Base E5,0.0022546648979187
5,Base E5,-0.0188236236572265
5,Base E5,-0.0014079213142395
5,Base E5,-0.0099130272865295
5,Base E5,0.0494549870491027
5,Base E5,-0.0228359103202819
5,Base E5,0.02692312002182
5,Base E5,-0.011931836605072
5,Base E5,0.0336332917213439
5,Base E5,-0.0156664252281188
5,Base E5,-0.0022727847099304
5,Base E5,-0.014455497264862
5,Base E5,-0.0058729648590087
5,Base E5,-0.0190444588661193
5,Base E5,0.0246000289916992
5,Base E5,-0.006105899810791
5,Base E5,0.0090454220771789
5,Base E5,-0.0122197270393371
5,Base E5,-0.0044176578521728
5,Base E5,0.0084741115570068
5,Base E5,-0.0013551115989685
5,Base E5,-0.0184342861175537
5,Base E5,0.0240271687507629
5,Base E5,0.016713798046112
5,Base E5,0.0228746533393859
5,Base E5,0.0289934277534484
5,Base E5,0.0102713704109191
5,Base E5,-0.0012528300285339
5,Base E5,0.0231245756149292
5,Base E5,0.0368656516075134
5,Base E5,0.0154085755348205
5,Base E5,-0.0100311636924743
5,Base E5,0.003616988658905
5,Base E5,-0.004787802696228
5,Base E5,0.0524432063102722
5,Base E5,-0.0041195154190063
5,Base E5,0.0415887236595153
5,Base E5,0.0532231330871582
5,Base E5,0.0265663862228393
5,Base E5,0.0057443380355834
5,Base E5,0.0317873954772949
5,Base E5,0.0195336937904357
5,Base E5,-0.0137653946876525
5,Base E5,-0.0136089324951171
5,Base E5,0.0026816129684448
5,Base E5,-0.0262706279754638
5,Base E5,-0.0074356198310852
5,Base E5,-0.0048705339431762
5,Base E5,-0.0151728391647338
5,Base E5,-0.0165923833847045
5,Base E5,0.0193707346916198
5,Base E5,0.0036090612411499
5,Base E5,0.0049882531166076
5,Base E5,-0.0141542553901672
5,Base E5,0.0164304375648498
5,Base E5,-0.0059996843338012
5,Base E5,0.0169737935066223
5,Base E5,0.0114974975585937
5,Base E5,-0.0317025184631347
5,Base E5,0.013725459575653
5,Base E5,0.055052101612091
5,Base E5,-0.0072658658027648
5,Base E5,0.0149098634719848
5,Base E5,-0.0034992098808288
5,Base E5,0.0089779496192932
5,Base E5,-0.0022047162055969
5,Base E5,0.0259726047515869
5,Base E5,-0.0232684016227722
5,Base E5,0.0357226729393005
5,Base E5,-0.0343062281608581
5,Base E5,-0.0310645699501037
5,Base E5,-0.0052652359008789
5,Base E5,0.0109503865242004
5,Base E5,-0.0263991355895996
5,Base E5,0.0093014240264892
5,Base E5,0.007253348827362
5,Base E5,-0.0021491050720214
5,Base E5,0.0139058828353881
5,Base E5,-0.0018390417098999
5,Base E5,-0.0054929256439208
5,Base E5,-0.0067095160484313
5,Base E5,0.0048999190330505
5,Base E5,0.0081936120986938
5,Base E5,-0.0210435986518859
5,Base E5,0.008158802986145
5,Base E5,-0.0137951970100402
5,Base E5,0.0419875383377075
5,Base E5,0.0094946026802062
5,Base E5,0.0332754850387573
5,Base E5,0.039272129535675
5,Base E5,0.0191403031349182
5,Base E5,0.0040328502655029
5,Base E5,-0.0024481415748596
5,Base E5,-0.0146148800849914
5,Base E5,0.0210391283035278
5,Base E5,-0.0082811713218688
5,Base E5,0.0660611391067504
5,Base E5,0.0153457522392272
5,Base E5,0.0498313903808593
5,Base E5,0.0417095422744751
5,Base E5,0.0147985816001892
5,Base E5,0.0103111267089843
5,Base E5,0.0368101596832275
5,Base E5,0.0139073133468627
5,Base E5,0.0245153903961181
5,Base E5,0.032053530216217
5,Base E5,0.0419650077819824
5,Base E5,0.0708065629005432
5,Base E5,0.0479714274406433
5,Base E5,0.0540170669555664
5,Base E5,0.0044761300086975
5,Base E5,0.0065723061561584
5,Base E5,0.0580842494964599
5,Base E5,0.0200108289718627
5,Base E5,0.0257934927940368
5,Base E5,0.0053098201751708
5,Base E5,0.0248964428901672
5,Base E5,-0.0287390947341918
5,Base E5,-0.0003357529640197
5,Base E5,0.0004002451896667
5,Base E5,-0.004235565662384
5,Base E5,-0.0100975632667541
5,Base E5,0.0733051300048828
5,Base E5,0.038573145866394
5,Base E5,0.0676544904708862
5,Base E5,0.0169193148612976
5,Base E5,0.0177254676818847
5,Base E5,0.0174664258956909
5,Base E5,0.0517460703849792
5,Base E5,0.0204347372055053
5,Base E5,0.019275426864624
5,Base E5,0.0306492447853088
5,Base E5,-0.0199112296104431
5,Base E5,-0.0051265954971313
5,Base E5,-0.0101454257965087
5,Base E5,-0.016844093799591
5,Base E5,0.0678281784057617
5,Base E5,0.0307965278625488
5,Base E5,-0.0036557912826538
5,Base E5,0.0025635361671447
5,Base E5,0.0143694877624511
5,Base E5,0.0028258562088012
5,Base E5,0.0052212476730346
5,Base E5,-0.0026068687438964
5,Base E5,0.0304861068725585
5,Base E5,0.005389928817749
5,Base E5,0.0726893544197082
5,Base E5,0.0544052124023437
5,Base E5,0.0224799513816833
5,Base E5,0.0519370436668396
5,Base E5,0.0757612586021423
5,Base E5,0.0234836935997009
5,Base E5,0.0574048161506652
5,Base E5,0.0072835087776184
5,Base E5,0.0044588446617126
5,Base E5,-0.0036773085594177
5,Base E5,0.0022176504135131
5,Base E5,0.0405765771865844
5,Base E5,-0.0100014805793762
5,Base E5,0.0494524240493774
5,Base E5,0.0074743032455444
5,Base E5,0.0003324151039123
5,Base E5,0.0351665019989013
5,Base E5,0.0463320016860961
5,Base E5,0.0373528599739074
5,Base E5,0.012875497341156
5,Base E5,0.0308610796928405
5,Base E5,0.0022448897361755
5,Base E5,-0.0449828505516052
5,Base E5,-0.0185077786445617
5,Base E5,-0.0216912627220153
5,Base E5,0.0200417041778564
5,Base E5,0.0104219913482666
5,Base E5,0.0008606314659118
5,Base E5,0.0073954463005065
5,Base E5,-0.0316845178604126
5,Base E5,0.0652095079421997
5,Base E5,-0.0109483003616333
5,Base E5,-0.000180959701538
5,Base E5,0.0481235980987548
5,Base E5,0.0119145512580871
5,Base E5,-0.0422160625457763
5,Base E5,-0.0094183087348937
5,Base E5,0.0050448775291442
5,Base E5,0.0781630277633667
5,Base E5,0.0046517848968505
5,Base E5,0.0452762246131897
5,Base E5,0.0793025493621826
5,Base E5,0.0728586316108703
5,Base E5,0.0049245357513427
5,Base E5,0.0317274928092956
5,Base E5,-0.0281895995140075
5,Base E5,-0.0114850401878356
5,Base E5,0.0330027341842651
5,Base E5,-0.0477939248085022
5,Base E5,0.0325236320495605
5,Base E5,0.0726022720336914
5,Base E5,0.0059096813201904
5,Base E5,-0.0233072638511657
5,Base E5,-0.0055429339408874
5,Base E5,-0.0102649927139282
5,Base E5,0.0489605069160461
5,Base E5,0.0168840885162353
5,Base E5,0.1067584156990051
5,Base E5,0.0595531463623046
5,Base E5,-0.015986144542694
5,Base E5,-0.0064982175827026
5,Base E5,-0.0369670391082763
5,Base E5,-0.0279864072799682
5,Base E5,0.0161303281784057
5,Base E5,-0.0293554067611694
5,Base E5,0.0311274528503417
5,Base E5,0.136225938796997
5,Base E5,0.0179948210716247
5,Base E5,-0.0963010191917419
5,Base E5,-0.0006802678108215
5,Base E5,-0.0708099007606506
5,Base E5,-0.003391146659851
5,Base E5,-0.0015584230422973
5,Base E5,-0.0402235388755798
5,Base E5,-0.0237647891044616
5,Base E5,0.0003487467765808
5,Base E5,0.0331857800483703
5,Base E5,0.0398160219192504
5,Base E5,0.0081257224082946
5,Base E5,0.0253759622573852
5,Base E5,0.063784122467041
5,Base E5,0.0165334343910217
5,Base E5,-0.0188542008399963
5,Base E5,-0.001495361328125
5,Base E5,0.0506770610809326
5,Base E5,0.0117082595825195
5,Base E5,0.0415219068527221
5,Base E5,0.01509690284729
5,Base E5,0.0102365016937255
5,Base E5,0.0095993876457214
5,Base E5,-0.0312106609344482
5,Base E5,0.001167893409729
5,Base E5,0.0106382966041564
5,Base E5,-0.0427510738372802
5,Base E5,0.0485745668411254
5,Base E5,0.012398362159729
5,Base E5,0.06589275598526
5,Base E5,-0.0122627615928649
5,Base E5,0.0117161870002746
5,Base E5,0.0095302462577819
5,Base E5,0.0147222280502319
5,Base E5,0.0313780307769775
5,Base E5,0.0612799525260925
5,Base E5,0.0525864958763122
5,Base E5,-0.022327721118927
5,Base E5,0.01486736536026
5,Base E5,4.738569259643555e-05
5,Base E5,-0.0070605874061584
5,Base E5,0.0471947193145751
5,Base E5,-0.0070483684539794
5,Base E5,0.0057002305984497
5,Base E5,-0.0645685195922851
5,Base E5,-0.0087937712669372
5,Base E5,-0.0344049930572509
5,Base E5,-0.0074155330657958
5,Base E5,0.0862308740615844
5,Base E5,0.0501220226287841
5,Base E5,0.0070917010307312
5,Base E5,0.037360668182373
5,Base E5,-0.0106069445610046
5,Base E5,0.0177273750305175
5,Base E5,0.027972400188446
5,Base E5,0.0041504502296447
5,Base E5,0.0270838141441345
5,Base E5,-0.0033328533172607
5,Base E5,-0.0117840766906738
5,Base E5,-0.0418236851692199
5,Base E5,0.0062419772148132
5,Base E5,0.0192739963531494
5,Base E5,0.0117247104644775
5,Base E5,0.0519770383834838
5,Base E5,-0.0281939506530761
5,Base E5,0.065670371055603
5,Base E5,0.040216326713562
5,Base E5,0.0328141450881958
5,Base E5,0.0174561738967895
5,Base E5,0.0036352276802062
5,Base E5,0.0581079721450805
5,Base E5,-0.0429690480232238
5,Base E5,0.0495631694793701
5,Base E5,0.0152686834335327
5,Base E5,-0.0484240651130676
5,Base E5,-0.0478888750076293
5,Base E5,-0.0134252309799194
5,Base E5,0.1039572954177856
5,Base E5,-0.0031818747520446
5,Base E5,0.0279428958892822
5,Base E5,0.0212865471839904
5,Base E5,-0.0393030047416687
5,Base E5,-0.0581723451614379
5,Base E5,0.0026142001152038
5,Base E5,-0.0347204804420471
5,Base E5,0.0427729487419128
5,Base E5,0.000650405883789
5,Base E5,0.0030708909034729
5,Base E5,-0.0431785583496093
5,Base E5,0.0511621832847595
5,Base E5,0.0440981984138488
5,Base E5,0.0497941970825195
5,Base E5,0.0538155436515808
5,Base E5,0.0023571848869323
5,Base E5,0.0172870755195617
5,Base E5,-0.0034207701683044
5,Base E5,0.0380653738975524
5,Base E5,0.0072883367538452
5,Base E5,0.0464944243431091
5,Base E5,0.0412216782569885
5,Base E5,0.0429356098175048
5,Base E5,0.0366221070289611
5,Base E5,0.0136722922325134
5,Base E5,0.0814153552055358
5,Base E5,0.0295839309692382
5,Base E5,0.0246385931968688
5,Base E5,0.0174392461776733
5,Base E5,0.0329831838607788
5,Base E5,0.0190539360046386
5,Base E5,0.0238438844680786
5,Base E5,0.0306801199913024
5,Base E5,0.0186555981636047
5,Base E5,0.0251005887985229
5,Base E5,0.0209547281265258
5,Base E5,0.0121878385543823
5,Base E5,0.0064625144004821
5,Base E5,0.023842453956604
5,Base E5,0.0229772925376892
5,Base E5,0.0813484191894531
5,Base E5,-0.0022487640380859
5,Base E5,0.0416987538337707
5,Base E5,0.0407978892326355
5,Base E5,0.0306894183158874
5,Base E5,0.0258656740188598
5,Base E5,0.011922001838684
5,Base E5,0.0367169976234436
5,Base E5,0.0650449991226196
5,Base E5,0.0475746989250183
5,Base E5,0.0390273332595825
5,Base E5,0.017915666103363
5,Base E5,0.0235705971717834
5,Base E5,-0.002957284450531
5,Base E5,-0.0250769853591918
5,Base E5,0.0402858853340148
5,Base E5,0.0349646806716918
5,Base E5,-0.0081820487976074
5,Base E5,0.0414527058601379
5,Base E5,0.0314876437187194
5,Base E5,0.0125524997711181
5,Base E5,-0.0050562024116516
5,Base E5,0.0131572484970092
5,Base E5,-0.0134946107864379
5,Base E5,0.0229484438896179
5,Base E5,0.0081636905670166
5,Base E5,0.0072346329689025
5,Base E5,0.0903456211090087
5,Base E5,0.0876932740211486
5,Base E5,0.0747498273849487
5,Base E5,0.0393233895301818
5,Base E5,0.0599404573440551
5,Base E5,0.0242505669593811
5,Base E5,0.0728116035461425
5,Base E5,0.0101335644721984
5,Base E5,0.0630635023117065
5,Base E5,-0.0176101922988891
5,Base E5,-0.0069407224655151
5,Base E5,-0.0084059238433837
5,Base E5,0.0063128471374511
5,Base E5,0.0398190021514892
5,Base E5,0.0158932209014892
5,Base E5,-0.0133989453315734
5,Base E5,0.03439462184906
5,Base E5,0.0539389848709106
5,Base E5,0.0159844756126403
5,Base E5,0.0481414794921875
5,Base E5,0.0542741417884826
5,Base E5,-0.049075424671173
5,Base E5,-0.006121814250946
5,Base E5,0.0264729857444763
5,Base E5,0.070378839969635
5,Base E5,0.0495263934135437
5,Base E5,-0.027144432067871
5,Base E5,-0.0204208493232727
5,Base E5,-0.0259157419204711
5,Base E5,0.0156144499778747
5,Base E5,-0.0005063414573669
5,Base E5,-0.0186144113540649
5,Base E5,0.0415142774581909
5,Base E5,0.0287849903106689
5,Base E5,0.069041907787323
5,Base E5,0.0506812930107116
5,Base E5,-0.0104656219482421
5,Base E5,-0.039163589477539
5,Base E5,-0.0279583930969238
5,Base E5,-0.0197817087173461
5,Base E5,0.0305506587028503
5,Base E5,0.0296983122825622
5,Base E5,0.0163052678108215
5,Base E5,0.0261739492416381
5,Base E5,0.0707722902297973
5,Base E5,0.0298948287963867
5,Base E5,-0.0100197196006774
5,Base E5,-0.0137391090393066
5,Base E5,0.0826186537742614
5,Base E5,0.0530166029930114
5,Base E5,0.0365856885910034
5,Base E5,0.0508814454078674
5,Base E5,0.0003722310066223
5,Base E5,0.0248080492019653
5,Base E5,0.0041715502738952
5,Base E5,0.0525836944580078
5,Base E5,0.0570863485336303
5,Base E5,-0.0038665533065795
5,Base E5,-0.006251573562622
5,Base E5,-0.0127190947532653
5,Base E5,0.0511462688446044
5,Base E5,-0.0045896768569946
5,Base E5,0.0553377866744995
5,Base E5,0.0430778264999389
5,Base E5,0.0318508148193359
5,Base E5,-0.0062538981437683
5,Base E5,0.0219359993934631
5,Base E5,0.0159941911697387
5,Base E5,0.049608826637268
5,Base E5,0.0553752183914184
5,Base E5,0.0567836165428161
5,Base E5,-0.0120665431022644
5,Base E5,0.019124686717987
5,Base E5,0.0443495512008667
5,Base E5,-0.0054142475128173
5,Base E5,0.0145668387413024
5,Base E5,0.0306969881057739
5,Base E5,0.0605685114860534
5,Base E5,0.0084999203681945
5,Base E5,0.0115047097206115
5,Base E5,0.0493776202201843
5,Base E5,0.0227831602096557
5,Base E5,-0.0042547583580017
5,Base E5,0.0014715790748596
5,Base E5,-0.0002404451370239
5,Base E5,-0.0384826064109802
5,Base E5,0.0521095991134643
5,Base E5,-0.0147849917411804
5,Base E5,0.1333979368209839
5,Base E5,0.0096863508224487
5,Base E5,0.0177275538444519
5,Base E5,-0.0301852226257324
5,Base E5,0.0545874238014221
5,Base E5,0.0024948716163635
5,Base E5,-0.0169809460639953
5,Base E5,0.0294239521026611
5,Base E5,0.0121371746063232
5,Base E5,0.0031015872955322
5,Base E5,-0.0263667702674865
5,Base E5,-0.0013447999954223
5,Base E5,-0.0137342810630798
5,Base E5,0.0569378137588501
5,Base E5,0.0388878583908081
5,Base E5,0.0450754761695861
5,Base E5,-0.0016224384307861
5,Base E5,0.0534501671791076
5,Base E5,0.0219090580940246
5,Base E5,-0.0136578679084777
5,Base E5,0.0502250790596008
5,Base E5,-0.0095688700675964
5,Base E5,0.0141817331314086
5,Base E5,0.0248688459396362
5,Base E5,-0.0113263130187988
5,Base E5,-0.0048953890800476
5,Base E5,0.0258129239082336
5,Base E5,0.015002965927124
5,Base E5,0.0774510502815246
5,Base E5,0.0367695093154907
5,Base E5,0.0327594280242919
5,Base E5,0.0298405885696411
5,Base E5,0.0834602117538452
5,Base E5,0.0028163790702819
5,Base E5,0.0363003015518188
5,Base E5,0.0490838289260864
5,Base E5,0.0444875955581665
5,Base E5,0.0269439220428466
5,Base E5,-0.0096193552017211
5,Base E5,0.0472463965415954
5,Base E5,0.0396301746368408
5,Base E5,0.0746053457260131
5,Base E5,-0.0144299864768981
5,Base E5,-0.0086244344711303
5,Base E5,0.0521184802055358
5,Base E5,0.0339096784591674
5,Base E5,0.0258628726005554
5,Base E5,-0.0347588658332824
5,Base E5,0.0135711431503295
5,Base E5,0.0352495908737182
5,Base E5,0.0115090608596801
5,Base E5,0.0294355154037475
5,Base E5,0.026414930820465
5,Base E5,0.0205346345901489
5,Base E5,0.0541059374809265
5,Base E5,0.0079643726348876
5,Base E5,0.0899378657341003
5,Base E5,0.0319933891296386
5,Base E5,0.0139769911766052
5,Base E5,0.0641896724700927
5,Base E5,0.0805510878562927
5,Base E5,0.049767792224884
5,Base E5,0.0639175176620483
5,Base E5,0.0490981340408325
5,Base E5,0.0212225317955017
5,Base E5,-0.0001324415206909
5,Base E5,-0.0154097080230712
5,Base E5,-0.0014173984527587
5,Base E5,0.0829555988311767
5,Base E5,0.076119065284729
5,Base E5,-0.0337797999382019
5,Base E5,0.0021678805351257
5,Base E5,0.020894169807434
5,Base E5,0.0475033521652221
5,Base E5,-0.005232036113739
5,Base E5,-0.0042210221290588
5,Base E5,0.0325871109962463
5,Base E5,0.0073667764663696
5,Base E5,-0.0295965075492858
5,Base E5,0.0529382824897766
5,Base E5,0.0545146465301513
5,Base E5,-0.0176129341125488
5,Base E5,0.0040305852890014
5,Base E5,-0.0006070733070373
5,Base E5,0.051468551158905
5,Base E5,-0.0104758143424987
5,Base E5,-0.0141805410385131
5,Base E5,0.0605197548866272
5,Base E5,0.0411968231201171
5,Base E5,0.0521929264068603
5,Base E5,0.0824125409126281
5,Base E5,0.0971302986145019
5,Base E5,0.1057699918746948
5,Base E5,0.0212673544883728
5,Base E5,0.0484839677810668
5,Base E5,-0.0238080024719238
5,Base E5,0.0244559645652771
5,Base E5,0.0199286341667175
5,Base E5,0.0174096226692199
5,Base E5,0.0195446014404296
5,Base E5,0.0854338407516479
5,Base E5,0.0576763749122619
5,Base E5,-0.0108460187911987
5,Base E5,-0.015730857849121
5,Base E5,0.0595919489860534
5,Base E5,0.0276552438735961
5,Base E5,0.0566633343696594
5,Base E5,0.023083209991455
5,Base E5,0.0080358982086181
5,Base E5,0.0519009232521057
5,Base E5,-0.0216379761695861
5,Base E5,0.0240169763565063
5,Base E5,-0.0188000798225402
5,Base E5,-0.0279179811477661
5,Base E5,-0.0178301334381103
5,Base E5,-0.0140829682350158
5,Base E5,0.0534652471542358
5,Base E5,0.0593920350074768
5,Base E5,0.0572859048843383
5,Base E5,0.0529407858848571
5,Base E5,0.0692836642265319
5,Base E5,0.0494806766510009
5,Base E5,0.025461196899414
5,Base E5,0.0379296541213989
5,Base E5,0.0541573166847229
5,Base E5,0.0484682917594909
5,Base E5,-0.0113182663917541
5,Base E5,0.0112814307212829
5,Base E5,-0.0047768354415893
5,Base E5,-0.0087043642997741
5,Base E5,0.0188050270080566
5,Base E5,-0.0169427394866943
5,Base E5,-0.0142202973365783
5,Base E5,0.0260450839996337
5,Base E5,0.019174039363861
5,Base E5,0.0129774212837219
5,Base E5,0.0298112630844116
5,Base E5,0.0243037343025207
5,Base E5,0.0709214210510253
5,Base E5,0.0282421708106994
5,Base E5,0.0773545503616333
5,Base E5,0.0333132147789001
5,Base E5,0.0408183336257934
5,Base E5,-0.0211886167526245
5,Base E5,0.0263243317604064
5,Base E5,0.0348128676414489
5,Base E5,0.041474163532257
5,Base E5,-0.007437527179718
5,Base E5,-0.0104397535324096
5,Base E5,0.0699039697647094
5,Base E5,0.0147647261619567
5,Base E5,0.0086750984191894
5,Base E5,-0.0559478998184204
5,Base E5,-0.0158711075782775
5,Base E5,0.0188761353492736
5,Base E5,0.0038588047027587
5,Base E5,0.0921151638031005
5,Base E5,0.0887928009033203
5,Base E5,-0.0039258003234863
5,Base E5,0.0672199130058288
5,Base E5,0.0117181539535522
5,Base E5,0.0168415904045104
5,Base E5,-0.0003801584243774
5,Base E5,0.0233683586120605
5,Base E5,-0.0059921145439147
5,Base E5,-0.0042436718940734
5,Base E5,0.0141531825065612
5,Base E5,0.0060452222824096
5,Base E5,0.0127004981040954
5,Base E5,0.0182668566703796
5,Base E5,0.0201091766357421
5,Base E5,-0.0012418627738952
5,Base E5,0.022773265838623
5,Base E5,-0.0071041584014892
5,Base E5,0.0279380083084106
5,Base E5,0.0254883766174316
5,Base E5,0.0121402144432067
5,Base E5,0.0567579865455627
5,Base E5,0.0336623787879943
5,Base E5,0.0060120820999145
5,Base E5,0.1461197137832641
5,Base E5,0.0504007935523986
5,Base E5,0.0045441389083862
5,Base E5,0.1029592752456665
5,Base E5,0.0298487544059753
5,Base E5,0.0170573592185974
5,Base E5,0.0122514367103576
5,Base E5,-0.014434814453125
5,Base E5,0.0861769318580627
5,Base E5,-0.0316690802574157
5,Base E5,0.0418596267700195
5,Base E5,0.0235059261322021
5,Base E5,0.0180004835128784
5,Base E5,-0.0207836627960205
5,Base E5,-0.0061482787132263
5,Base E5,-0.0070804357528686
5,Base E5,-0.0075301527976989
5,Base E5,-0.0017400383949279
5,Base E5,0.0325669050216674
5,Base E5,0.0064444541931152
5,Base E5,-0.002596378326416
5,Base E5,-0.0705260038375854
5,Base E5,0.0234478712081909
5,Base E5,0.0048901438713073
5,Base E5,0.0808796286582946
5,Base E5,0.0822920799255371
5,Base E5,0.0856287479400634
5,Base E5,-0.0037599205970764
5,Base E5,0.0992071628570556
5,Base E5,0.0485202074050903
5,Base E5,-0.0434921383857727
5,Base E5,0.0455722212791442
5,Base E5,0.0651427507400512
5,Base E5,0.0528842806816101
5,Base E5,0.0341010093688964
5,Base E5,-0.0142592787742614
5,Base E5,0.0077991485595703
5,Base E5,-0.0061280727386474
5,Base E5,-0.0285980701446533
5,Base E5,-0.0064632892608642
5,Base E5,0.0280025005340576
5,Base E5,0.0418733954429626
5,Base E5,0.0263386964797973
5,Base E5,0.0159557461738586
5,Base E5,0.0107898712158203
5,Base E5,0.050304889678955
5,Base E5,0.0311307907104492
5,Base E5,0.0074260234832763
5,Base E5,0.0641484856605529
5,Base E5,0.0105533003807067
5,Base E5,0.0287002325057983
5,Base E5,0.0437727570533752
5,Base E5,0.0504882931709289
5,Base E5,0.0651605129241943
5,Base E5,0.0126281976699829
5,Base E5,0.034946322441101
5,Base E5,0.050862967967987
5,Base E5,0.0519222021102905
5,Base E5,0.0615618824958801
5,Base E5,0.0427672863006591
5,Base E5,0.0963981747627258
5,Base E5,0.0537415742874145
5,Base E5,0.1242928504943847
5,Base E5,0.086692214012146
5,Base E5,0.0172384977340698
5,Base E5,0.0003641843795776
5,Base E5,0.045499563217163
5,Base E5,-0.0105107426643371
5,Base E5,0.022316038608551
5,Base E5,0.056009292602539
5,Base E5,0.0378863215446472
5,Base E5,0.0001101493835449
5,Base E5,0.0100961327552795
5,Base E5,-0.0034065842628479
5,Base E5,-0.015251338481903
5,Base E5,0.0021852254867553
5,Base E5,0.0710536241531372
5,Base E5,0.026017427444458
5,Base E5,0.0428245663642883
5,Base E5,0.0031607151031494
5,Base E5,0.0508034825325012
5,Base E5,0.0371586680412292
5,Base E5,0.05159592628479
5,Base E5,0.0172810554504394
5,Base E5,0.0567311644554138
5,Base E5,0.0482645034790039
5,Base E5,0.0625373721122741
5,Base E5,0.0928224921226501
5,Base E5,0.0179082751274108
5,Base E5,0.017001450061798
5,Base E5,-8.040666580200195e-05
5,Base E5,0.0133095979690551
5,Base E5,0.0425977110862731
5,Base E5,0.0711047649383544
5,Base E5,0.0326224565505981
5,Base E5,0.0428853034973144
5,Base E5,0.0635684132575988
5,Base E5,0.0114715099334716
5,Base E5,0.03029465675354
5,Base E5,-0.0417569875717163
5,Base E5,-0.025283932685852
5,Base E5,-0.0091659426689147
5,Base E5,-0.0025694966316223
5,Base E5,0.0219365358352661
5,Base E5,0.0669208765029907
5,Base E5,-0.0061227083206176
5,Base E5,0.0106069445610046
5,Base E5,0.0263339281082153
5,Base E5,-0.0033571124076843
5,Base E5,0.0324724316596984
5,Base E5,0.0105815529823303
5,Base E5,0.0396413803100585
5,Base E5,0.0656963586807251
5,Base E5,0.0334303975105285
5,Base E5,0.0024552941322326
5,Base E5,0.0480934381484985
5,Base E5,0.022434115409851
5,Base E5,-0.0035528540611267
5,Base E5,0.0116443634033203
5,Base E5,0.0133156776428222
5,Base E5,0.0179653763771057
5,Base E5,0.0081715583801269
5,Base E5,0.0107575058937072
5,Base E5,0.0107033252716064
5,Base E5,0.0252397060394287
5,Base E5,0.021619439125061
5,Base E5,0.0152040123939514
5,Base E5,-0.0229662656784057
5,Base E5,0.0592275857925415
5,Base E5,0.0023916959762573
5,Base E5,0.027881383895874
5,Base E5,0.0046672224998474
5,Base E5,0.0243406295776367
5,Base E5,0.0506245493888855
5,Base E5,0.0248659253120422
5,Base E5,0.0229092240333557
5,Base E5,0.0142129063606262
5,Base E5,-0.016244888305664
5,Base E5,-0.019349455833435
5,Base E5,0.0017541646957397
5,Base E5,0.043480634689331
5,Base E5,0.0319367051124572
5,Base E5,0.0356910824775695
5,Base E5,-0.0054866075515747
5,Base E5,0.0379603505134582
5,Base E5,-0.0002169013023376
5,Base E5,0.0121220350265502
5,Base E5,0.0486193895339965
5,Base E5,0.0572237372398376
5,Base E5,0.0547028183937072
5,Base E5,0.0316566228866577
5,Base E5,0.0052056908607482
5,Base E5,0.0335908532142639
5,Base E5,0.011437714099884
5,Base E5,0.021421194076538
5,Base E5,0.0020774006843566
5,Base E5,0.0632077455520629
5,Base E5,0.0280283093452453
5,Base E5,0.0111546516418457
5,Base E5,0.0170705914497375
5,Base E5,0.0148425102233886
5,Base E5,0.0136820673942565
5,Base E5,0.0388480424880981
5,Base E5,0.0189228653907775
5,Base E5,0.0478600859642028
5,Base E5,0.0199121832847595
5,Base E5,0.0595295429229736
5,Base E5,0.0465593338012695
5,Base E5,0.0215708017349243
5,Base E5,0.0300978422164917
5,Base E5,0.0429878234863281
5,Base E5,0.0092995762825012
5,Base E5,-0.0081558227539062
5,Base E5,0.0667796730995178
5,Base E5,0.0440316796302795
5,Base E5,0.0530130267143249
5,Base E5,0.0021331310272216
5,Base E5,0.0088508129119873
5,Base E5,0.0094966292381286
5,Base E5,0.0449960231781005
5,Base E5,0.0043731927871704
5,Base E5,-0.0004448294639587
5,Base E5,0.0104689598083496
5,Base E5,3.695487976074219e-05
5,Base E5,-0.0082671642303466
5,Base E5,0.0809584856033325
5,Base E5,0.0485889315605163
5,Base E5,0.0229894518852233
5,Base E5,0.0059643387794494
5,Base E5,0.0183502435684204
5,Base E5,0.0019212365150451
5,Base E5,0.009909451007843
5,Base E5,0.0165104269981384
5,Base E5,0.0127404928207397
5,Base E5,-0.0084861516952514
5,Base E5,0.0289574265480041
5,Base E5,0.028231143951416
5,Base E5,0.0274707078933715
5,Base E5,0.0192991495132446
5,Base E5,0.0394906997680664
5,Base E5,0.0427474379539489
5,Base E5,0.0143905878067016
5,Base E5,0.0422145128250122
5,Base E5,0.0060632824897766
5,Base E5,0.0569647550582885
5,Base E5,0.0143285393714904
5,Base E5,-0.0046812891960144
5,Base E5,0.0588903427124023
5,Base E5,0.0102725625038146
5,Base E5,0.0193135142326354
5,Base E5,0.0240638256072998
5,Base E5,-0.0063730478286743
5,Base E5,0.0234625935554504
5,Base E5,0.0239567160606384
5,Base E5,0.0507278442382812
5,Base E5,0.0757666826248169
5,Base E5,0.0338366627693176
5,Base E5,0.0411642789840698
5,Base E5,0.0847679376602172
5,Base E5,0.0942780971527099
5,Base E5,-0.0058294534683227
5,Base E5,0.0188795328140258
5,Base E5,0.0807970762252807
5,Base E5,0.0519162416458129
5,Base E5,-0.0141071081161499
5,Base E5,0.0129518508911132
5,Base E5,-0.0051918625831604
5,Base E5,0.0285757780075073
5,Base E5,0.0447983145713806
5,Base E5,0.0188286304473876
5,Base E5,0.0521515607833862
5,Base E5,0.0202623009681701
5,Base E5,0.0439335703849792
5,Base E5,0.0498339533805847
5,Base E5,0.0395219326019287
5,Base E5,0.0562465190887451
5,Base E5,0.0307118296623229
5,Base E5,0.0128796696662902
5,Base E5,-0.0120677351951599
5,Base E5,0.0603882670402526
5,Base E5,0.014376938343048
5,Base E5,-0.0022120475769042
5,Base E5,0.0376471281051635
5,Base E5,0.0104140043258667
5,Base E5,0.0480597615242004
5,Base E5,-0.0295394659042358
5,Base E5,-0.0046261548995971
5,Base E5,0.0314566493034362
5,Base E5,0.017193853855133
5,Base E5,0.0144672989845275
5,Base E5,0.0527347922325134
5,Base E5,-0.0152397751808166
5,Base E5,0.057421863079071
5,Base E5,0.0338714718818664
5,Base E5,-0.0047940611839294
5,Base E5,0.0728130936622619
5,Base E5,0.0839371681213378
5,Base E5,0.0561838150024414
5,Base E5,0.0373768806457519
5,Base E5,0.0672746896743774
5,Base E5,0.0495074391365051
5,Base E5,0.0704768896102905
5,Base E5,-0.0115329027175903
5,Base E5,-0.0007623434066772
5,Base E5,0.0014197826385498
5,Base E5,0.0286147594451904
5,Base E5,0.0092552304267883
5,Base E5,0.0650674104690551
5,Base E5,0.0326052904129028
5,Base E5,0.0003372430801391
5,Base E5,0.0485967397689819
5,Base E5,-0.0052525401115417
5,Base E5,-0.0009945034980773
5,Base E5,-0.0039502382278442
5,Base E5,-0.0037975311279296
5,Base E5,0.0017213821411132
5,Base E5,0.0369834303855896
5,Base E5,0.0004863739013671
5,Base E5,0.0052390098571777
5,Base E5,0.073580801486969
5,Base E5,0.0409815907478332
5,Base E5,0.0612316727638244
5,Base E5,0.0585454702377319
5,Base E5,-0.0193391442298889
5,Base E5,0.0123628377914428
5,Base E5,0.016186773777008
5,Base E5,0.0056520700454711
5,Base E5,-0.010424256324768
5,Base E5,0.0186722874641418
5,Base E5,0.0283690690994262
5,Base E5,0.0155166983604431
5,Base E5,0.0652357935905456
5,Base E5,0.0484928488731384
5,Base E5,0.0728015303611755
5,Base E5,0.0390266776084899
5,Base E5,0.0698331594467163
5,Base E5,0.0891001224517822
5,Base E5,-0.0050336122512817
5,Base E5,0.0668075680732727
5,Base E5,0.0484211444854736
5,Base E5,0.0100688934326171
5,Base E5,0.0156450867652893
5,Base E5,0.0208721160888671
5,Base E5,0.0031599998474121
5,Base E5,-0.0204560756683349
5,Base E5,0.0221602916717529
5,Base E5,0.0124396085739135
5,Base E5,0.0105054378509521
5,Base E5,0.027746558189392
5,Base E5,-0.0119042992591857
5,Base E5,0.0202593207359313
5,Base E5,0.0059321522712707
5,Base E5,0.0172712802886962
5,Base E5,-0.0348438024520874
5,Base E5,0.0031079053878784
5,Base E5,0.0143946409225463
5,Base E5,0.0391106605529785
5,Base E5,-0.0119780898094177
5,Base E5,0.0397729277610778
5,Base E5,-0.0315579175949096
5,Base E5,0.0460357666015625
5,Base E5,0.0334318280220031
5,Base E5,0.0581409931182861
5,Base E5,0.0389224886894226
5,Base E5,-0.0101380348205566
5,Base E5,-0.0075718164443969
5,Base E5,0.0027958750724792
5,Base E5,0.0385541319847106
5,Base E5,0.0215629935264587
5,Base E5,-0.0036917924880981
5,Base E5,0.0330461263656616
5,Base E5,0.0057454705238342
5,Base E5,0.025098443031311
5,Base E5,0.0117586851119995
5,Base E5,0.0500109791755676
5,Base E5,0.0179895162582397
5,Base E5,0.0306023359298706
5,Base E5,0.021339476108551
5,Base E5,0.0497605204582214
5,Base E5,0.0241962075233459
5,Base E5,0.0169430971145629
5,Base E5,0.0227614045143127
5,Base E5,0.0193912386894226
5,Base E5,0.0032615661621093
5,Base E5,-0.0007822513580322
5,Base E5,0.0058222413063049
5,Base E5,0.0355895161628723
5,Base E5,0.0071271061897277
5,Base E5,0.0280408263206481
5,Base E5,-0.0178664326667785
5,Base E5,0.0267117023468017
5,Base E5,-0.0188589096069335
5,Base E5,0.0115892887115478
5,Base E5,0.0360714793205261
5,Base E5,0.0080956220626831
5,Base E5,-0.0137871503829956
5,Base E5,-0.0163390040397644
5,Base E5,0.0558040738105773
5,Base E5,0.0067256689071655
5,Base E5,0.0195236802101135
5,Base E5,0.0436978340148925
5,Base E5,0.0050376653671264
5,Base E5,0.003145694732666
5,Base E5,-0.0047336816787719
5,Base E5,0.0273441672325134
5,Base E5,0.0576119422912597
5,Base E5,0.0308384299278259
5,Base E5,0.0556275248527526
5,Base E5,-0.019764244556427
5,Base E5,0.0233441591262817
5,Base E5,0.01412034034729
5,Base E5,0.0032012462615966
5,Base E5,0.06123948097229
5,Base E5,0.0250226259231567
5,Base E5,0.0198108553886413
5,Base E5,0.0348748564720153
5,Base E5,0.0350713729858398
5,Base E5,0.022663414478302
5,Base E5,0.014870285987854
5,Base E5,0.033267319202423
5,Base E5,0.0344583988189697
5,Base E5,0.0271582007408142
5,Base E5,0.0191350579261779
5,Base E5,-0.013426661491394
5,Base E5,0.0406550765037536
5,Base E5,0.0360723137855529
5,Base E5,0.0443870425224304
5,Base E5,0.0325676798820495
5,Base E5,-0.0058760643005371
5,Base E5,0.0149586796760559
5,Base E5,0.034901738166809
5,Base E5,0.0056439638137817
5,Base E5,0.024434745311737
5,Base E5,0.0562232136726379
5,Base E5,0.0048039555549621
5,Base E5,0.0169009566307067
5,Base E5,0.0219326615333557
5,Base E5,0.0609746575355529
5,Base E5,0.0329780578613281
5,Base E5,0.0237177610397338
5,Base E5,0.0078189373016357
5,Base E5,0.0409762859344482
5,Base E5,-0.040562093257904
5,Base E5,-0.0255497097969055
5,Base E5,0.0515964031219482
5,Base E5,0.0363724827766418
5,Base E5,0.0114012956619262
5,Base E5,0.04853355884552
5,Base E5,-0.004637598991394
5,Base E5,0.0378082394599914
5,Base E5,0.0287032127380371
5,Base E5,0.0202754735946655
5,Base E5,0.0563093423843383
5,Base E5,0.01491379737854
5,Base E5,0.0222432017326354
5,Base E5,0.0348061919212341
5,Base E5,0.0293992161750793
5,Base E5,0.046263575553894
5,Base E5,0.0664538145065307
5,Base E5,-0.0106803774833679
5,Base E5,0.0067279934883117
5,Base E5,0.0302638411521911
5,Base E5,0.0648313760757446
5,Base E5,0.008413016796112
5,Base E5,0.0423937439918518
5,Base E5,-0.0179514288902282
5,Base E5,-0.011778712272644
5,Base E5,-0.0296258330345153
5,Base E5,0.0497873425483703
5,Base E5,0.0833911895751953
5,Base E5,0.0932452082633972
5,Base E5,0.077257215976715
5,Base E5,-3.74913215637207e-05
5,Base E5,0.0384066104888916
5,Base E5,0.0256682038307189
5,Base E5,-0.0171798467636108
5,Base E5,-0.0162220001220703
5,Base E5,0.0139256715774536
5,Base E5,0.0214295983314514
5,Base E5,0.0426744222640991
5,Base E5,0.0330017209053039
5,Base E5,0.0256097912788391
5,Base E5,0.041691243648529
5,Base E5,0.0282633900642395
5,Base E5,0.0112723112106323
5,Base E5,0.0052672624588012
5,Base E5,0.0542973279953002
5,Base E5,0.0078129768371582
5,Base E5,0.040080726146698
5,Base E5,-0.0071988105773925
5,Base E5,0.0695017576217651
5,Base E5,0.02259361743927
5,Base E5,0.0079894065856933
5,Base E5,-0.0087692141532897
5,Base E5,-0.0303313136100769
5,Base E5,-0.0198666453361511
5,Base E5,0.0086191296577453
5,Base E5,0.0204970240592956
5,Base E5,0.0241960883140563
5,Base E5,0.0112068653106689
5,Base E5,0.0301091074943542
5,Base E5,0.0789332389831543
5,Base E5,0.0187393426895141
5,Base E5,0.0115927457809448
5,Base E5,0.065116286277771
5,Base E5,-0.0062664747238159
5,Base E5,0.0028228163719177
5,Base E5,0.0121462345123291
5,Base E5,0.0237553715705871
5,Base E5,0.0422559380531311
5,Base E5,0.0106297135353088
5,Base E5,0.0594762563705444
5,Base E5,-0.0047535896301269
5,Base E5,-0.0064450502395629
5,Base E5,0.0214132070541381
5,Base E5,0.0662966966629028
5,Base E5,0.060976505279541
5,Base E5,0.0876867771148681
5,Base E5,0.0826497077941894
5,Base E5,0.0935413241386413
5,Base E5,0.0639532208442688
5,Base E5,0.0598146319389343
5,Base E5,0.0092394948005676
5,Base E5,-0.0234693884849548
5,Base E5,0.0738391876220703
5,Base E5,-0.0087088346481323
5,Base E5,0.0255768299102783
5,Base E5,0.0316541194915771
5,Base E5,0.0484331846237182
5,Base E5,0.0238195061683654
5,Base E5,0.0196161866188049
5,Base E5,0.0228270292282104
5,Base E5,0.0710172653198242
5,Base E5,0.0332896709442138
5,Base E5,0.0329627394676208
5,Base E5,0.0480269789695739
5,Base E5,0.0810446143150329
5,Base E5,0.048373520374298
5,Base E5,0.0665929317474365
5,Base E5,0.0560226440429687
5,Base E5,0.0624876618385314
5,Base E5,0.0364885926246643
5,Base E5,0.0461196899414062
5,Base E5,0.1169942617416381
5,Base E5,0.0492597818374633
5,Base E5,0.0581846833229064
5,Base E5,0.0385921597480773
5,Base E5,0.019597589969635
5,Base E5,0.0121099948883056
5,Base E5,0.0213657021522521
5,Base E5,0.0840899944305419
5,Base E5,0.0363994240760803
5,Base E5,0.0366338491439819
5,Base E5,0.0247600674629211
5,Base E5,0.0130621194839477
5,Base E5,0.0182598829269409
5,Base E5,0.0012794733047485
5,Base E5,-0.0010296702384948
5,Base E5,-0.0122087597846984
5,Base E5,0.0068145394325256
5,Base E5,0.0660695433616638
5,Base E5,0.0150552988052368
5,Base E5,0.0232225060462951
5,Base E5,0.0101183056831359
5,Base E5,0.0278697609901428
5,Base E5,0.0409967899322509
5,Base E5,0.0737863183021545
5,Base E5,-0.0028102993965148
5,Base E5,0.0481383204460144
5,Base E5,0.088260531425476
5,Base E5,0.0189501643180847
5,Base E5,0.0444355607032775
5,Base E5,0.0201280117034912
5,Base E5,0.032610535621643
5,Base E5,0.0396941304206848
5,Base E5,0.0404642820358276
5,Base E5,0.0842381715774536
5,Base E5,0.0675175786018371
5,Base E5,0.0520586371421813
5,Base E5,0.0683833956718444
5,Base E5,0.0274838209152221
5,Base E5,0.0402190685272216
5,Base E5,0.0623411536216735
5,Base E5,0.0140838027000427
5,Base E5,0.069312572479248
5,Base E5,0.0778356194496154
5,Base E5,0.0988404750823974
5,Base E5,-0.0119718313217163
5,Base E5,0.0879817605018615
5,Base E5,0.0367301702499389
5,Base E5,0.0349434614181518
5,Base E5,0.0655915141105651
5,Base E5,0.0300450921058654
5,Base E5,0.0073589086532592
5,Base E5,0.0114597678184509
5,Base E5,-0.0246111154556274
5,Base E5,0.0247414708137512
5,Base E5,0.0354094505310058
5,Base E5,0.0200071334838867
5,Base E5,0.0082238912582397
5,Base E5,-0.0001344084739685
5,Base E5,0.075451374053955
5,Base E5,0.0035308599472045
5,Base E5,0.0090154409408569
5,Base E5,0.0080010890960693
5,Base E5,-0.0622575283050537
5,Base E5,0.0729990005493164
5,Base E5,-0.0006063580513
5,Base E5,-0.0102015733718872
5,Base E5,0.0276197791099548
5,Base E5,0.0567017793655395
5,Base E5,0.0219773650169372
5,Base E5,0.0648688077926635
5,Base E5,0.07504802942276
5,Base E5,0.0535488724708557
5,Base E5,0.0548211336135864
5,Base E5,-0.0225640535354614
5,Base E5,0.0284997224807739
5,Base E5,0.0360122323036193
5,Base E5,0.0077372193336486
5,Base E5,0.0756535530090332
5,Base E5,0.0376954674720764
5,Base E5,0.0194701552391052
5,Base E5,0.0422222018241882
5,Base E5,0.0686823725700378
5,Base E5,0.0449652671813964
5,Base E5,0.0234932899475097
5,Base E5,0.0023506879806518
5,Base E5,0.0230631828308105
5,Base E5,0.0219189524650573
5,Base E5,0.0367665290832519
5,Base E5,0.0588207840919494
5,Base E5,0.0284180641174316
5,Base E5,0.0069092512130737
5,Base E5,0.0241294503211975
5,Base E5,0.0077332854270935
5,Base E5,0.0292844772338867
5,Base E5,-0.0022516846656799
5,Base E5,0.0434625744819641
5,Base E5,0.0352329015731811
5,Base E5,0.0781615376472473
5,Base E5,0.0198376774787902
5,Base E5,0.0002928972244262
5,Base E5,0.0711337327957153
5,Base E5,0.0124061107635498
5,Base E5,-0.0149173736572265
5,Base E5,0.0908839702606201
5,Base E5,-0.0120813250541687
5,Base E5,0.0832501053810119
5,Base E5,0.0415730476379394
5,Base E5,0.0570089817047119
5,Base E5,0.0439230799674987
5,Base E5,0.0344918966293334
5,Base E5,0.0505812168121337
5,Base E5,0.0529403090476989
5,Base E5,-0.0114153027534484
5,Base E5,0.0394103527069091
5,Base E5,0.0682480335235595
5,Base E5,0.0010453462600708
5,Base E5,0.0186936259269714
5,Base E5,0.0650808811187744
5,Base E5,0.0410295128822326
5,Base E5,0.0452792048454284
5,Base E5,0.0392365455627441
5,Base E5,-0.0124841332435607
5,Base E5,0.0548000335693359
5,Base E5,-0.0094680786132812
5,Base E5,0.0453501343727111
5,Base E5,-0.0019099116325378
5,Base E5,0.0592522025108337
5,Base E5,0.0273953676223754
5,Base E5,-0.0044692754745483
5,Base E5,0.0861927270889282
5,Base E5,0.0621920824050903
5,Base E5,0.0902720093727111
5,Base E5,0.0516311526298522
5,Base E5,0.0364950299263
5,Base E5,0.0135930776596069
5,Base E5,0.0555790662765502
5,Base E5,-0.0254724621772766
5,Base E5,0.0435055494308471
5,Base E5,0.039208173751831
5,Base E5,0.097854733467102
5,Base E5,0.0478104948997497
5,Base E5,0.0293471813201904
5,Base E5,0.0146183371543884
5,Base E5,0.051097571849823
5,Base E5,-0.005482792854309
5,Base E5,0.0521897673606872
5,Base E5,0.026612102985382
5,Base E5,0.0433677434921264
5,Base E5,0.0368809103965759
5,Base E5,0.0238575935363769
5,Base E5,0.0072195529937744
5,Base E5,0.0238105058670043
5,Base E5,-0.0116203427314758
5,Base E5,0.0426226258277893
5,Base E5,-0.007506787776947
5,Base E5,0.0057125687599182
5,Base E5,-0.0066606998443603
5,Base E5,0.0278175473213195
5,Base E5,-0.0258114337921142
5,Base E5,0.0464216470718383
5,Base E5,0.0060396194458007
5,Base E5,0.0099321007728576
5,Base E5,-0.0296414494514465
5,Base E5,0.006980538368225
5,Base E5,0.0160914659500122
5,Base E5,0.0518770813941955
5,Base E5,-0.0025786757469177
5,Base E5,0.0033609271049499
5,Base E5,0.0119190216064453
5,Base E5,0.0329984426498413
5,Base E5,-0.031193196773529
5,Base E5,-0.0489757657051086
5,Base E5,-0.0174744725227355
5,Base E5,0.0591707825660705
5,Base E5,-0.0020591020584106
5,Base E5,0.1038317084312439
5,Base E5,0.0782957673072815
5,Base E5,0.0412136912345886
5,Base E5,0.0379971265792846
5,Base E5,0.0145949125289917
5,Base E5,0.0203127264976501
5,Base E5,-0.0026914477348327
5,Base E5,-0.0059507489204406
5,Base E5,-0.0121273398399353
5,Base E5,-0.0014225244522094
5,Base E5,0.030486524105072
5,Base E5,0.0001648068428039
5,Base E5,0.0030931830406188
5,Base E5,-0.0503448843955993
5,Base E5,0.0589193105697631
5,Base E5,0.0258366465568542
5,Base E5,0.0175688862800598
5,Base E5,0.0081680417060852
5,Base E5,0.0464398264884948
5,Base E5,0.0416603088378906
5,Base E5,0.0209222435951232
5,Base E5,-0.0607204437255859
5,Base E5,0.0256295800209045
5,Base E5,0.0387992858886718
5,Base E5,0.0446916222572326
5,Base E5,0.0670802593231201
5,Base E5,0.0559921860694885
5,Base E5,0.0408231019973754
5,Base E5,0.0832278728485107
5,Base E5,0.0482678413391113
5,Base E5,0.0033971071243286
5,Base E5,0.0509233474731445
5,Base E5,0.0271348357200622
5,Base E5,0.0362551212310791
5,Base E5,0.0211740136146545
5,Base E5,0.0212066769599914
5,Base E5,-0.0227218866348266
5,Base E5,0.0060755014419555
5,Base E5,0.0394220352172851
5,Base E5,0.0289076566696167
5,Base E5,0.0073981881141662
5,Base E5,-0.0273626446723938
5,Base E5,0.0189629197120666
5,Base E5,0.0020378828048706
5,Base E5,0.0293439626693725
5,Base E5,0.0281703472137451
5,Base E5,0.0630337595939636
5,Base E5,0.0136677622795104
5,Base E5,0.0614575147628784
5,Base E5,0.0350372791290283
5,Base E5,-0.0084460973739624
5,Base E5,0.0418941378593444
5,Base E5,-0.0071181058883666
5,Base E5,0.0291962027549743
5,Base E5,0.0066324472427368
5,Base E5,0.0221121311187744
5,Base E5,-0.0176083445549011
5,Base E5,0.0139219164848327
5,Base E5,0.0071572661399841
5,Base E5,0.0085984468460083
5,Base E5,-0.0358036160469055
5,Base E5,0.0296315550804138
5,Base E5,0.0227828025817871
5,Base E5,0.079701542854309
5,Base E5,0.0373616218566894
5,Base E5,0.0307089686393737
5,Base E5,-0.007388949394226
5,Base E5,0.0675090551376342
5,Base E5,-0.0104179978370666
5,Base E5,0.0273117423057556
5,Base E5,0.0224415063858032
5,Base E5,0.0292015671730041
5,Base E5,0.032206118106842
5,Base E5,0.0655382871627807
5,Base E5,0.0196291804313659
5,Base E5,0.0064842700958251
5,Base E5,0.0296789407730102
5,Base E5,-0.0345470905303955
5,Base E5,0.0336564779281616
5,Base E5,0.0539491176605224
5,Base E5,0.0370091795921325
5,Base E5,0.0618393421173095
5,Base E5,-0.0075743198394775
5,Base E5,0.027362048625946
5,Base E5,0.0744708776473999
5,Base E5,0.0213308334350585
5,Base E5,0.0568781495094299
5,Base E5,0.0959001779556274
5,Base E5,0.0335314869880676
5,Base E5,0.0301016569137573
5,Base E5,0.006773829460144
5,Base E5,0.0402395725250244
5,Base E5,0.0492892861366272
5,Base E5,0.0135053396224975
5,Base E5,0.0628763437271118
5,Base E5,0.0569596886634826
5,Base E5,0.0628784298896789
5,Base E5,0.0104917883872985
5,Base E5,0.0421422123908996
5,Base E5,-0.0104584097862243
5,Base E5,0.0155134797096252
5,Base E5,0.0147930979728698
5,Base E5,0.0148086547851562
5,Base E5,-0.0011518001556396
5,Base E5,-0.0065519213676452
5,Base E5,-0.0207400321960449
5,Base E5,0.0208811163902282
5,Base E5,0.0962790250778198
5,Base E5,0.0176362991333007
5,Base E5,0.022530198097229
5,Base E5,0.0250693559646606
5,Base E5,0.0577785968780517
5,Base E5,0.0477098226547241
5,Base E5,0.0498782396316528
5,Base E5,-0.0060289502143859
5,Base E5,0.0394830107688903
5,Base E5,-0.0045061707496643
5,Base E5,0.0299051403999328
5,Base E5,0.0288505554199218
5,Base E5,0.0269351005554199
5,Base E5,0.0234590172767639
5,Base E5,-0.0018505454063415
5,Base E5,0.0497371554374694
5,Base E5,0.0327845215797424
5,Base E5,0.0333958268165588
5,Base E5,0.0580126643180847
5,Base E5,0.0323020815849304
5,Base E5,0.0571905374526977
5,Base E5,0.0515404343605041
5,Base E5,0.0086258053779602
5,Base E5,0.0599575042724609
5,Base E5,0.0106063485145568
5,Base E5,0.0623998641967773
5,Base E5,0.0543994307518005
5,Base E5,0.0002773404121398
5,Base E5,0.0154535770416259
5,Base E5,-0.0496659874916076
5,Base E5,0.0128465294837951
5,Base E5,0.0435333251953125
5,Base E5,-0.0016337633132934
5,Base E5,0.0518443584442138
5,Base E5,0.0138388872146606
5,Base E5,0.0176090598106384
5,Base E5,0.0109322071075439
5,Base E5,-0.0066803097724914
5,Base E5,0.0514532327651977
5,Base E5,-0.0098179578781127
5,Base E5,0.0379518866539001
5,Base E5,0.0023792386054992
5,Base E5,0.0742105841636657
5,Base E5,0.0465415716171264
5,Base E5,0.028164803981781
5,Base E5,0.0530251860618591
5,Base E5,-0.0157896280288696
5,Base E5,0.0327861309051513
5,Base E5,0.0521140098571777
5,Base E5,0.0007317066192626
5,Base E5,0.0305707454681396
5,Base E5,-0.0057458877563476
5,Base E5,-0.0721996426582336
5,Base E5,-0.0402187705039978
5,Base E5,0.0077899694442749
5,Base E5,0.0447851419448852
5,Base E5,0.0279858112335205
5,Base E5,0.0186542868614196
5,Base E5,0.0562858581542968
5,Base E5,0.0458239912986755
5,Base E5,0.024066686630249
5,Base E5,0.0117782950401306
5,Base E5,-0.0166007280349731
5,Base E5,0.0666488409042358
5,Base E5,0.0100062489509582
5,Base E5,-0.0500776767730712
5,Base E5,-0.0106753706932067
5,Base E5,0.0883376598358154
5,Base E5,0.0638483762741088
5,Base E5,0.0621222257614135
5,Base E5,0.0127242803573608
5,Base E5,0.0063676238059997
5,Base E5,0.0066409111022949
5,Base E5,0.0169424414634704
5,Base E5,0.0668976306915283
5,Base E5,0.0554372668266296
5,Base E5,0.0339694023132324
5,Base E5,0.0132790803909301
5,Base E5,0.0455977916717529
5,Base E5,0.0592584609985351
5,Base E5,0.0500832796096801
5,Base E5,0.0109404325485229
5,Base E5,-0.0228894352912902
5,Base E5,0.0506611466407775
5,Base E5,0.0201224088668823
5,Base E5,0.0012261271476745
5,Base E5,0.0699845552444458
5,Base E5,0.101617693901062
5,Base E5,0.0147547721862792
5,Base E5,-0.0058441162109375
5,Base E5,0.0240495204925537
5,Base E5,0.0078746080398559
5,Base E5,-0.0445554852485656
5,Base E5,0.057048499584198
5,Base E5,0.0179949402809143
5,Base E5,0.0170416831970214
5,Base E5,-0.0338200330734252
5,Base E5,-0.0002789497375488
5,Base E5,-0.0173431038856506
5,Base E5,0.0155308246612548
5,Base E5,0.056960642337799
5,Base E5,0.0199950337409973
5,Base E5,-0.0384568572044372
5,Base E5,0.0451639890670776
5,Base E5,0.0444075465202331
5,Base E5,0.0189290046691894
5,Base E5,0.0680952072143554
5,Base E5,0.0864571332931518
5,Base E5,-0.0019842386245727
5,Base E5,0.0526595711708068
5,Base E5,0.0449898242950439
5,Base E5,0.1382458209991455
5,Base E5,0.0556954145431518
5,Base E5,0.0322256684303283
5,Base E5,-0.0025919675827026
5,Base E5,0.0302968621253967
5,Base E5,0.0922721028327941
5,Base E5,-0.0084437727928161
5,Base E5,0.016691505908966
5,Base E5,0.0234602093696594
5,Base E5,0.0690910816192627
5,Base E5,0.0729656219482421
5,Base E5,0.0404186844825744
5,Base E5,0.0170655846595764
5,Base E5,0.0140899419784545
5,Base E5,0.064419686794281
5,Base E5,0.0908792614936828
5,Base E5,0.0732929706573486
5,Base E5,-0.0028961300849914
5,Base E5,0.0438111424446105
5,Base E5,0.0307432413101196
5,Base E5,0.0426456928253173
5,Base E5,-0.0241018533706665
5,Base E5,0.0025903582572937
5,Base E5,0.0361518859863281
5,Base E5,0.0364766716957092
5,Base E5,0.1069923639297485
5,Base E5,-0.0313839316368103
5,Base E5,0.0564199090003967
5,Base E5,0.0759694576263427
5,Base E5,0.0522137880325317
5,Base E5,0.0285145044326782
5,Base E5,0.0623703002929687
5,Base E5,0.1158161163330078
5,Base E5,0.0315463542938232
5,Base E5,0.0510880947113037
5,Base E5,0.0683711171150207
5,Base E5,0.0248425006866455
5,Base E5,0.0215855240821838
5,Base E5,-0.0138159394264221
5,Base E5,0.0469932556152343
5,Base E5,0.0114489197731018
5,Base E5,0.0256381630897521
5,Base E5,0.062010109424591
5,Base E5,0.0492231845855712
5,Base E5,0.0199117064476013
5,Base E5,0.0327479243278503
5,Base E5,0.0637970566749572
5,Base E5,0.0095056891441345
5,Base E5,0.0181124806404113
5,Base E5,0.0868589878082275
5,Base E5,0.0187996625900268
5,Base E5,0.0322155952453613
5,Base E5,0.0739073157310485
5,Base E5,0.0432355999946594
5,Base E5,0.074618399143219
5,Base E5,0.0438832640647888
5,Base E5,0.0230538845062255
5,Base E5,0.023966908454895
5,Base E5,0.0058897733688354
5,Base E5,0.0474413633346557
5,Base E5,-0.0356085300445556
5,Base E5,0.0537030100822448
5,Base E5,0.033781886100769
5,Base E5,0.0093147158622741
5,Base E5,0.0279150009155273
5,Base E5,0.0449540615081787
5,Base E5,0.0413163900375366
5,Base E5,0.049355924129486
5,Base E5,0.0563504695892334
5,Base E5,-0.0237998962402343
5,Base E5,0.0423910021781921
5,Base E5,-0.0206062197685241
5,Base E5,0.030260145664215
5,Base E5,0.025137186050415
5,Base E5,0.0018332004547119
5,Base E5,-0.0223417878150939
5,Base E5,0.032783567905426
5,Base E5,0.0144181847572326
5,Base E5,0.0571666955947876
5,Base E5,0.0279912948608398
5,Base E5,-0.0179681181907653
5,Base E5,-0.0109837055206298
5,Base E5,0.0116854310035705
5,Base E5,-0.0093666911125183
5,Base E5,0.0129904747009277
5,Base E5,0.0840885043144226
5,Base E5,0.0659320354461669
5,Base E5,-0.0037890672683715
5,Base E5,0.0638006329536438
5,Base E5,0.030417263507843
5,Base E5,-0.0074183940887451
5,Base E5,0.0711455941200256
5,Base E5,0.0297558903694152
5,Base E5,0.0137810707092285
5,Base E5,0.0422344207763671
5,Base E5,0.0015444755554199
5,Base E5,0.0837963819503784
5,Base E5,0.0435360074043273
5,Base E5,0.0445302128791809
5,Base E5,0.0861978530883789
5,Base E5,0.0396268367767334
5,Base E5,0.0127549767494201
5,Base E5,0.0447372198104858
5,Base E5,0.0328910946846008
5,Base E5,0.0124483704566955
5,Base E5,-0.0264418721199035
5,Base E5,-0.0034905076026916
5,Base E5,0.0565845966339111
5,Base E5,0.0224561095237731
5,Base E5,0.0072841048240661
5,Base E5,0.0323174595832824
5,Base E5,0.0321344137191772
5,Base E5,0.0617359280586242
5,Base E5,0.0438868403434753
5,Base E5,0.0479031801223754
5,Base E5,0.0117053389549255
5,Base E5,0.0461298823356628
5,Base E5,0.0319560766220092
5,Base E5,0.0612655282020568
5,Base E5,0.0087456703186035
5,Base E5,-0.0163885354995727
5,Base E5,0.0270376801490783
5,Base E5,0.0807757973670959
5,Base E5,0.0298588871955871
5,Base E5,0.0095313191413879
5,Base E5,0.0149690508842468
5,Base E5,0.0205797553062438
5,Base E5,0.0221505761146545
5,Base E5,0.0687947869300842
5,Base E5,0.0023733377456665
5,Base E5,0.0796596407890319
5,Base E5,-0.0182768702507019
5,Base E5,-0.0128026604652404
5,Base E5,0.0079048871994018
5,Base E5,0.0082188248634338
5,Base E5,-0.0116884112358093
5,Base E5,0.0051068663597106
5,Base E5,0.0468162298202514
5,Base E5,0.0073265433311462
5,Base E5,0.0300853848457336
5,Base E5,0.0419754981994628
5,Base E5,-0.0011929273605346
5,Base E5,0.0081009864807128
5,Base E5,0.0237954258918762
5,Base E5,0.0688966512680053
5,Base E5,0.0006107091903686
5,Base E5,-0.0132679343223571
5,Base E5,0.0291993021965026
5,Base E5,0.0341336131095886
5,Base E5,-0.0067028403282165
5,Base E5,0.0543628334999084
5,Base E5,0.0977789759635925
5,Base E5,0.0410602688789367
5,Base E5,0.0125237107276916
5,Base E5,0.0363664627075195
5,Base E5,0.0178941488265991
5,Base E5,0.0135756731033325
5,Base E5,0.0486154556274414
5,Base E5,0.0698800683021545
5,Base E5,0.0472185611724853
5,Base E5,0.0880311131477356
5,Base E5,0.0697811841964721
5,Base E5,0.0466421842575073
5,Base E5,0.0345646142959594
5,Base E5,0.03141850233078
5,Base E5,0.0796546936035156
5,Base E5,0.0387943387031555
5,Base E5,0.0446815490722656
5,Base E5,0.090072751045227
5,Base E5,0.1105066537857055
5,Base E5,0.077322781085968
5,Base E5,0.0826296210289001
5,Base E5,0.0462176203727722
5,Base E5,0.0770113468170166
5,Base E5,0.082177460193634
5,Base E5,0.0627802610397338
5,Base E5,0.0400599837303161
5,Base E5,-0.0044929385185241
5,Base E5,0.0713348984718322
5,Base E5,-0.0224335193634033
5,Base E5,0.0691632628440857
5,Base E5,0.0110619068145751
5,Base E5,-0.0073297619819641
5,Base E5,0.0284380316734313
5,Base E5,0.0317751765251159
5,Base E5,0.0718812942504882
5,Base E5,0.0505399703979492
5,Base E5,0.0477834939956665
5,Base E5,0.0548852682113647
5,Base E5,0.0651519298553466
5,Base E5,0.0593082904815673
5,Base E5,0.076526939868927
5,Base E5,0.0228495001792907
5,Base E5,0.0009143948554992
5,Base E5,-3.337860107421875e-06
5,Base E5,0.0006743669509887
5,Base E5,-0.0320664644241333
5,Base E5,0.0146828889846801
5,Base E5,0.050804316997528
5,Base E5,0.0554933547973632
5,Base E5,0.0430444478988647
5,Base E5,0.0352507233619689
5,Base E5,0.0531547665596008
5,Base E5,0.0535041093826293
5,Base E5,-0.0244670510292053
5,Base E5,0.0150964260101318
5,Base E5,0.0131550431251525
5,Base E5,0.0172412395477294
5,Base E5,0.0224099159240722
5,Base E5,0.0961686968803405
5,Base E5,0.0349005460739135
5,Base E5,-0.0003848671913146
5,Base E5,0.134132444858551
5,Base E5,-0.0024990439414978
5,Base E5,0.103484034538269
5,Base E5,0.0294635295867919
5,Base E5,0.0041667222976684
5,Base E5,-0.0204336047172546
5,Base E5,0.0043781399726867
5,Base E5,0.039334237575531
5,Base E5,0.0024847388267517
5,Base E5,0.0682262778282165
5,Base E5,0.0195674896240234
5,Base E5,0.0074203014373779
5,Base E5,0.0348972082138061
5,Base E5,0.0575378537178039
5,Base E5,0.0062743425369262
5,Base E5,-0.0277281999588012
5,Base E5,0.0509836673736572
5,Base E5,0.003070056438446
5,Base E5,-0.0188010334968566
5,Base E5,-0.0150657296180725
5,Fine-Tuned E5,0.1745071709156036
5,Fine-Tuned E5,0.3969795405864715
5,Fine-Tuned E5,0.0919713675975799
5,Fine-Tuned E5,0.1055259108543396
5,Fine-Tuned E5,0.05954110622406
5,Fine-Tuned E5,0.035070851445198
5,Fine-Tuned E5,0.1818685233592987
5,Fine-Tuned E5,-0.0760174989700317
5,Fine-Tuned E5,0.0529932677745819
5,Fine-Tuned E5,0.0041181445121765
5,Fine-Tuned E5,0.1110797822475433
5,Fine-Tuned E5,-0.1320746093988418
5,Fine-Tuned E5,0.3051889836788177
5,Fine-Tuned E5,0.1013581156730651
5,Fine-Tuned E5,0.2427904307842254
5,Fine-Tuned E5,0.3027788400650024
5,Fine-Tuned E5,0.2668081223964691
5,Fine-Tuned E5,0.1727034598588943
5,Fine-Tuned E5,0.1783262193202972
5,Fine-Tuned E5,0.0433792918920517
5,Fine-Tuned E5,0.2571566104888916
5,Fine-Tuned E5,0.0215628743171691
5,Fine-Tuned E5,0.0401093959808349
5,Fine-Tuned E5,0.1276007890701294
5,Fine-Tuned E5,0.0653811693191528
5,Fine-Tuned E5,0.1166340410709381
5,Fine-Tuned E5,-0.020807921886444
5,Fine-Tuned E5,-0.181565523147583
5,Fine-Tuned E5,0.0538733303546905
5,Fine-Tuned E5,-0.0126060545444488
5,Fine-Tuned E5,-0.0669317245483398
5,Fine-Tuned E5,0.0848019570112228
5,Fine-Tuned E5,-0.090256780385971
5,Fine-Tuned E5,0.2200406491756439
5,Fine-Tuned E5,0.0901179015636444
5,Fine-Tuned E5,-0.0064508765935897
5,Fine-Tuned E5,-0.153552308678627
5,Fine-Tuned E5,-0.1490039825439453
5,Fine-Tuned E5,-0.0542229861021041
5,Fine-Tuned E5,-0.0072645246982574
5,Fine-Tuned E5,0.1139358878135681
5,Fine-Tuned E5,0.0133456587791442
5,Fine-Tuned E5,0.054787129163742
5,Fine-Tuned E5,0.0689843520522117
5,Fine-Tuned E5,-0.2172303646802902
5,Fine-Tuned E5,-0.0935640111565589
5,Fine-Tuned E5,-0.2530072350054979
5,Fine-Tuned E5,-0.0497058182954788
5,Fine-Tuned E5,0.0171979665756225
5,Fine-Tuned E5,0.0732140839099884
5,Fine-Tuned E5,0.0676411986351013
5,Fine-Tuned E5,-0.1253972053527832
5,Fine-Tuned E5,0.1050896048545837
5,Fine-Tuned E5,0.0636859536170959
5,Fine-Tuned E5,0.2195415645837783
5,Fine-Tuned E5,0.1895619034767151
5,Fine-Tuned E5,0.2447775304317474
5,Fine-Tuned E5,0.1020750403404235
5,Fine-Tuned E5,0.0410273671150207
5,Fine-Tuned E5,0.1558406949043274
5,Fine-Tuned E5,0.3168985843658447
5,Fine-Tuned E5,-0.086018830537796
5,Fine-Tuned E5,0.1815878450870514
5,Fine-Tuned E5,-0.021243467926979
5,Fine-Tuned E5,0.0642763376235961
5,Fine-Tuned E5,0.1018900871276855
5,Fine-Tuned E5,-0.0068551003932952
5,Fine-Tuned E5,0.0038564503192901
5,Fine-Tuned E5,0.1984481960535049
5,Fine-Tuned E5,-0.0040091574192047
5,Fine-Tuned E5,0.0153190493583679
5,Fine-Tuned E5,0.3543980717658996
5,Fine-Tuned E5,0.1864461898803711
5,Fine-Tuned E5,0.1510800719261169
5,Fine-Tuned E5,0.0503106415271759
5,Fine-Tuned E5,0.1391551792621612
5,Fine-Tuned E5,-0.0283709466457366
5,Fine-Tuned E5,0.5478692911565304
5,Fine-Tuned E5,0.1463841497898101
5,Fine-Tuned E5,0.0510727763175964
5,Fine-Tuned E5,0.0131322145462036
5,Fine-Tuned E5,0.0964664220809936
5,Fine-Tuned E5,0.0742415785789489
5,Fine-Tuned E5,-0.0624337494373321
5,Fine-Tuned E5,0.0182074904441833
5,Fine-Tuned E5,0.0992462337017059
5,Fine-Tuned E5,-0.0251241028308868
5,Fine-Tuned E5,-0.1860381811857223
5,Fine-Tuned E5,0.1911355853080749
5,Fine-Tuned E5,-0.0674964785575866
5,Fine-Tuned E5,0.1667318940162658
5,Fine-Tuned E5,0.0913845300674438
5,Fine-Tuned E5,0.0988439619541168
5,Fine-Tuned E5,0.3992104530334472
5,Fine-Tuned E5,0.280002623796463
5,Fine-Tuned E5,0.2166404575109481
5,Fine-Tuned E5,0.0688692331314086
5,Fine-Tuned E5,0.1222414672374725
5,Fine-Tuned E5,0.1980643421411514
5,Fine-Tuned E5,0.2752136290073395
5,Fine-Tuned E5,-0.0041345208883285
5,Fine-Tuned E5,-0.0925315022468566
5,Fine-Tuned E5,0.0089807957410812
5,Fine-Tuned E5,0.1726564913988113
5,Fine-Tuned E5,0.1328557729721069
5,Fine-Tuned E5,0.1465720236301422
5,Fine-Tuned E5,0.1464424133300781
5,Fine-Tuned E5,0.1537841856479644
5,Fine-Tuned E5,0.209159255027771
5,Fine-Tuned E5,0.0921037197113037
5,Fine-Tuned E5,0.1759821325540542
5,Fine-Tuned E5,0.1618097424507141
5,Fine-Tuned E5,0.2841498404741287
5,Fine-Tuned E5,0.3305872678756714
5,Fine-Tuned E5,0.0471797883510589
5,Fine-Tuned E5,0.0938290655612945
5,Fine-Tuned E5,0.1561007499694824
5,Fine-Tuned E5,-0.1432372778654098
5,Fine-Tuned E5,0.1562407910823822
5,Fine-Tuned E5,-0.1088302135467529
5,Fine-Tuned E5,0.1849137246608734
5,Fine-Tuned E5,0.0880370438098907
5,Fine-Tuned E5,0.1729377806186676
5,Fine-Tuned E5,0.0966125726699829
5,Fine-Tuned E5,0.2297630757093429
5,Fine-Tuned E5,-0.0034483075141906
5,Fine-Tuned E5,0.3360679745674133
5,Fine-Tuned E5,-0.0530854240059852
5,Fine-Tuned E5,-0.086408793926239
5,Fine-Tuned E5,0.0350256860256195
5,Fine-Tuned E5,0.0543825328350067
5,Fine-Tuned E5,-0.0143904387950897
5,Fine-Tuned E5,0.2555992901325226
5,Fine-Tuned E5,0.3565336465835571
5,Fine-Tuned E5,0.0556216239929199
5,Fine-Tuned E5,0.2685122787952423
5,Fine-Tuned E5,0.2306317389011383
5,Fine-Tuned E5,0.0757477283477783
5,Fine-Tuned E5,-0.0095186829566955
5,Fine-Tuned E5,0.0190387964248657
5,Fine-Tuned E5,0.187958151102066
5,Fine-Tuned E5,0.3198547661304474
5,Fine-Tuned E5,0.1978340446949005
5,Fine-Tuned E5,0.3413387089967727
5,Fine-Tuned E5,0.3234023302793503
5,Fine-Tuned E5,0.1714617311954498
5,Fine-Tuned E5,0.2775791436433792
5,Fine-Tuned E5,0.2793464958667755
5,Fine-Tuned E5,0.2199471294879913
5,Fine-Tuned E5,0.2576211839914322
5,Fine-Tuned E5,0.1292983740568161
5,Fine-Tuned E5,0.0860472917556762
5,Fine-Tuned E5,0.1399998813867569
5,Fine-Tuned E5,0.2553733885288238
5,Fine-Tuned E5,0.1413058936595916
5,Fine-Tuned E5,0.0376953482627868
5,Fine-Tuned E5,0.1622149050235748
5,Fine-Tuned E5,-0.0274057984352111
5,Fine-Tuned E5,-0.0901835858821868
5,Fine-Tuned E5,0.1559475362300872
5,Fine-Tuned E5,0.2100443840026855
5,Fine-Tuned E5,0.3442917764186859
5,Fine-Tuned E5,0.0321260392665863
5,Fine-Tuned E5,0.2635758817195892
5,Fine-Tuned E5,0.1237956583499908
5,Fine-Tuned E5,0.1694296300411224
5,Fine-Tuned E5,0.1692045032978058
5,Fine-Tuned E5,0.0239764153957366
5,Fine-Tuned E5,0.3511248789727688
5,Fine-Tuned E5,0.3030594140291214
5,Fine-Tuned E5,0.0183748602867126
5,Fine-Tuned E5,0.1424225568771362
5,Fine-Tuned E5,0.3188388496637344
5,Fine-Tuned E5,0.1100218296051025
5,Fine-Tuned E5,0.1020478308200836
5,Fine-Tuned E5,0.0209643244743347
5,Fine-Tuned E5,0.1082760691642761
5,Fine-Tuned E5,-0.1648425757884979
5,Fine-Tuned E5,-0.0240094363689422
5,Fine-Tuned E5,0.0853779911994934
5,Fine-Tuned E5,0.0964135825634002
5,Fine-Tuned E5,0.0482487380504608
5,Fine-Tuned E5,0.2943087220191955
5,Fine-Tuned E5,0.2812055423855781
5,Fine-Tuned E5,-0.2205557078123092
5,Fine-Tuned E5,-0.1294910013675689
5,Fine-Tuned E5,0.2698160111904144
5,Fine-Tuned E5,-0.0669724345207214
5,Fine-Tuned E5,0.2909610569477081
5,Fine-Tuned E5,0.3665370643138885
5,Fine-Tuned E5,0.4274973087012768
5,Fine-Tuned E5,0.104202777147293
5,Fine-Tuned E5,0.3338637799024582
5,Fine-Tuned E5,0.0526380240917205
5,Fine-Tuned E5,0.3570944219827652
5,Fine-Tuned E5,0.1980170011520385
5,Fine-Tuned E5,0.1193726360797882
5,Fine-Tuned E5,0.0691533982753753
5,Fine-Tuned E5,0.1364993953611701
5,Fine-Tuned E5,-0.0005103051662445
5,Fine-Tuned E5,0.2760385572910309
5,Fine-Tuned E5,0.1660583615303039
5,Fine-Tuned E5,0.2011057138442993
5,Fine-Tuned E5,0.1718385517597198
5,Fine-Tuned E5,0.1887628734111786
5,Fine-Tuned E5,0.2697522044181824
5,Fine-Tuned E5,0.0506705045700073
5,Fine-Tuned E5,0.0463884174823761
5,Fine-Tuned E5,0.1046385169029235
5,Fine-Tuned E5,-0.2329713106155395
5,Fine-Tuned E5,0.1715395599603653
5,Fine-Tuned E5,0.2045779079198837
5,Fine-Tuned E5,-0.0169135332107543
5,Fine-Tuned E5,-0.0514222979545593
5,Fine-Tuned E5,0.1451909691095352
5,Fine-Tuned E5,0.0745178014039993
5,Fine-Tuned E5,0.0030051469802856
5,Fine-Tuned E5,0.3602596074342727
5,Fine-Tuned E5,0.2676495909690857
5,Fine-Tuned E5,0.0275912582874298
5,Fine-Tuned E5,0.0450100004673004
5,Fine-Tuned E5,0.4005388915538788
5,Fine-Tuned E5,0.3216298222541809
5,Fine-Tuned E5,0.2357111275196075
5,Fine-Tuned E5,0.1523362845182418
5,Fine-Tuned E5,0.2325565218925476
5,Fine-Tuned E5,0.0513128638267517
5,Fine-Tuned E5,0.0187395811080932
5,Fine-Tuned E5,0.1802593171596527
5,Fine-Tuned E5,0.0181145668029785
5,Fine-Tuned E5,0.2080724537372589
5,Fine-Tuned E5,0.0133078396320343
5,Fine-Tuned E5,0.4966816492378711
5,Fine-Tuned E5,0.2762475162744522
5,Fine-Tuned E5,0.0227580666542053
5,Fine-Tuned E5,-0.0008532255887985
5,Fine-Tuned E5,0.0484115481376647
5,Fine-Tuned E5,0.2339335530996322
5,Fine-Tuned E5,0.2202486991882324
5,Fine-Tuned E5,0.1879517436027526
5,Fine-Tuned E5,0.1924952268600464
5,Fine-Tuned E5,0.1865681111812591
5,Fine-Tuned E5,0.0005802810192108
5,Fine-Tuned E5,0.2276254296302795
5,Fine-Tuned E5,0.2226627022027969
5,Fine-Tuned E5,-0.0422175824642181
5,Fine-Tuned E5,0.0068991780281066
5,Fine-Tuned E5,-0.130347728729248
5,Fine-Tuned E5,0.2541095018386841
5,Fine-Tuned E5,0.0939308106899261
5,Fine-Tuned E5,0.0051883459091186
5,Fine-Tuned E5,0.166622444987297
5,Fine-Tuned E5,0.0550756454467773
5,Fine-Tuned E5,0.0365616381168365
5,Fine-Tuned E5,0.259889967739582
5,Fine-Tuned E5,0.1196305155754089
5,Fine-Tuned E5,0.2153582572937011
5,Fine-Tuned E5,0.0210388004779815
5,Fine-Tuned E5,0.2686112821102142
5,Fine-Tuned E5,0.1169548630714416
5,Fine-Tuned E5,0.0353465378284454
5,Fine-Tuned E5,0.1395924985408783
5,Fine-Tuned E5,0.1401967406272888
5,Fine-Tuned E5,0.0732269585132598
5,Fine-Tuned E5,0.1244100928306579
5,Fine-Tuned E5,0.1678659319877624
5,Fine-Tuned E5,0.1351381242275238
5,Fine-Tuned E5,0.0705181658267974
5,Fine-Tuned E5,0.1508005261421203
5,Fine-Tuned E5,-0.0937601327896118
5,Fine-Tuned E5,0.0031286925077438
5,Fine-Tuned E5,0.2457565665245056
5,Fine-Tuned E5,-0.158092126250267
5,Fine-Tuned E5,0.0540030300617218
5,Fine-Tuned E5,0.0117094814777374
5,Fine-Tuned E5,-0.128320425748825
5,Fine-Tuned E5,0.2439014464616775
5,Fine-Tuned E5,-0.1231788694858551
5,Fine-Tuned E5,0.0671002268791198
5,Fine-Tuned E5,-0.0197390615940094
5,Fine-Tuned E5,0.0651678740978241
5,Fine-Tuned E5,-0.1017883419990539
5,Fine-Tuned E5,0.2858927398920059
5,Fine-Tuned E5,0.1508613228797912
5,Fine-Tuned E5,0.1569890975952148
5,Fine-Tuned E5,0.1914848834276199
5,Fine-Tuned E5,-0.0254194736480712
5,Fine-Tuned E5,-0.0634299218654632
5,Fine-Tuned E5,-0.0094611048698425
5,Fine-Tuned E5,0.0547005534172058
5,Fine-Tuned E5,0.3072659373283386
5,Fine-Tuned E5,0.1367133855819702
5,Fine-Tuned E5,0.160087376832962
5,Fine-Tuned E5,0.1387097239494323
5,Fine-Tuned E5,0.2103261053562164
5,Fine-Tuned E5,0.1539088450372219
5,Fine-Tuned E5,0.2536097466945648
5,Fine-Tuned E5,-0.0358750224113464
5,Fine-Tuned E5,0.0487799644470214
5,Fine-Tuned E5,0.3158269822597503
5,Fine-Tuned E5,0.0466080904006958
5,Fine-Tuned E5,0.0746456980705261
5,Fine-Tuned E5,0.0361434519290924
5,Fine-Tuned E5,0.2970125507563352
5,Fine-Tuned E5,0.2204219847917556
5,Fine-Tuned E5,0.1059783101081848
5,Fine-Tuned E5,0.2173732668161392
5,Fine-Tuned E5,-0.0268208384513854
5,Fine-Tuned E5,0.3455027043819427
5,Fine-Tuned E5,0.4885631129145622
5,Fine-Tuned E5,0.3032882809638977
5,Fine-Tuned E5,0.3114262819290161
5,Fine-Tuned E5,0.2813963592052459
5,Fine-Tuned E5,0.1346117258071899
5,Fine-Tuned E5,0.2491821348667144
5,Fine-Tuned E5,0.0864366888999939
5,Fine-Tuned E5,0.0535502731800079
5,Fine-Tuned E5,0.1941587328910827
5,Fine-Tuned E5,-0.060470163822174
5,Fine-Tuned E5,-0.0697989761829376
5,Fine-Tuned E5,0.0309863984584808
5,Fine-Tuned E5,0.0002473890781402
5,Fine-Tuned E5,0.0127525031566619
5,Fine-Tuned E5,0.1222666352987289
5,Fine-Tuned E5,0.1695190668106079
5,Fine-Tuned E5,0.1183023750782013
5,Fine-Tuned E5,0.1897961646318435
5,Fine-Tuned E5,0.3274954408407211
5,Fine-Tuned E5,0.1678414791822433
5,Fine-Tuned E5,-0.190510481595993
5,Fine-Tuned E5,0.2695043459534645
5,Fine-Tuned E5,-0.0631161332130432
5,Fine-Tuned E5,0.146409273147583
5,Fine-Tuned E5,0.2356240898370742
5,Fine-Tuned E5,0.0677355080842971
5,Fine-Tuned E5,0.5145167633891106
5,Fine-Tuned E5,0.4568235501646995
5,Fine-Tuned E5,0.2159917652606964
5,Fine-Tuned E5,0.3544729202985763
5,Fine-Tuned E5,0.3367803543806076
5,Fine-Tuned E5,0.2326729893684387
5,Fine-Tuned E5,-0.1841083187609911
5,Fine-Tuned E5,0.168864369392395
5,Fine-Tuned E5,0.0093053132295608
5,Fine-Tuned E5,0.4528576731681824
5,Fine-Tuned E5,0.3033566474914551
5,Fine-Tuned E5,-0.2184057235717773
5,Fine-Tuned E5,-0.0779413729906082
5,Fine-Tuned E5,0.0701404213905334
5,Fine-Tuned E5,0.2652982175350189
5,Fine-Tuned E5,0.2311718910932541
5,Fine-Tuned E5,0.1043905615806579
5,Fine-Tuned E5,0.1868661642074585
5,Fine-Tuned E5,0.0871881246566772
5,Fine-Tuned E5,0.0160854458808898
5,Fine-Tuned E5,0.1920602917671203
5,Fine-Tuned E5,0.2576357424259186
5,Fine-Tuned E5,0.1750034093856811
5,Fine-Tuned E5,0.0698553323745727
5,Fine-Tuned E5,0.1008717119693756
5,Fine-Tuned E5,0.3832293748855591
5,Fine-Tuned E5,-0.1040021777153015
5,Fine-Tuned E5,0.1722999215126037
5,Fine-Tuned E5,0.1830586791038513
5,Fine-Tuned E5,0.30830118060112
5,Fine-Tuned E5,0.2080131471157074
5,Fine-Tuned E5,0.5809388309717178
5,Fine-Tuned E5,0.5983853787183762
5,Fine-Tuned E5,0.3130102604627609
5,Fine-Tuned E5,0.2381853014230728
5,Fine-Tuned E5,0.4162261411547661
5,Fine-Tuned E5,-0.0238439440727233
5,Fine-Tuned E5,0.1477822363376617
5,Fine-Tuned E5,0.087583839893341
5,Fine-Tuned E5,0.2784383594989776
5,Fine-Tuned E5,0.4412067458033561
5,Fine-Tuned E5,0.3236474245786667
5,Fine-Tuned E5,0.0777938365936279
5,Fine-Tuned E5,0.2130640521645546
5,Fine-Tuned E5,-0.1764382421970367
5,Fine-Tuned E5,0.1606687903404235
5,Fine-Tuned E5,-0.0144134163856506
5,Fine-Tuned E5,0.1369053423404693
5,Fine-Tuned E5,0.0457779765129089
5,Fine-Tuned E5,0.3208548724651336
5,Fine-Tuned E5,0.338603064417839
5,Fine-Tuned E5,-0.11250601708889
5,Fine-Tuned E5,0.1726658344268798
5,Fine-Tuned E5,0.1444452032446861
5,Fine-Tuned E5,0.2725389301776886
5,Fine-Tuned E5,-0.329058364033699
5,Fine-Tuned E5,0.0330658555030822
5,Fine-Tuned E5,0.3033838123083114
5,Fine-Tuned E5,0.132116436958313
5,Fine-Tuned E5,0.2904631346464157
5,Fine-Tuned E5,0.2568154335021972
5,Fine-Tuned E5,0.2633465677499771
5,Fine-Tuned E5,0.1180894076824188
5,Fine-Tuned E5,0.1095554679632186
5,Fine-Tuned E5,0.1320895254611969
5,Fine-Tuned E5,0.1418891251087188
5,Fine-Tuned E5,0.0443639159202575
5,Fine-Tuned E5,0.0283900499343872
5,Fine-Tuned E5,0.1363145112991333
5,Fine-Tuned E5,0.0565452575683593
5,Fine-Tuned E5,-0.0019685924053192
5,Fine-Tuned E5,0.0567326545715332
5,Fine-Tuned E5,-0.0395575165748596
5,Fine-Tuned E5,0.2454932928085327
5,Fine-Tuned E5,0.3997551500797272
5,Fine-Tuned E5,0.1178233623504638
5,Fine-Tuned E5,-0.0316264331340789
5,Fine-Tuned E5,0.1455457508563995
5,Fine-Tuned E5,-0.1209424436092376
5,Fine-Tuned E5,0.341159239411354
5,Fine-Tuned E5,0.0542239248752594
5,Fine-Tuned E5,0.2869292646646499
5,Fine-Tuned E5,0.1020098328590393
5,Fine-Tuned E5,0.0072000324726104
5,Fine-Tuned E5,-0.1234866380691528
5,Fine-Tuned E5,0.0966490507125854
5,Fine-Tuned E5,0.1132447123527526
5,Fine-Tuned E5,0.106141060590744
5,Fine-Tuned E5,0.0345681756734848
5,Fine-Tuned E5,-0.0707578659057617
5,Fine-Tuned E5,0.0509221851825714
5,Fine-Tuned E5,0.1190457940101623
5,Fine-Tuned E5,0.1628735959529876
5,Fine-Tuned E5,0.0003359168767929
5,Fine-Tuned E5,0.0297991186380386
5,Fine-Tuned E5,0.1256459653377533
5,Fine-Tuned E5,-0.0198771357536315
5,Fine-Tuned E5,0.2635373175144195
5,Fine-Tuned E5,0.4989602752029896
5,Fine-Tuned E5,0.2219467386603355
5,Fine-Tuned E5,0.2251947820186615
5,Fine-Tuned E5,0.1499181985855102
5,Fine-Tuned E5,0.2707163451705128
5,Fine-Tuned E5,-0.1964199244976043
5,Fine-Tuned E5,0.0943767204880714
5,Fine-Tuned E5,0.1790765672922134
5,Fine-Tuned E5,-0.0238081514835357
5,Fine-Tuned E5,0.0485233068466186
5,Fine-Tuned E5,-0.1200218647718429
5,Fine-Tuned E5,0.1913515776395797
5,Fine-Tuned E5,0.1687210649251938
5,Fine-Tuned E5,0.1635403633117675
5,Fine-Tuned E5,0.201788529753685
5,Fine-Tuned E5,0.0056095719337463
5,Fine-Tuned E5,0.0997914373874664
5,Fine-Tuned E5,0.196156308054924
5,Fine-Tuned E5,0.2423083782196045
5,Fine-Tuned E5,0.0170254707336425
5,Fine-Tuned E5,0.1651358306407928
5,Fine-Tuned E5,-0.0923110842704773
5,Fine-Tuned E5,0.3622752353549003
5,Fine-Tuned E5,0.6025900542736053
5,Fine-Tuned E5,0.3137748837471008
5,Fine-Tuned E5,0.2517903670668602
5,Fine-Tuned E5,0.4408486485481262
5,Fine-Tuned E5,-0.007467895746231
5,Fine-Tuned E5,-0.1070311665534973
5,Fine-Tuned E5,0.06985804438591
5,Fine-Tuned E5,-0.241536945104599
5,Fine-Tuned E5,0.2146623730659485
5,Fine-Tuned E5,-0.0150302648544311
5,Fine-Tuned E5,-0.1648389101028442
5,Fine-Tuned E5,-0.1683515906333923
5,Fine-Tuned E5,0.195771113038063
5,Fine-Tuned E5,-0.046411857008934
5,Fine-Tuned E5,-0.0097166001796722
5,Fine-Tuned E5,-0.1434045433998108
5,Fine-Tuned E5,0.0842595994472503
5,Fine-Tuned E5,-0.1016222834587097
5,Fine-Tuned E5,0.3235270082950592
5,Fine-Tuned E5,-0.039407730102539
5,Fine-Tuned E5,-0.0542916357517242
5,Fine-Tuned E5,-0.0275899320840835
5,Fine-Tuned E5,0.3144785314798355
5,Fine-Tuned E5,0.0730670094490051
5,Fine-Tuned E5,0.1469342112541198
5,Fine-Tuned E5,0.1103862226009368
5,Fine-Tuned E5,0.3695936873555183
5,Fine-Tuned E5,0.0305748134851455
5,Fine-Tuned E5,0.2960661351680755
5,Fine-Tuned E5,0.0558569729328155
5,Fine-Tuned E5,-0.2580520659685135
5,Fine-Tuned E5,0.0351249873638153
5,Fine-Tuned E5,0.1896367967128753
5,Fine-Tuned E5,0.3063544034957886
5,Fine-Tuned E5,0.316841185092926
5,Fine-Tuned E5,0.0461370944976806
5,Fine-Tuned E5,-0.0284566581249237
5,Fine-Tuned E5,0.0780970901250839
5,Fine-Tuned E5,0.0907246172428131
5,Fine-Tuned E5,-0.2609269917011261
5,Fine-Tuned E5,0.3627361925318837
5,Fine-Tuned E5,0.2492513060569763
5,Fine-Tuned E5,0.2235683649778366
5,Fine-Tuned E5,0.0251002460718154
5,Fine-Tuned E5,0.1047851145267486
5,Fine-Tuned E5,0.2161788344383239
5,Fine-Tuned E5,0.0634151697158813
5,Fine-Tuned E5,0.1330054700374603
5,Fine-Tuned E5,0.4609368741512298
5,Fine-Tuned E5,0.2946880310773849
5,Fine-Tuned E5,0.2942497730255127
5,Fine-Tuned E5,-0.0521341860294342
5,Fine-Tuned E5,0.2934887707233429
5,Fine-Tuned E5,0.2727206647396087
5,Fine-Tuned E5,0.2708857357501983
5,Fine-Tuned E5,0.3006177842617035
5,Fine-Tuned E5,0.4940332025289535
5,Fine-Tuned E5,0.0085496604442596
5,Fine-Tuned E5,0.2200874388217926
5,Fine-Tuned E5,0.2060343623161316
5,Fine-Tuned E5,0.4252967163920402
5,Fine-Tuned E5,0.4577618613839149
5,Fine-Tuned E5,0.3853617906570434
5,Fine-Tuned E5,0.5024928450584412
5,Fine-Tuned E5,0.2088978290557861
5,Fine-Tuned E5,0.1133435368537902
5,Fine-Tuned E5,0.1170189827680587
5,Fine-Tuned E5,0.1969054639339447
5,Fine-Tuned E5,0.0730003118515014
5,Fine-Tuned E5,0.0725474953651428
5,Fine-Tuned E5,0.1575832664966583
5,Fine-Tuned E5,-0.1067898869514465
5,Fine-Tuned E5,0.4109663777053356
5,Fine-Tuned E5,0.180537149310112
5,Fine-Tuned E5,-0.0938284397125244
5,Fine-Tuned E5,0.0239498615264892
5,Fine-Tuned E5,0.2909426093101501
5,Fine-Tuned E5,0.015904501080513
5,Fine-Tuned E5,0.3231727331876755
5,Fine-Tuned E5,0.1702629700303077
5,Fine-Tuned E5,0.247736856341362
5,Fine-Tuned E5,0.422088012099266
5,Fine-Tuned E5,0.1254999041557312
5,Fine-Tuned E5,0.2246297299861908
5,Fine-Tuned E5,0.1784842908382415
5,Fine-Tuned E5,-0.0094102323055267
5,Fine-Tuned E5,0.3346348702907562
5,Fine-Tuned E5,0.3070245683193207
5,Fine-Tuned E5,0.1626199185848236
5,Fine-Tuned E5,0.1213261187076568
5,Fine-Tuned E5,0.149915337562561
5,Fine-Tuned E5,0.214107871055603
5,Fine-Tuned E5,0.3572781309485435
5,Fine-Tuned E5,0.4165834784507751
5,Fine-Tuned E5,0.1605817377567291
5,Fine-Tuned E5,0.343191459774971
5,Fine-Tuned E5,0.0292868614196777
5,Fine-Tuned E5,0.2715044021606445
5,Fine-Tuned E5,0.2317491918802261
5,Fine-Tuned E5,-0.0804129540920257
5,Fine-Tuned E5,0.104179710149765
5,Fine-Tuned E5,0.1672492921352386
5,Fine-Tuned E5,0.2111827433109283
5,Fine-Tuned E5,0.1073748022317886
5,Fine-Tuned E5,0.2354516312479972
5,Fine-Tuned E5,0.1674594655632972
5,Fine-Tuned E5,0.246672123670578
5,Fine-Tuned E5,0.3467162251472473
5,Fine-Tuned E5,0.1473671495914459
5,Fine-Tuned E5,-0.0337138772010803
5,Fine-Tuned E5,0.0065277814865112
5,Fine-Tuned E5,0.1178901195526123
5,Fine-Tuned E5,0.2676646411418915
5,Fine-Tuned E5,-0.2041109204292297
5,Fine-Tuned E5,0.1146344542503357
5,Fine-Tuned E5,0.3963972628116607
5,Fine-Tuned E5,-0.0572331547737121
5,Fine-Tuned E5,0.0959814339876174
5,Fine-Tuned E5,0.1350882649421692
5,Fine-Tuned E5,0.0591650158166885
5,Fine-Tuned E5,0.181981474161148
5,Fine-Tuned E5,0.2335963398218155
5,Fine-Tuned E5,0.0532398521900177
5,Fine-Tuned E5,0.0763813406229019
5,Fine-Tuned E5,0.2377919554710388
5,Fine-Tuned E5,0.2542449943721294
5,Fine-Tuned E5,0.2527947723865509
5,Fine-Tuned E5,0.0448335111141204
5,Fine-Tuned E5,0.2370327413082122
5,Fine-Tuned E5,0.194942444562912
5,Fine-Tuned E5,0.1685723662376403
5,Fine-Tuned E5,0.0514127612113952
5,Fine-Tuned E5,0.2757653146982193
5,Fine-Tuned E5,0.2701256871223449
5,Fine-Tuned E5,0.0867143273353576
5,Fine-Tuned E5,-0.0510128140449523
5,Fine-Tuned E5,0.2113952040672302
5,Fine-Tuned E5,0.03096404671669
5,Fine-Tuned E5,0.2221984267234802
5,Fine-Tuned E5,0.1011054813861846
5,Fine-Tuned E5,0.1021569073200225
5,Fine-Tuned E5,0.2097752690315246
5,Fine-Tuned E5,0.282359167933464
5,Fine-Tuned E5,0.0524033606052398
5,Fine-Tuned E5,0.2137193977832794
5,Fine-Tuned E5,0.0327276587486267
5,Fine-Tuned E5,0.0569116175174713
5,Fine-Tuned E5,0.1014770567417144
5,Fine-Tuned E5,0.3161939680576324
5,Fine-Tuned E5,0.2832354605197906
5,Fine-Tuned E5,0.2517091184854507
5,Fine-Tuned E5,0.0025754868984222
5,Fine-Tuned E5,-0.0141754150390625
5,Fine-Tuned E5,-0.0169731676578521
5,Fine-Tuned E5,0.2523281425237655
5,Fine-Tuned E5,-0.1159984618425369
5,Fine-Tuned E5,0.2385734319686889
5,Fine-Tuned E5,-0.1023123562335968
5,Fine-Tuned E5,0.2158208787441253
5,Fine-Tuned E5,0.2253364026546478
5,Fine-Tuned E5,0.0817732214927673
5,Fine-Tuned E5,0.190356358885765
5,Fine-Tuned E5,0.1542270183563232
5,Fine-Tuned E5,-0.1276153624057769
5,Fine-Tuned E5,0.0201963186264038
5,Fine-Tuned E5,0.085428774356842
5,Fine-Tuned E5,0.1461912095546722
5,Fine-Tuned E5,0.1883040815591812
5,Fine-Tuned E5,0.4089170396327972
5,Fine-Tuned E5,0.2095552533864975
5,Fine-Tuned E5,0.0823468565940857
5,Fine-Tuned E5,-0.2155350744724273
5,Fine-Tuned E5,-0.0329225659370422
5,Fine-Tuned E5,0.0738473236560821
5,Fine-Tuned E5,0.5170748755335808
5,Fine-Tuned E5,0.1401949226856231
5,Fine-Tuned E5,0.1748723983764648
5,Fine-Tuned E5,0.2230277359485626
5,Fine-Tuned E5,0.2170495688915252
5,Fine-Tuned E5,-0.0050740242004394
5,Fine-Tuned E5,-0.021249383687973
5,Fine-Tuned E5,0.0927690863609314
5,Fine-Tuned E5,0.126006931066513
5,Fine-Tuned E5,0.0255473554134368
5,Fine-Tuned E5,0.0370021164417266
5,Fine-Tuned E5,0.2699322998523712
5,Fine-Tuned E5,0.1504709422588348
5,Fine-Tuned E5,0.2573431879281997
5,Fine-Tuned E5,0.2224426865577697
5,Fine-Tuned E5,0.1618324220180511
5,Fine-Tuned E5,0.1095797419548034
5,Fine-Tuned E5,0.0073904991149902
5,Fine-Tuned E5,-0.0250671803951263
5,Fine-Tuned E5,0.044458270072937
5,Fine-Tuned E5,0.1701449453830719
5,Fine-Tuned E5,0.2210952788591385
5,Fine-Tuned E5,0.0700314044952392
5,Fine-Tuned E5,0.2123449742794037
5,Fine-Tuned E5,0.1381384879350662
5,Fine-Tuned E5,0.1135648787021637
5,Fine-Tuned E5,0.3569363951683044
5,Fine-Tuned E5,0.176091730594635
5,Fine-Tuned E5,0.2813926190137863
5,Fine-Tuned E5,0.2660743743181228
5,Fine-Tuned E5,0.4563948065042496
5,Fine-Tuned E5,0.0606082081794738
5,Fine-Tuned E5,0.3066593110561371
5,Fine-Tuned E5,0.1849800050258636
5,Fine-Tuned E5,0.3116141855716705
5,Fine-Tuned E5,0.0360652208328247
5,Fine-Tuned E5,0.1079186797142028
5,Fine-Tuned E5,0.0386826694011688
5,Fine-Tuned E5,0.0751882493495941
5,Fine-Tuned E5,0.0048829019069671
5,Fine-Tuned E5,0.2222202718257904
5,Fine-Tuned E5,0.2282469719648361
5,Fine-Tuned E5,0.1286414265632629
5,Fine-Tuned E5,-0.1466602385044098
5,Fine-Tuned E5,0.337811216711998
5,Fine-Tuned E5,0.2155798077583313
5,Fine-Tuned E5,0.0539087802171707
5,Fine-Tuned E5,0.035679668188095
5,Fine-Tuned E5,0.1166636645793914
5,Fine-Tuned E5,0.1178579032421112
5,Fine-Tuned E5,0.0319344699382782
5,Fine-Tuned E5,0.2206110805273056
5,Fine-Tuned E5,0.1719597429037094
5,Fine-Tuned E5,0.1056545376777648
5,Fine-Tuned E5,0.2981353402137756
5,Fine-Tuned E5,0.1953598260879516
5,Fine-Tuned E5,0.3796272873878479
5,Fine-Tuned E5,0.1930679678916931
5,Fine-Tuned E5,0.0396879911422729
5,Fine-Tuned E5,0.0024985671043395
5,Fine-Tuned E5,0.1345909833908081
5,Fine-Tuned E5,0.2650751322507858
5,Fine-Tuned E5,0.2388631701469421
5,Fine-Tuned E5,-0.0138545334339141
5,Fine-Tuned E5,0.2005446553230285
5,Fine-Tuned E5,0.1535693109035492
5,Fine-Tuned E5,0.1856161952018737
5,Fine-Tuned E5,-0.0596364140510559
5,Fine-Tuned E5,0.1668470799922943
5,Fine-Tuned E5,0.2086493819952011
5,Fine-Tuned E5,0.079035997390747
5,Fine-Tuned E5,0.0754018127918243
5,Fine-Tuned E5,0.1816204190254211
5,Fine-Tuned E5,0.0507924258708953
5,Fine-Tuned E5,-0.009507417678833
5,Fine-Tuned E5,0.2315424233675003
5,Fine-Tuned E5,0.3411316275596618
5,Fine-Tuned E5,0.1757144480943679
5,Fine-Tuned E5,0.3316578269004822
5,Fine-Tuned E5,0.1299970299005508
5,Fine-Tuned E5,0.0074394345283508
5,Fine-Tuned E5,0.1068978011608123
5,Fine-Tuned E5,0.5377956479787827
5,Fine-Tuned E5,0.2283019870519638
5,Fine-Tuned E5,0.0911312401294708
5,Fine-Tuned E5,0.2639114111661911
5,Fine-Tuned E5,0.284621387720108
5,Fine-Tuned E5,0.1598991453647613
5,Fine-Tuned E5,0.2255005836486816
5,Fine-Tuned E5,0.5961507968604565
5,Fine-Tuned E5,0.1929982602596283
5,Fine-Tuned E5,0.0556661486625671
5,Fine-Tuned E5,0.1381998062133789
5,Fine-Tuned E5,0.0715164840221405
5,Fine-Tuned E5,0.2959675043821335
5,Fine-Tuned E5,0.2444667220115661
5,Fine-Tuned E5,0.1670272350311279
5,Fine-Tuned E5,0.0776020884513855
5,Fine-Tuned E5,0.2312924861907959
5,Fine-Tuned E5,0.1003799736499786
5,Fine-Tuned E5,0.1322134733200073
5,Fine-Tuned E5,0.2280683815479278
5,Fine-Tuned E5,-0.0751506984233856
5,Fine-Tuned E5,0.0006040632724761
5,Fine-Tuned E5,0.0064267516136169
5,Fine-Tuned E5,0.357060432434082
5,Fine-Tuned E5,0.365143746137619
5,Fine-Tuned E5,0.1424677670001983
5,Fine-Tuned E5,0.213821679353714
5,Fine-Tuned E5,-0.0504751801490783
5,Fine-Tuned E5,-0.1910147964954376
5,Fine-Tuned E5,0.0469706058502197
5,Fine-Tuned E5,0.1420135796070099
5,Fine-Tuned E5,0.0386496186256408
5,Fine-Tuned E5,0.290936604142189
5,Fine-Tuned E5,0.3128089606761932
5,Fine-Tuned E5,0.1612306833267212
5,Fine-Tuned E5,0.3387188166379928
5,Fine-Tuned E5,0.3374587893486023
5,Fine-Tuned E5,0.2767214477062225
5,Fine-Tuned E5,0.3371385335922241
5,Fine-Tuned E5,0.2105712890625
5,Fine-Tuned E5,0.1478219628334045
5,Fine-Tuned E5,0.193601444363594
5,Fine-Tuned E5,0.231790006160736
5,Fine-Tuned E5,0.3619249165058136
5,Fine-Tuned E5,0.1420931220054626
5,Fine-Tuned E5,0.1360857784748077
5,Fine-Tuned E5,-0.0302536189556121
5,Fine-Tuned E5,0.0232079774141311
5,Fine-Tuned E5,0.0581943690776824
5,Fine-Tuned E5,0.0965054631233215
5,Fine-Tuned E5,0.0268060266971588
5,Fine-Tuned E5,0.1992612183094024
5,Fine-Tuned E5,0.0430456399917602
5,Fine-Tuned E5,-0.0278601795434951
5,Fine-Tuned E5,0.1117822527885437
5,Fine-Tuned E5,0.161722719669342
5,Fine-Tuned E5,0.022483080625534
5,Fine-Tuned E5,-0.0141277164220809
5,Fine-Tuned E5,0.1324594020843505
5,Fine-Tuned E5,0.0563518702983856
5,Fine-Tuned E5,0.1527738273143768
5,Fine-Tuned E5,0.0964503437280654
5,Fine-Tuned E5,0.1528829038143158
5,Fine-Tuned E5,0.102937638759613
5,Fine-Tuned E5,0.2907361984252929
5,Fine-Tuned E5,0.1875422447919845
5,Fine-Tuned E5,0.1723712086677551
5,Fine-Tuned E5,0.198211133480072
5,Fine-Tuned E5,0.1943705976009369
5,Fine-Tuned E5,0.176240861415863
5,Fine-Tuned E5,0.1158917546272277
5,Fine-Tuned E5,0.2895289361476898
5,Fine-Tuned E5,0.1212003827095031
5,Fine-Tuned E5,0.0487391054630279
5,Fine-Tuned E5,0.3337726891040802
5,Fine-Tuned E5,0.059432178735733
5,Fine-Tuned E5,0.3182994648814201
5,Fine-Tuned E5,0.1467979848384857
5,Fine-Tuned E5,0.1537315547466278
5,Fine-Tuned E5,0.002642884850502
5,Fine-Tuned E5,-0.0222245156764984
5,Fine-Tuned E5,0.1191872060298919
5,Fine-Tuned E5,0.3120836913585663
5,Fine-Tuned E5,0.2970339953899383
5,Fine-Tuned E5,0.2716230303049087
5,Fine-Tuned E5,0.188695877790451
5,Fine-Tuned E5,0.1923085451126098
5,Fine-Tuned E5,0.1846151053905487
5,Fine-Tuned E5,-0.0019670724868774
5,Fine-Tuned E5,0.1360517144203186
5,Fine-Tuned E5,0.2747600674629211
5,Fine-Tuned E5,0.0453649163246154
5,Fine-Tuned E5,0.2088116407394409
5,Fine-Tuned E5,-0.0936382412910461
5,Fine-Tuned E5,0.3340962380170822
5,Fine-Tuned E5,0.0259370505809783
5,Fine-Tuned E5,0.2003074586391449
5,Fine-Tuned E5,0.0343411862850189
5,Fine-Tuned E5,0.0735697448253631
5,Fine-Tuned E5,-0.050393521785736
5,Fine-Tuned E5,0.0836708843708038
5,Fine-Tuned E5,-0.0353240668773651
5,Fine-Tuned E5,0.137051373720169
5,Fine-Tuned E5,0.4204957261681556
5,Fine-Tuned E5,0.1774668395519256
5,Fine-Tuned E5,-0.1027676314115524
5,Fine-Tuned E5,0.3379134684801101
5,Fine-Tuned E5,0.0975477769970893
5,Fine-Tuned E5,0.2264982163906097
5,Fine-Tuned E5,0.2875249981880188
5,Fine-Tuned E5,0.0931721627712249
5,Fine-Tuned E5,0.0203504264354705
5,Fine-Tuned E5,0.0805093050003051
5,Fine-Tuned E5,0.0975444614887237
5,Fine-Tuned E5,0.1043802797794342
5,Fine-Tuned E5,0.1823800802230835
5,Fine-Tuned E5,0.1033630073070526
5,Fine-Tuned E5,0.1957390010356903
5,Fine-Tuned E5,0.0545064210891723
5,Fine-Tuned E5,0.1601080596446991
5,Fine-Tuned E5,0.0770822763442993
5,Fine-Tuned E5,0.2071858048439026
5,Fine-Tuned E5,0.0431589484214782
5,Fine-Tuned E5,0.3097307235002517
5,Fine-Tuned E5,0.0303950011730194
5,Fine-Tuned E5,0.1843945384025573
5,Fine-Tuned E5,0.1713877916336059
5,Fine-Tuned E5,0.055926501750946
5,Fine-Tuned E5,0.1095216274261474
5,Fine-Tuned E5,0.1522617042064666
5,Fine-Tuned E5,0.4035467654466629
5,Fine-Tuned E5,0.4100386798381805
5,Fine-Tuned E5,0.0364089906215667
5,Fine-Tuned E5,0.0314750671386718
5,Fine-Tuned E5,0.0746192634105682
5,Fine-Tuned E5,0.2397853732109069
5,Fine-Tuned E5,0.0514494776725769
5,Fine-Tuned E5,0.1461277306079864
5,Fine-Tuned E5,-0.0420548617839813
5,Fine-Tuned E5,0.2023304998874664
5,Fine-Tuned E5,0.1064516901969909
5,Fine-Tuned E5,0.166037768125534
5,Fine-Tuned E5,0.1788297295570373
5,Fine-Tuned E5,0.1805289983749389
5,Fine-Tuned E5,0.254159539937973
5,Fine-Tuned E5,0.3241844028234482
5,Fine-Tuned E5,0.0331229865550994
5,Fine-Tuned E5,0.2182050198316574
5,Fine-Tuned E5,0.3519510999321937
5,Fine-Tuned E5,0.1547586619853973
5,Fine-Tuned E5,0.1494277715682983
5,Fine-Tuned E5,0.1368384659290313
5,Fine-Tuned E5,-0.0020993947982788
5,Fine-Tuned E5,0.2465804815292358
5,Fine-Tuned E5,0.2462539672851562
5,Fine-Tuned E5,0.0427615940570831
5,Fine-Tuned E5,0.1072386503219604
5,Fine-Tuned E5,0.1278488934040069
5,Fine-Tuned E5,0.0514473617076873
5,Fine-Tuned E5,0.0059412121772766
5,Fine-Tuned E5,0.0850533843040466
5,Fine-Tuned E5,0.1418113112449646
5,Fine-Tuned E5,0.255443662405014
5,Fine-Tuned E5,0.1826891601085662
5,Fine-Tuned E5,0.1654378473758697
5,Fine-Tuned E5,0.3416620194911957
5,Fine-Tuned E5,0.2483144700527191
5,Fine-Tuned E5,0.092072993516922
5,Fine-Tuned E5,0.3688960522413254
5,Fine-Tuned E5,-0.019622266292572
5,Fine-Tuned E5,0.0472537875175476
5,Fine-Tuned E5,0.1680525839328766
5,Fine-Tuned E5,0.3220459520816803
5,Fine-Tuned E5,-0.0246539711952209
5,Fine-Tuned E5,0.2156944870948791
5,Fine-Tuned E5,0.3264276087284088
5,Fine-Tuned E5,0.124887466430664
5,Fine-Tuned E5,0.3006461560726166
5,Fine-Tuned E5,0.2527521550655365
5,Fine-Tuned E5,0.0140888094902038
5,Fine-Tuned E5,0.2466707527637481
5,Fine-Tuned E5,0.0515944361686706
5,Fine-Tuned E5,0.2164075374603271
5,Fine-Tuned E5,0.0651965141296386
5,Fine-Tuned E5,0.310793861746788
5,Fine-Tuned E5,0.4776909202337265
5,Fine-Tuned E5,0.3906041234731674
5,Fine-Tuned E5,-0.053529679775238
5,Fine-Tuned E5,0.014311671257019
5,Fine-Tuned E5,0.0399311482906341
5,Fine-Tuned E5,0.239145815372467
5,Fine-Tuned E5,-0.0291645228862762
5,Fine-Tuned E5,0.1343887448310852
5,Fine-Tuned E5,0.0628302991390228
5,Fine-Tuned E5,0.1191070079803466
5,Fine-Tuned E5,0.0542678534984588
5,Fine-Tuned E5,0.3934920877218246
5,Fine-Tuned E5,-0.0317012816667556
5,Fine-Tuned E5,-0.2651683092117309
5,Fine-Tuned E5,-0.0365846529603004
5,Fine-Tuned E5,0.3092709481716156
5,Fine-Tuned E5,0.1348957270383834
5,Fine-Tuned E5,0.0593951046466827
5,Fine-Tuned E5,0.1479734629392624
5,Fine-Tuned E5,0.05160653591156
5,Fine-Tuned E5,0.1027230024337768
5,Fine-Tuned E5,-0.1604218184947967
5,Fine-Tuned E5,0.1206934750080108
5,Fine-Tuned E5,0.3179148808121681
5,Fine-Tuned E5,0.0748980045318603
5,Fine-Tuned E5,0.17608642578125
5,Fine-Tuned E5,0.1447547674179077
5,Fine-Tuned E5,0.1871510148048401
5,Fine-Tuned E5,0.2151044942438602
5,Fine-Tuned E5,-0.0129295885562896
5,Fine-Tuned E5,0.323817178606987
5,Fine-Tuned E5,0.344837337732315
5,Fine-Tuned E5,0.0176028609275817
5,Fine-Tuned E5,0.1362476646900177
5,Fine-Tuned E5,0.1099680066108703
5,Fine-Tuned E5,0.0931297838687896
5,Fine-Tuned E5,0.2754189521074295
5,Fine-Tuned E5,0.1290322840213775
5,Fine-Tuned E5,0.2503600269556045
5,Fine-Tuned E5,0.1197971105575561
5,Fine-Tuned E5,0.3305394053459167
5,Fine-Tuned E5,0.1081926226615905
5,Fine-Tuned E5,0.1406891047954559
5,Fine-Tuned E5,0.2085909470915794
5,Fine-Tuned E5,0.3451129198074341
5,Fine-Tuned E5,0.1687771081924438
5,Fine-Tuned E5,0.2508343756198883
5,Fine-Tuned E5,0.1819103956222534
5,Fine-Tuned E5,0.0939522981643676
5,Fine-Tuned E5,0.169656828045845
5,Fine-Tuned E5,0.0377279669046402
5,Fine-Tuned E5,0.2133115082979202
5,Fine-Tuned E5,0.2758703231811523
5,Fine-Tuned E5,0.1855126917362213
5,Fine-Tuned E5,0.1979602724313736
5,Fine-Tuned E5,0.2888184189796448
5,Fine-Tuned E5,0.2761957198381424
5,Fine-Tuned E5,0.2197365760803222
5,Fine-Tuned E5,0.2563891410827636
5,Fine-Tuned E5,0.296001061797142
5,Fine-Tuned E5,0.3149672746658325
5,Fine-Tuned E5,0.2814282774925232
5,Fine-Tuned E5,0.3876700699329376
5,Fine-Tuned E5,0.1747625172138214
5,Fine-Tuned E5,0.3148096203804016
5,Fine-Tuned E5,0.0417873561382293
5,Fine-Tuned E5,0.1398763358592987
5,Fine-Tuned E5,0.0745519697666168
5,Fine-Tuned E5,0.1536220610141754
5,Fine-Tuned E5,0.2214667797088623
5,Fine-Tuned E5,0.0241731107234954
5,Fine-Tuned E5,0.337833009660244
5,Fine-Tuned E5,0.268880657851696
5,Fine-Tuned E5,0.083566814661026
5,Fine-Tuned E5,0.2942167520523071
5,Fine-Tuned E5,0.1246582865715026
5,Fine-Tuned E5,-0.0054669678211212
5,Fine-Tuned E5,0.2211861163377761
5,Fine-Tuned E5,0.1019843816757202
5,Fine-Tuned E5,0.0336895585060119
5,Fine-Tuned E5,0.3131170757114887
5,Fine-Tuned E5,0.157535970211029
5,Fine-Tuned E5,0.0993874371051788
5,Fine-Tuned E5,0.2428732812404632
5,Fine-Tuned E5,0.2325124442577362
5,Fine-Tuned E5,0.4723310992121696
5,Fine-Tuned E5,-0.005387544631958
5,Fine-Tuned E5,-0.0994333326816558
5,Fine-Tuned E5,0.2420373857021331
5,Fine-Tuned E5,0.2183737158775329
5,Fine-Tuned E5,0.1686481535434723
5,Fine-Tuned E5,0.3606606721878052
5,Fine-Tuned E5,0.1302755773067474
5,Fine-Tuned E5,0.2769485265016556
5,Fine-Tuned E5,0.3073166012763977
5,Fine-Tuned E5,0.2368798702955246
5,Fine-Tuned E5,0.0970574915409088
5,Fine-Tuned E5,0.2281132936477661
5,Fine-Tuned E5,0.3125780820846557
5,Fine-Tuned E5,0.286967784166336
5,Fine-Tuned E5,0.3136900514364242
5,Fine-Tuned E5,0.2902941107749939
5,Fine-Tuned E5,0.2798605561256408
5,Fine-Tuned E5,0.3537045568227768
5,Fine-Tuned E5,0.0971781611442565
5,Fine-Tuned E5,0.1861565560102462
5,Fine-Tuned E5,-0.0531535446643829
5,Fine-Tuned E5,0.206741601228714
5,Fine-Tuned E5,0.0616958737373352
5,Fine-Tuned E5,0.0928592979907989
5,Fine-Tuned E5,0.0898009836673736
5,Fine-Tuned E5,0.1626108139753341
5,Fine-Tuned E5,-0.0035892874002456
5,Fine-Tuned E5,0.2507556676864624
5,Fine-Tuned E5,0.2775783464312553
5,Fine-Tuned E5,0.0365367531776428
5,Fine-Tuned E5,0.0733566880226135
5,Fine-Tuned E5,-0.0122532248497009
5,Fine-Tuned E5,0.048121154308319
5,Fine-Tuned E5,0.1131465137004852
5,Fine-Tuned E5,0.0936083495616912
5,Fine-Tuned E5,0.2305908650159835
5,Fine-Tuned E5,-0.1368100270628929
5,Fine-Tuned E5,0.1424834132194519
5,Fine-Tuned E5,0.092291384935379
5,Fine-Tuned E5,0.1699146926403045
5,Fine-Tuned E5,0.1375608444213867
5,Fine-Tuned E5,0.0236001908779144
5,Fine-Tuned E5,0.2281816005706787
5,Fine-Tuned E5,0.1645210087299347
5,Fine-Tuned E5,0.1994278766214847
5,Fine-Tuned E5,0.0384071618318557
5,Fine-Tuned E5,0.2249304056167602
5,Fine-Tuned E5,0.0424618422985076
5,Fine-Tuned E5,0.3428418785333633
5,Fine-Tuned E5,0.1485960483551025
5,Fine-Tuned E5,0.2341795861721038
5,Fine-Tuned E5,0.2396100759506225
5,Fine-Tuned E5,0.2195886522531509
5,Fine-Tuned E5,0.2405645847320556
5,Fine-Tuned E5,-0.0283117890357971
5,Fine-Tuned E5,0.2525295615196228
5,Fine-Tuned E5,0.0882913470268249
5,Fine-Tuned E5,0.2362116575241089
5,Fine-Tuned E5,0.059633582830429
5,Fine-Tuned E5,-0.0108653306961059
5,Fine-Tuned E5,0.2349707633256912
5,Fine-Tuned E5,0.020332932472229
5,Fine-Tuned E5,0.1087305843830108
5,Fine-Tuned E5,0.027515023946762
5,Fine-Tuned E5,0.1871698498725891
5,Fine-Tuned E5,0.0328662097454071
5,Fine-Tuned E5,0.2303674519062042
5,Fine-Tuned E5,0.1440724581480026
5,Fine-Tuned E5,0.2342720925807953
5,Fine-Tuned E5,0.2721073478460312
5,Fine-Tuned E5,0.2269410043954849
5,Fine-Tuned E5,0.0458515584468841
5,Fine-Tuned E5,0.0344913899898529
5,Fine-Tuned E5,0.4310067817568779
5,Fine-Tuned E5,-0.0684573948383331
5,Fine-Tuned E5,0.0124087929725646
5,Fine-Tuned E5,0.2590051591396332
5,Fine-Tuned E5,0.1408278346061706
5,Fine-Tuned E5,0.1747817248106002
5,Fine-Tuned E5,0.117383986711502
5,Fine-Tuned E5,0.1430742442607879
5,Fine-Tuned E5,0.2701553106307983
5,Fine-Tuned E5,0.00299933552742
5,Fine-Tuned E5,0.330707311630249
5,Fine-Tuned E5,0.308452770113945
5,Fine-Tuned E5,0.1478020995855331
5,Fine-Tuned E5,0.2441176772117614
5,Fine-Tuned E5,0.0872334837913513
5,Fine-Tuned E5,0.1287521570920944
5,Fine-Tuned E5,0.235774964094162
5,Fine-Tuned E5,0.4893517941236496
5,Fine-Tuned E5,0.0907016098499298
5,Fine-Tuned E5,-0.1555914878845214
5,Fine-Tuned E5,0.2069318294525146
5,Fine-Tuned E5,0.0052372217178344
5,Fine-Tuned E5,0.2991458475589752
5,Fine-Tuned E5,-0.0174777209758758
5,Fine-Tuned E5,0.0267930179834365
5,Fine-Tuned E5,0.3353750705718994
5,Fine-Tuned E5,-0.2007508091628551
5,Fine-Tuned E5,0.0413835644721984
5,Fine-Tuned E5,0.1048620343208313
5,Fine-Tuned E5,0.3168960958719253
5,Fine-Tuned E5,0.3065298944711685
5,Fine-Tuned E5,0.2020793855190277
5,Fine-Tuned E5,0.2949674725532532
5,Fine-Tuned E5,0.126814991235733
5,Fine-Tuned E5,0.3990679681301117
5,Fine-Tuned E5,0.3141971528530121
5,Fine-Tuned E5,0.3281724601984024
5,Fine-Tuned E5,0.1022764444351196
5,Fine-Tuned E5,0.0652303993701934
5,Fine-Tuned E5,0.3145473077893257
5,Fine-Tuned E5,0.0322930514812469
5,Fine-Tuned E5,0.1855041980743408
5,Fine-Tuned E5,0.1554614603519439
5,Fine-Tuned E5,0.1917555630207061
5,Fine-Tuned E5,0.2385518848896026
5,Fine-Tuned E5,0.070876806974411
5,Fine-Tuned E5,0.0734933018684387
5,Fine-Tuned E5,0.1118634939193725
5,Fine-Tuned E5,0.123236671090126
5,Fine-Tuned E5,0.0804693400859832
5,Fine-Tuned E5,0.2085046917200088
5,Fine-Tuned E5,0.2359394580125808
5,Fine-Tuned E5,0.1106353849172592
5,Fine-Tuned E5,-0.0977746993303299
5,Fine-Tuned E5,0.3357413709163666
5,Fine-Tuned E5,0.3521608859300613
5,Fine-Tuned E5,0.1172638833522796
5,Fine-Tuned E5,0.0055692940950393
5,Fine-Tuned E5,0.0819850862026214
5,Fine-Tuned E5,0.2386976853013038
5,Fine-Tuned E5,0.1459192782640457
5,Fine-Tuned E5,0.0514187216758728
5,Fine-Tuned E5,0.0119960606098175
5,Fine-Tuned E5,0.1416014581918716
5,Fine-Tuned E5,0.0026396512985229
5,Fine-Tuned E5,0.1360316425561905
5,Fine-Tuned E5,0.3533913940191269
5,Fine-Tuned E5,0.1701354682445526
5,Fine-Tuned E5,0.4510087743401527
5,Fine-Tuned E5,0.1037997007369995
5,Fine-Tuned E5,0.3187443688511848
5,Fine-Tuned E5,0.2042293101549148
5,Fine-Tuned E5,0.2024324387311935
5,Fine-Tuned E5,0.0430893152952194
5,Fine-Tuned E5,0.019546240568161
5,Fine-Tuned E5,0.2147672176361084
5,Fine-Tuned E5,0.2942675501108169
5,Fine-Tuned E5,-0.0885365307331085
5,Fine-Tuned E5,0.4355919510126114
5,Fine-Tuned E5,0.2639800906181335
5,Fine-Tuned E5,0.2827796936035156
5,Fine-Tuned E5,0.2502096593379974
5,Fine-Tuned E5,0.0762657225131988
5,Fine-Tuned E5,0.1032241880893707
5,Fine-Tuned E5,0.2195616662502288
5,Fine-Tuned E5,0.0734264254570007
5,Fine-Tuned E5,0.1304568648338318
5,Fine-Tuned E5,0.1300731003284454
5,Fine-Tuned E5,0.1146482825279235
5,Fine-Tuned E5,0.1097533404827117
5,Fine-Tuned E5,-0.0356115996837616
5,Fine-Tuned E5,-0.0940169095993042
5,Fine-Tuned E5,0.0851815640926361
5,Fine-Tuned E5,0.0655624270439148
5,Fine-Tuned E5,0.0863180011510849
5,Fine-Tuned E5,0.1414781510829925
5,Fine-Tuned E5,0.0750204026699066
5,Fine-Tuned E5,0.5981286335736513
5,Fine-Tuned E5,0.0384680330753326
5,Fine-Tuned E5,-0.2541670352220535
5,Fine-Tuned E5,0.2943120896816253
5,Fine-Tuned E5,0.2429908514022827
5,Fine-Tuned E5,0.2128417044878006
5,Fine-Tuned E5,0.2071554064750671
5,Fine-Tuned E5,0.2757524847984314
5,Fine-Tuned E5,0.3868096023797989
5,Fine-Tuned E5,0.1299852132797241
5,Fine-Tuned E5,0.3029010593891144
5,Fine-Tuned E5,0.1921252906322479
5,Fine-Tuned E5,0.0726477801799774
5,Fine-Tuned E5,0.1939407587051391
5,Fine-Tuned E5,0.0341961681842803
5,Fine-Tuned E5,0.0615271925926208
5,Fine-Tuned E5,0.3138885498046875
5,Fine-Tuned E5,-0.0479917228221893
5,Fine-Tuned E5,-0.0032441318035125
5,Fine-Tuned E5,0.2175277173519134
5,Fine-Tuned E5,-0.0304024815559387
5,Fine-Tuned E5,0.1006923019886016
5,Fine-Tuned E5,-0.009842962026596
5,Fine-Tuned E5,0.3158085346221924
5,Fine-Tuned E5,0.0483008027076721
5,Fine-Tuned E5,0.0996829569339752
5,Fine-Tuned E5,0.1029052138328552
5,Fine-Tuned E5,0.3384151458740234
5,Fine-Tuned E5,0.1554439067840576
5,Fine-Tuned E5,0.4206220135092735
5,Fine-Tuned E5,0.1358616948127746
5,Fine-Tuned E5,0.1427875757217407
5,Fine-Tuned E5,0.3795876055955887
5,Fine-Tuned E5,0.1458776295185089
5,Fine-Tuned E5,0.4465591087937355
5,Fine-Tuned E5,0.2197318375110626
5,Fine-Tuned E5,0.1675911247730255
5,Fine-Tuned E5,0.0880956649780273
5,Fine-Tuned E5,-0.1179675757884979
5,Fine-Tuned E5,-0.0075897574424743
5,Fine-Tuned E5,-0.0700174570083618
5,Fine-Tuned E5,-0.1254993975162506
5,Fine-Tuned E5,0.3339487090706825
5,Fine-Tuned E5,0.10037162899971
5,Fine-Tuned E5,0.2126010656356811
5,Fine-Tuned E5,0.1209228932857513
5,Fine-Tuned E5,0.0084494054317474
5,Fine-Tuned E5,0.2028565406799316
5,Fine-Tuned E5,0.1879299879074096
5,Fine-Tuned E5,0.03511244058609
5,Fine-Tuned E5,0.1406402140855789
5,Fine-Tuned E5,0.2214803695678711
5,Fine-Tuned E5,0.360876515507698
5,Fine-Tuned E5,0.1389611214399337
5,Fine-Tuned E5,0.3902939856052398
5,Fine-Tuned E5,0.1370896399021148
5,Fine-Tuned E5,0.1916219443082809
5,Fine-Tuned E5,0.3568410277366638
5,Fine-Tuned E5,0.0205404162406921
5,Fine-Tuned E5,0.1851857006549835
5,Fine-Tuned E5,0.0360828042030334
5,Fine-Tuned E5,0.0461468696594238
5,Fine-Tuned E5,0.360988587141037
5,Fine-Tuned E5,0.3078751862049103
5,Fine-Tuned E5,0.1392707526683807
5,Fine-Tuned E5,0.229732483625412
5,Fine-Tuned E5,0.0734840929508209
5,Fine-Tuned E5,0.0817430317401886
5,Fine-Tuned E5,0.5836427882313728
5,Fine-Tuned E5,0.1745140254497528
5,Fine-Tuned E5,0.1193496286869049
5,Fine-Tuned E5,0.1117586940526962
5,Fine-Tuned E5,0.3640339225530624
5,Fine-Tuned E5,0.2015085741877555
5,Fine-Tuned E5,0.1070645898580551
5,Fine-Tuned E5,0.3103972375392914
5,Fine-Tuned E5,0.1988275349140167
5,Fine-Tuned E5,0.3077302128076553
5,Fine-Tuned E5,0.2075029611587524
5,Fine-Tuned E5,0.2353288829326629
5,Fine-Tuned E5,0.1942099034786224
5,Fine-Tuned E5,0.1088692843914032
5,Fine-Tuned E5,0.2406319677829742
5,Fine-Tuned E5,0.2740953415632248
5,Fine-Tuned E5,-0.0600284934043884
5,Fine-Tuned E5,0.0686506778001785
5,Fine-Tuned E5,-0.0058989226818084
5,Fine-Tuned E5,0.220803678035736
5,Fine-Tuned E5,0.3667595088481903
5,Fine-Tuned E5,0.1230426132678985
5,Fine-Tuned E5,0.0244606137275695
5,Fine-Tuned E5,0.2955604046583175
5,Fine-Tuned E5,0.3119996935129165
5,Fine-Tuned E5,0.6275462582707405
5,Fine-Tuned E5,0.3494615256786346
5,Fine-Tuned E5,-0.0284484475851058
5,Fine-Tuned E5,0.3334745764732361
5,Fine-Tuned E5,0.1082341969013214
5,Fine-Tuned E5,0.093014657497406
5,Fine-Tuned E5,0.2038292586803436
5,Fine-Tuned E5,0.0148122012615203
5,Fine-Tuned E5,0.148467406630516
5,Fine-Tuned E5,0.1443043649196624
5,Fine-Tuned E5,0.1934639811515808
5,Fine-Tuned E5,-0.0231389701366424
5,Fine-Tuned E5,0.0985484719276428
5,Fine-Tuned E5,0.27482670545578
5,Fine-Tuned E5,0.1158087253570556
5,Fine-Tuned E5,0.1150653064250946
5,Fine-Tuned E5,0.141341745853424
5,Fine-Tuned E5,0.2223686128854751
5,Fine-Tuned E5,0.1505129635334015
5,Fine-Tuned E5,0.0652455538511276
5,Fine-Tuned E5,0.2101145982742309
5,Fine-Tuned E5,0.1386342346668243
5,Fine-Tuned E5,0.4089425802230835
5,Fine-Tuned E5,0.0610292851924896
5,Fine-Tuned E5,-0.0191860496997833
5,Fine-Tuned E5,0.102941483259201
5,Fine-Tuned E5,0.3811088800430298
5,Fine-Tuned E5,-0.0273106694221496
5,Fine-Tuned E5,0.3314598947763443
5,Fine-Tuned E5,0.4066149294376373
5,Fine-Tuned E5,0.0447341054677963
5,Fine-Tuned E5,0.2969467779621482
5,Fine-Tuned E5,0.2392298579216003
5,Fine-Tuned E5,0.1492555737495422
5,Fine-Tuned E5,0.0955996066331863
5,Fine-Tuned E5,0.2085124030709266
5,Fine-Tuned E5,0.0856534838676452
5,Fine-Tuned E5,0.0506725907325744
5,Fine-Tuned E5,-0.0025496184825897
5,Fine-Tuned E5,0.1646258234977722
5,Fine-Tuned E5,0.1575857698917389
5,Fine-Tuned E5,0.0915850400924682
5,Fine-Tuned E5,0.1994938254356384
5,Fine-Tuned E5,0.199517473578453
5,Fine-Tuned E5,0.0781611055135726
5,Fine-Tuned E5,0.1124140322208404
5,Fine-Tuned E5,0.0246485322713851
5,Fine-Tuned E5,0.0529502928256988
5,Fine-Tuned E5,-0.0612850487232208
5,Fine-Tuned E5,-0.0290251076221466
5,Fine-Tuned E5,0.1993408799171447
5,Fine-Tuned E5,0.1590481251478195
5,Fine-Tuned E5,0.0734104216098785
5,Fine-Tuned E5,0.5902147809974849
5,Fine-Tuned E5,0.255363255739212
5,Fine-Tuned E5,0.1517927795648574
5,Fine-Tuned E5,0.2887593507766723
5,Fine-Tuned E5,0.073592722415924
5,Fine-Tuned E5,0.5427916273474693
5,Fine-Tuned E5,-0.001330554485321
5,Fine-Tuned E5,-0.2371301501989364
5,Fine-Tuned E5,-0.1386795043945312
5,Fine-Tuned E5,0.3848453760147095
5,Fine-Tuned E5,0.0646860599517822
5,Fine-Tuned E5,0.1330219805240631
5,Fine-Tuned E5,0.1431635022163391
5,Fine-Tuned E5,0.1294127404689788
5,Fine-Tuned E5,0.143036663532257
5,Fine-Tuned E5,0.2590226680040359
5,Fine-Tuned E5,0.2109670042991638
5,Fine-Tuned E5,0.1144392788410186
5,Fine-Tuned E5,0.2818794846534729
5,Fine-Tuned E5,0.1584105789661407
5,Fine-Tuned E5,0.3668698668479919
5,Fine-Tuned E5,0.26190085709095
5,Fine-Tuned E5,0.334852822124958
5,Fine-Tuned E5,0.120449811220169
5,Fine-Tuned E5,0.1028986349701881
5,Fine-Tuned E5,0.1036781072616577
5,Fine-Tuned E5,0.1728523075580597
5,Fine-Tuned E5,0.1645459234714508
5,Fine-Tuned E5,-0.0069395005702972
5,Fine-Tuned E5,0.3797716200351715
5,Fine-Tuned E5,-0.0036357045173645
5,Fine-Tuned E5,0.361537754535675
5,Fine-Tuned E5,0.1003066897392273
5,Fine-Tuned E5,0.4500422477722168
5,Fine-Tuned E5,0.0822880566120147
5,Fine-Tuned E5,-0.0461747646331787
5,Fine-Tuned E5,0.1835407167673111
5,Fine-Tuned E5,0.0382697582244873
5,Fine-Tuned E5,0.158013716340065
5,Fine-Tuned E5,0.0025549829006195
5,Fine-Tuned E5,0.089521124958992
5,Fine-Tuned E5,0.1488353163003921
5,Fine-Tuned E5,0.1553945839405059
5,Fine-Tuned E5,0.2411376535892486
5,Fine-Tuned E5,-0.1671738624572754
5,Fine-Tuned E5,-0.1161416471004486
5,Fine-Tuned E5,0.2002792656421661
5,Fine-Tuned E5,0.2573925256729126
5,Fine-Tuned E5,0.2446799278259277
5,Fine-Tuned E5,0.3870886564254761
5,Fine-Tuned E5,0.2568638920783996
5,Fine-Tuned E5,0.0278741419315338
5,Fine-Tuned E5,0.0978062450885772
5,Fine-Tuned E5,0.1521065533161163
5,Fine-Tuned E5,0.0471068024635314
5,Fine-Tuned E5,0.2065915316343307
5,Fine-Tuned E5,0.2320669591426849
5,Fine-Tuned E5,0.3493964821100235
5,Fine-Tuned E5,0.1141609251499176
5,Fine-Tuned E5,0.3435138836503029
5,Fine-Tuned E5,0.1176088750362396
5,Fine-Tuned E5,0.0796868801116943
5,Fine-Tuned E5,0.0507309138774871
5,Fine-Tuned E5,0.2984958291053772
5,Fine-Tuned E5,0.1752707064151764
5,Fine-Tuned E5,0.3085681349039078
5,Fine-Tuned E5,-0.0671727955341339
5,Fine-Tuned E5,0.316400945186615
5,Fine-Tuned E5,0.1502879112958908
5,Fine-Tuned E5,0.2535471022129059
5,Fine-Tuned E5,0.1524910032749176
5,Fine-Tuned E5,0.1768942773342132
5,Fine-Tuned E5,0.1200698614120483
5,Fine-Tuned E5,0.4918931722640991
5,Fine-Tuned E5,0.1023285388946533
5,Fine-Tuned E5,-0.019557237625122
5,Fine-Tuned E5,0.3019463419914245
5,Fine-Tuned E5,0.030036449432373
5,Fine-Tuned E5,-0.0342284440994262
5,Fine-Tuned E5,0.1026307940483093
5,Fine-Tuned E5,0.1287943422794342
5,Fine-Tuned E5,0.3771513104438782
5,Fine-Tuned E5,0.1291021108627319
5,Fine-Tuned E5,0.2793773263692856
5,Fine-Tuned E5,0.4091326147317886
5,Fine-Tuned E5,0.0416949987411499
5,Fine-Tuned E5,0.3461706638336181
5,Fine-Tuned E5,0.1207533180713653
5,Fine-Tuned E5,0.3657739460468292
5,Fine-Tuned E5,-0.141123816370964
5,Fine-Tuned E5,0.0992443561553955
5,Fine-Tuned E5,9.828805923461914e-05
5,Fine-Tuned E5,0.2226559817790985
5,Fine-Tuned E5,0.1508265137672424
5,Fine-Tuned E5,0.2871457934379577
5,Fine-Tuned E5,0.1304278075695037
5,Fine-Tuned E5,0.1083501279354095
5,Fine-Tuned E5,0.2147958576679229
5,Fine-Tuned E5,0.1953474283218383
5,Fine-Tuned E5,0.1992287188768386
5,Fine-Tuned E5,0.050471544265747
5,Fine-Tuned E5,0.1203962862491607
5,Fine-Tuned E5,0.1592306196689605
5,Fine-Tuned E5,0.1461614966392517
5,Fine-Tuned E5,0.2229835093021392
5,Fine-Tuned E5,-0.0558573305606842
5,Fine-Tuned E5,0.3258029222488403
5,Fine-Tuned E5,0.3199173808097839
5,Fine-Tuned E5,0.2043879255652427
5,Fine-Tuned E5,0.3935607448220253
5,Fine-Tuned E5,0.3983371555805206
5,Fine-Tuned E5,0.0775613486766815
5,Fine-Tuned E5,0.2790673971176147
5,Fine-Tuned E5,0.0867135524749755
5,Fine-Tuned E5,0.2730625718832016
5,Fine-Tuned E5,0.1263365149497985
5,Fine-Tuned E5,0.0380318462848663
5,Fine-Tuned E5,-0.0444083511829376
5,Fine-Tuned E5,0.1162126064300537
5,Fine-Tuned E5,0.3906249105930328
5,Fine-Tuned E5,-0.0103003531694412
5,Fine-Tuned E5,0.0528237223625183
5,Fine-Tuned E5,0.3253444656729698
5,Fine-Tuned E5,0.1741857826709747
5,Fine-Tuned E5,0.2333513647317886
5,Fine-Tuned E5,0.2501435279846191
5,Fine-Tuned E5,0.0321636199951171
5,Fine-Tuned E5,0.1534557342529297
5,Fine-Tuned E5,0.2752844095230102
5,Fine-Tuned E5,0.5862029977142811
5,Fine-Tuned E5,-0.0497049093246459
5,Fine-Tuned E5,0.0178946256637573
5,Fine-Tuned E5,-0.0835539922118187
5,Fine-Tuned E5,0.1049475371837616
5,Fine-Tuned E5,0.2599156051874161
5,Fine-Tuned E5,0.1594381928443908
5,Fine-Tuned E5,0.1610384583473205
5,Fine-Tuned E5,0.3654973283410072
5,Fine-Tuned E5,0.2446386814117431
5,Fine-Tuned E5,0.3960661590099334
5,Fine-Tuned E5,0.2500535249710083
5,Fine-Tuned E5,0.089839220046997
5,Fine-Tuned E5,-0.0144571065902709
5,Fine-Tuned E5,0.2648062705993652
5,Fine-Tuned E5,0.0599491745233535
5,Fine-Tuned E5,0.2852925062179565
5,Fine-Tuned E5,0.1460121423006057
5,Fine-Tuned E5,-0.0130136609077453
5,Fine-Tuned E5,-0.1939007639884948
5,Fine-Tuned E5,0.3542230129241943
5,Fine-Tuned E5,0.1382868140935897
5,Fine-Tuned E5,0.172962874174118
5,Fine-Tuned E5,0.3903438523411751
5,Fine-Tuned E5,0.2434905171394348
5,Fine-Tuned E5,0.2041149735450744
5,Fine-Tuned E5,0.1552830338478088
5,Fine-Tuned E5,0.3018175363540649
5,Fine-Tuned E5,0.2109293639659881
5,Fine-Tuned E5,0.2125675082206726
5,Fine-Tuned E5,0.1395187079906463
5,Fine-Tuned E5,0.0781563073396682
5,Fine-Tuned E5,0.2033266127109527
5,Fine-Tuned E5,0.1641474664211273
5,Fine-Tuned E5,0.0909969210624694
5,Fine-Tuned E5,0.214914821088314
5,Fine-Tuned E5,0.4878527447581291
5,Fine-Tuned E5,0.1146235764026641
5,Fine-Tuned E5,0.0328644812107086
5,Fine-Tuned E5,-0.130388006567955
5,Fine-Tuned E5,0.0624380111694335
5,Fine-Tuned E5,0.0026926696300506
5,Fine-Tuned E5,0.2323897778987884
5,Fine-Tuned E5,0.1481216251850128
5,Fine-Tuned E5,0.0375917106866836
5,Fine-Tuned E5,0.2503320872783661
5,Fine-Tuned E5,0.362210288643837
5,Fine-Tuned E5,0.2029705494642257
5,Fine-Tuned E5,0.3909455314278602
5,Fine-Tuned E5,0.0992112010717392
5,Fine-Tuned E5,0.1510921418666839
5,Fine-Tuned E5,0.0864851921796798
5,Fine-Tuned E5,0.0723806619644165
5,Fine-Tuned E5,-0.0379804968833923
5,Fine-Tuned E5,0.4250553846359253
5,Fine-Tuned E5,-0.0520582385361194
5,Fine-Tuned E5,-0.142321765422821
5,Fine-Tuned E5,-0.0106133818626403
5,Fine-Tuned E5,0.1838600039482116
5,Fine-Tuned E5,-0.0203101336956024
5,Fine-Tuned E5,0.0869333744049072
5,Fine-Tuned E5,0.0881781280040741
5,Fine-Tuned E5,0.0478544831275939
5,Fine-Tuned E5,0.2767725884914398
5,Fine-Tuned E5,0.0062121152877807
5,Fine-Tuned E5,0.1710348427295684
5,Fine-Tuned E5,0.3435704410076141
5,Fine-Tuned E5,0.2168627679347992
5,Fine-Tuned E5,0.3040362000465393
5,Fine-Tuned E5,0.1055709272623062
5,Fine-Tuned E5,0.0836007893085479
5,Fine-Tuned E5,0.0329883992671966
5,Fine-Tuned E5,0.0571354925632476
5,Fine-Tuned E5,0.3307210728526115
5,Fine-Tuned E5,0.2103617489337921
5,Fine-Tuned E5,0.3118769973516464
5,Fine-Tuned E5,0.2029249668121338
5,Fine-Tuned E5,0.0357497334480285
5,Fine-Tuned E5,0.0729239508509635
5,Fine-Tuned E5,0.067374512553215
5,Fine-Tuned E5,0.2022922337055206
5,Fine-Tuned E5,0.0831989645957946
5,Fine-Tuned E5,0.2915092259645462
5,Fine-Tuned E5,0.2254214584827423
5,Fine-Tuned E5,0.2684707641601562
5,Fine-Tuned E5,0.4529086276888847
5,Fine-Tuned E5,0.2546723335981369
5,Fine-Tuned E5,0.3182577416300773
5,Fine-Tuned E5,0.2978557646274566
5,Fine-Tuned E5,0.138498455286026
5,Fine-Tuned E5,0.2191241383552551
5,Fine-Tuned E5,0.2579010725021362
5,Fine-Tuned E5,0.3582591414451599
5,Fine-Tuned E5,0.1728692948818206
5,Fine-Tuned E5,0.5044312062673271
5,Fine-Tuned E5,0.2533240020275116
5,Fine-Tuned E5,0.1431380808353424
5,Fine-Tuned E5,0.0804485082626342
5,Fine-Tuned E5,0.3688408583402633
5,Fine-Tuned E5,0.1268902420997619
5,Fine-Tuned E5,0.2671060264110565
5,Fine-Tuned E5,0.147022008895874
5,Fine-Tuned E5,0.3312019854784012
5,Fine-Tuned E5,0.0209470689296722
5,Fine-Tuned E5,0.0753065943717956
5,Fine-Tuned E5,0.0922949910163879
5,Fine-Tuned E5,0.2421877384185791
5,Fine-Tuned E5,0.0226019918918609
5,Fine-Tuned E5,0.3420228064060211
5,Fine-Tuned E5,0.186554878950119
5,Fine-Tuned E5,0.3828827440738678
5,Fine-Tuned E5,0.0153160095214843
5,Fine-Tuned E5,0.0416312217712402
5,Fine-Tuned E5,0.3108400106430053
5,Fine-Tuned E5,0.1887850165367126
5,Fine-Tuned E5,0.4388551339507103
5,Fine-Tuned E5,0.0745990276336669
5,Fine-Tuned E5,0.1804622411727905
5,Fine-Tuned E5,-0.0888011455535888
5,Fine-Tuned E5,-0.0385952591896057
5,Fine-Tuned E5,0.1670780479907989
5,Fine-Tuned E5,0.0266039073467254
5,Fine-Tuned E5,0.2906422913074493
5,Fine-Tuned E5,0.3834843039512634
5,Fine-Tuned E5,0.2616716027259826
5,Fine-Tuned E5,0.2837056070566177
5,Fine-Tuned E5,0.0519296675920486
5,Fine-Tuned E5,0.2754532545804977
5,Fine-Tuned E5,0.3039054572582245
5,Fine-Tuned E5,0.0043776333332061
5,Fine-Tuned E5,0.2504658252000808
5,Fine-Tuned E5,-0.0227866768836975
5,Fine-Tuned E5,0.3667418286204338
5,Fine-Tuned E5,0.3194518685340881
5,Fine-Tuned E5,0.28317741304636
5,Fine-Tuned E5,0.3366097509860992
5,Fine-Tuned E5,0.3903632760047912
5,Fine-Tuned E5,0.2807895839214325
5,Fine-Tuned E5,0.4037558659911155
5,Fine-Tuned E5,0.3088928386569023
5,Fine-Tuned E5,0.2398995831608772
5,Fine-Tuned E5,0.098634272813797
5,Fine-Tuned E5,0.0722267925739288
5,Fine-Tuned E5,0.1591729819774627
5,Fine-Tuned E5,0.024433821439743
5,Fine-Tuned E5,0.1291586756706237
5,Fine-Tuned E5,0.168838769197464
5,Fine-Tuned E5,0.2387616783380508
5,Fine-Tuned E5,0.3323085159063339
5,Fine-Tuned E5,0.5674401922151446
5,Fine-Tuned E5,0.1867227256298065
5,Fine-Tuned E5,0.1348707228899002
5,Fine-Tuned E5,0.2920484840869903
5,Fine-Tuned E5,0.2088489234447479
5,Fine-Tuned E5,-0.1059966944158077
5,Fine-Tuned E5,0.1192197799682617
5,Fine-Tuned E5,0.2303415685892105
5,Fine-Tuned E5,0.3194143176078796
5,Fine-Tuned E5,0.2210221365094185
5,Fine-Tuned E5,-0.0612600743770599
5,Fine-Tuned E5,0.1748833060264587
5,Fine-Tuned E5,0.0853820592164993
5,Fine-Tuned E5,0.2673130631446838
5,Fine-Tuned E5,0.0274917483329772
5,Fine-Tuned E5,0.2938900366425514
5,Fine-Tuned E5,0.2815646231174469
5,Fine-Tuned E5,0.0261633694171905
5,Fine-Tuned E5,-0.1233205944299697
5,Fine-Tuned E5,0.1197803914546966
5,Fine-Tuned E5,0.3565087988972664
5,Fine-Tuned E5,0.3351532220840454
5,Fine-Tuned E5,0.2348668277263641
5,Fine-Tuned E5,0.4909964129328727
5,Fine-Tuned E5,0.2957322373986244
5,Fine-Tuned E5,0.2272693067789077
5,Fine-Tuned E5,0.173114001750946
5,Fine-Tuned E5,0.1973930299282074
5,Fine-Tuned E5,-0.0510777235031127
5,Fine-Tuned E5,-0.0805165767669677
5,Fine-Tuned E5,0.346680061891675
5,Fine-Tuned E5,0.1765917763113975
5,Fine-Tuned E5,0.0003558993339538
5,Fine-Tuned E5,0.0956037193536758
5,Fine-Tuned E5,-0.0569971948862075
5,Fine-Tuned E5,0.1405095607042312
5,Fine-Tuned E5,0.0222110748291015
5,Fine-Tuned E5,-0.1476288735866546
5,Fine-Tuned E5,0.1630648784339428
5,Fine-Tuned E5,0.2736537642776966
5,Fine-Tuned E5,0.5075126457959414
5,Fine-Tuned E5,0.2235127091407776
5,Fine-Tuned E5,-0.1119046509265899
5,Fine-Tuned E5,0.0932921469211578
5,Fine-Tuned E5,-0.2148874998092651
5,Fine-Tuned E5,-0.2054166942834854
5,Fine-Tuned E5,0.3171028962824493
5,Fine-Tuned E5,-0.205632209777832
5,Fine-Tuned E5,0.2890642285346985
5,Fine-Tuned E5,0.383389363065362
5,Fine-Tuned E5,0.1355546526610851
5,Fine-Tuned E5,-0.3445586711168289
5,Fine-Tuned E5,-0.0613532364368438
5,Fine-Tuned E5,-0.3758035618811846
5,Fine-Tuned E5,0.0132843405008316
5,Fine-Tuned E5,0.0171979665756225
5,Fine-Tuned E5,0.0255883038043975
5,Fine-Tuned E5,-0.0269355475902557
5,Fine-Tuned E5,-0.0175542831420898
5,Fine-Tuned E5,0.2792979255318641
5,Fine-Tuned E5,0.2369128130376339
5,Fine-Tuned E5,0.2044470757246017
5,Fine-Tuned E5,0.2764537632465362
5,Fine-Tuned E5,0.4070913940668106
5,Fine-Tuned E5,0.2761175632476806
5,Fine-Tuned E5,0.0259624421596527
5,Fine-Tuned E5,0.0292682945728302
5,Fine-Tuned E5,0.4909310042858124
5,Fine-Tuned E5,-0.0124811679124832
5,Fine-Tuned E5,0.3372408896684646
5,Fine-Tuned E5,0.1421610005199909
5,Fine-Tuned E5,-0.0602778792381286
5,Fine-Tuned E5,0.2098249197006225
5,Fine-Tuned E5,0.0490694046020507
5,Fine-Tuned E5,0.0854334533214569
5,Fine-Tuned E5,0.2759125754237175
5,Fine-Tuned E5,-0.0425498187541961
5,Fine-Tuned E5,0.3384051220491528
5,Fine-Tuned E5,0.2152778506278991
5,Fine-Tuned E5,0.3373031765222549
5,Fine-Tuned E5,0.1650416702032089
5,Fine-Tuned E5,0.1906569302082061
5,Fine-Tuned E5,0.1326414197683334
5,Fine-Tuned E5,0.0428603589534759
5,Fine-Tuned E5,0.2072709798812866
5,Fine-Tuned E5,0.3193159699440002
5,Fine-Tuned E5,0.2824386656284332
5,Fine-Tuned E5,0.0268998742103576
5,Fine-Tuned E5,0.0383091270923614
5,Fine-Tuned E5,0.0088745355606079
5,Fine-Tuned E5,0.0360198616981506
5,Fine-Tuned E5,0.1007469445466995
5,Fine-Tuned E5,0.1932726502418518
5,Fine-Tuned E5,0.098990574479103
5,Fine-Tuned E5,-0.2671882957220077
5,Fine-Tuned E5,0.1267991364002227
5,Fine-Tuned E5,-0.0262067317962646
5,Fine-Tuned E5,0.022684246301651
5,Fine-Tuned E5,0.3854940831661224
5,Fine-Tuned E5,0.2313491702079773
5,Fine-Tuned E5,0.1281193494796753
5,Fine-Tuned E5,0.280002623796463
5,Fine-Tuned E5,0.0229347050189971
5,Fine-Tuned E5,0.2420671582221985
5,Fine-Tuned E5,0.230705440044403
5,Fine-Tuned E5,0.1725949943065643
5,Fine-Tuned E5,0.211806058883667
5,Fine-Tuned E5,-0.1868261694908142
5,Fine-Tuned E5,0.1041778326034545
5,Fine-Tuned E5,-0.2302467823028564
5,Fine-Tuned E5,0.1483561247587204
5,Fine-Tuned E5,0.1677604615688324
5,Fine-Tuned E5,0.3398087248206138
5,Fine-Tuned E5,0.1977585703134536
5,Fine-Tuned E5,0.048630952835083
5,Fine-Tuned E5,0.4214016497135162
5,Fine-Tuned E5,0.2425114214420318
5,Fine-Tuned E5,0.2416064441204071
5,Fine-Tuned E5,0.254076823592186
5,Fine-Tuned E5,0.197817325592041
5,Fine-Tuned E5,0.3478944003582001
5,Fine-Tuned E5,0.0199993997812271
5,Fine-Tuned E5,0.3280454352498054
5,Fine-Tuned E5,0.3875704780220985
5,Fine-Tuned E5,-0.0607697665691375
5,Fine-Tuned E5,-0.0815693140029907
5,Fine-Tuned E5,-0.1097705066204071
5,Fine-Tuned E5,0.5231566578149796
5,Fine-Tuned E5,-0.108360469341278
5,Fine-Tuned E5,0.2634453773498535
5,Fine-Tuned E5,0.2126771211624145
5,Fine-Tuned E5,0.057267814874649
5,Fine-Tuned E5,0.012359470129013
5,Fine-Tuned E5,0.1615761816501617
5,Fine-Tuned E5,0.0361834466457366
5,Fine-Tuned E5,0.3355759605765342
5,Fine-Tuned E5,0.0713414847850799
5,Fine-Tuned E5,0.0736826658248901
5,Fine-Tuned E5,-0.1598421037197113
5,Fine-Tuned E5,0.2160099446773529
5,Fine-Tuned E5,0.4136697649955749
5,Fine-Tuned E5,0.1511559188365936
5,Fine-Tuned E5,0.3118310421705246
5,Fine-Tuned E5,0.1014187633991241
5,Fine-Tuned E5,0.0563215613365173
5,Fine-Tuned E5,0.00053671002388
5,Fine-Tuned E5,0.0871536433696746
5,Fine-Tuned E5,0.0708282887935638
5,Fine-Tuned E5,0.2870649248361587
5,Fine-Tuned E5,0.1263260245323181
5,Fine-Tuned E5,0.4533273354172706
5,Fine-Tuned E5,0.1122967302799224
5,Fine-Tuned E5,0.3018662557005882
5,Fine-Tuned E5,0.4137065187096596
5,Fine-Tuned E5,0.1540590822696685
5,Fine-Tuned E5,0.0699676573276519
5,Fine-Tuned E5,0.3554174154996872
5,Fine-Tuned E5,0.225014254450798
5,Fine-Tuned E5,0.0086484253406524
5,Fine-Tuned E5,0.1201976537704467
5,Fine-Tuned E5,0.1205262243747711
5,Fine-Tuned E5,0.1848147362470626
5,Fine-Tuned E5,0.159520074725151
5,Fine-Tuned E5,0.3129964917898178
5,Fine-Tuned E5,0.0208735764026641
5,Fine-Tuned E5,0.0893153250217437
5,Fine-Tuned E5,0.1057912409305572
5,Fine-Tuned E5,0.0649593770503997
5,Fine-Tuned E5,0.3012489974498749
5,Fine-Tuned E5,-0.06587415933609
5,Fine-Tuned E5,0.1624912619590759
5,Fine-Tuned E5,0.3081535100936889
5,Fine-Tuned E5,0.2750649601221084
5,Fine-Tuned E5,0.169926106929779
5,Fine-Tuned E5,0.27742800116539
5,Fine-Tuned E5,0.1457971930503845
5,Fine-Tuned E5,0.4145328775048256
5,Fine-Tuned E5,0.2645305842161178
5,Fine-Tuned E5,0.2542849779129028
5,Fine-Tuned E5,0.1314026415348053
5,Fine-Tuned E5,0.0144864022731781
5,Fine-Tuned E5,0.0501399338245391
5,Fine-Tuned E5,0.0090933442115783
5,Fine-Tuned E5,0.4087100774049759
5,Fine-Tuned E5,0.4216279089450836
5,Fine-Tuned E5,-0.0240094363689422
5,Fine-Tuned E5,0.2091628387570381
5,Fine-Tuned E5,0.0970610976219177
5,Fine-Tuned E5,0.2637997269630432
5,Fine-Tuned E5,0.1910920739173889
5,Fine-Tuned E5,-0.0201856195926666
5,Fine-Tuned E5,0.0263600945472717
5,Fine-Tuned E5,0.2826322605833411
5,Fine-Tuned E5,0.1653649806976318
5,Fine-Tuned E5,0.3300695866346359
5,Fine-Tuned E5,0.4261740744113922
5,Fine-Tuned E5,0.408169537782669
5,Fine-Tuned E5,0.5033716075122356
5,Fine-Tuned E5,0.3562786690890789
5,Fine-Tuned E5,0.4138308390974998
5,Fine-Tuned E5,0.2196062877774238
5,Fine-Tuned E5,0.4115157574415207
5,Fine-Tuned E5,0.0580768287181854
5,Fine-Tuned E5,0.2546098977327347
5,Fine-Tuned E5,-0.05941703915596
5,Fine-Tuned E5,0.1068921983242034
5,Fine-Tuned E5,-0.3000644445419311
5,Fine-Tuned E5,0.2713293135166168
5,Fine-Tuned E5,0.317642793059349
5,Fine-Tuned E5,0.2329001873731613
5,Fine-Tuned E5,-0.0436565279960632
5,Fine-Tuned E5,0.2543850690126419
5,Fine-Tuned E5,0.1727319657802581
5,Fine-Tuned E5,0.1079555302858352
5,Fine-Tuned E5,0.1932926774024963
5,Fine-Tuned E5,0.1855163425207138
5,Fine-Tuned E5,-0.2086503803730011
5,Fine-Tuned E5,-0.0152891278266906
5,Fine-Tuned E5,0.2960030063986778
5,Fine-Tuned E5,0.2405585944652557
5,Fine-Tuned E5,0.2978179678320884
5,Fine-Tuned E5,-0.1145792305469513
5,Fine-Tuned E5,-0.0427765846252441
5,Fine-Tuned E5,-0.1279661953449249
5,Fine-Tuned E5,0.21469447016716
5,Fine-Tuned E5,0.2474859654903412
5,Fine-Tuned E5,-0.0229809880256652
5,Fine-Tuned E5,0.2706009149551391
5,Fine-Tuned E5,0.3250133544206619
5,Fine-Tuned E5,0.3023766577243805
5,Fine-Tuned E5,0.4026632234454155
5,Fine-Tuned E5,0.0503884553909301
5,Fine-Tuned E5,-0.0344601571559906
5,Fine-Tuned E5,-0.0490601062774658
5,Fine-Tuned E5,-0.0097546577453613
5,Fine-Tuned E5,0.1207686364650726
5,Fine-Tuned E5,0.3238631398417055
5,Fine-Tuned E5,0.0548904836177825
5,Fine-Tuned E5,0.1282429993152618
5,Fine-Tuned E5,0.3017673343420028
5,Fine-Tuned E5,0.1256899535655975
5,Fine-Tuned E5,0.0256150066852569
5,Fine-Tuned E5,-0.0958710312843322
5,Fine-Tuned E5,0.3269911296665668
5,Fine-Tuned E5,0.2504366487264633
5,Fine-Tuned E5,0.2189404964447021
5,Fine-Tuned E5,0.0859754383563995
5,Fine-Tuned E5,-0.0914778411388397
5,Fine-Tuned E5,0.0857112407684326
5,Fine-Tuned E5,0.0160309076309204
5,Fine-Tuned E5,0.5376127306954004
5,Fine-Tuned E5,0.4231384471058845
5,Fine-Tuned E5,0.1106624007225036
5,Fine-Tuned E5,0.0206062495708465
5,Fine-Tuned E5,-0.0920389294624328
5,Fine-Tuned E5,0.2216045260429382
5,Fine-Tuned E5,0.0714658498764038
5,Fine-Tuned E5,0.161769837141037
5,Fine-Tuned E5,0.3675878681242466
5,Fine-Tuned E5,0.2673932164907455
5,Fine-Tuned E5,-0.0513177812099456
5,Fine-Tuned E5,0.0726314783096313
5,Fine-Tuned E5,0.2129307240247726
5,Fine-Tuned E5,0.2631337344646454
5,Fine-Tuned E5,0.0887903869152069
5,Fine-Tuned E5,0.2389473021030426
5,Fine-Tuned E5,0.0462177097797393
5,Fine-Tuned E5,0.2603860050439834
5,Fine-Tuned E5,0.3503962457180023
5,Fine-Tuned E5,0.1193423271179199
5,Fine-Tuned E5,0.1367501467466354
5,Fine-Tuned E5,0.201507568359375
5,Fine-Tuned E5,0.2768449187278747
5,Fine-Tuned E5,0.1516410410404205
5,Fine-Tuned E5,0.0369631052017211
5,Fine-Tuned E5,0.3829642459750175
5,Fine-Tuned E5,0.0348879545927047
5,Fine-Tuned E5,0.0407077372074127
5,Fine-Tuned E5,0.0206004679203033
5,Fine-Tuned E5,-0.0113362967967987
5,Fine-Tuned E5,-0.0985098183155059
5,Fine-Tuned E5,0.3989800624549389
5,Fine-Tuned E5,-0.119387149810791
5,Fine-Tuned E5,0.4927664287388325
5,Fine-Tuned E5,-0.0972207188606262
5,Fine-Tuned E5,0.0805290937423706
5,Fine-Tuned E5,0.0258854180574417
5,Fine-Tuned E5,0.4715027660131454
5,Fine-Tuned E5,0.2053521275520324
5,Fine-Tuned E5,0.1828734427690506
5,Fine-Tuned E5,0.3467459380626678
5,Fine-Tuned E5,0.1441469490528106
5,Fine-Tuned E5,0.2578629851341247
5,Fine-Tuned E5,-0.0254194736480712
5,Fine-Tuned E5,-0.009610116481781
5,Fine-Tuned E5,-0.0264020264148712
5,Fine-Tuned E5,0.2638116925954819
5,Fine-Tuned E5,0.245013415813446
5,Fine-Tuned E5,0.3661378473043442
5,Fine-Tuned E5,0.1140731573104858
5,Fine-Tuned E5,0.5139761194586754
5,Fine-Tuned E5,0.1332178115844726
5,Fine-Tuned E5,0.0932358503341674
5,Fine-Tuned E5,0.4203106462955475
5,Fine-Tuned E5,0.050790786743164
5,Fine-Tuned E5,0.0811880528926849
5,Fine-Tuned E5,0.343151181936264
5,Fine-Tuned E5,-0.0626025199890136
5,Fine-Tuned E5,-0.0233512669801712
5,Fine-Tuned E5,-0.0128807127475738
5,Fine-Tuned E5,0.0439487993717193
5,Fine-Tuned E5,0.2170755043625831
5,Fine-Tuned E5,0.1492027938365936
5,Fine-Tuned E5,0.2786350399255752
5,Fine-Tuned E5,0.2441092431545257
5,Fine-Tuned E5,0.4248591661453247
5,Fine-Tuned E5,0.2556017637252807
5,Fine-Tuned E5,0.2876126170158386
5,Fine-Tuned E5,0.265886127948761
5,Fine-Tuned E5,0.1322040557861328
5,Fine-Tuned E5,0.1622688472270965
5,Fine-Tuned E5,-0.074484646320343
5,Fine-Tuned E5,0.3081880211830139
5,Fine-Tuned E5,0.2959099858999252
5,Fine-Tuned E5,0.3557463809847832
5,Fine-Tuned E5,0.0235516726970672
5,Fine-Tuned E5,0.0317404568195343
5,Fine-Tuned E5,0.3187180534005165
5,Fine-Tuned E5,0.1404932141304016
5,Fine-Tuned E5,0.1468109786510467
5,Fine-Tuned E5,0.0223419666290283
5,Fine-Tuned E5,0.1838637292385101
5,Fine-Tuned E5,0.4259879188612103
5,Fine-Tuned E5,0.1668664813041687
5,Fine-Tuned E5,0.1712590456008911
5,Fine-Tuned E5,0.3683287687599659
5,Fine-Tuned E5,0.0739247798919677
5,Fine-Tuned E5,0.220974326133728
5,Fine-Tuned E5,0.2984025031328201
5,Fine-Tuned E5,0.4793025897815823
5,Fine-Tuned E5,0.1508628129959106
5,Fine-Tuned E5,0.0807125121355056
5,Fine-Tuned E5,0.5593050494790077
5,Fine-Tuned E5,0.6557856872677803
5,Fine-Tuned E5,0.4699212717823684
5,Fine-Tuned E5,0.3487622886896133
5,Fine-Tuned E5,0.391908586025238
5,Fine-Tuned E5,0.1384340822696685
5,Fine-Tuned E5,-0.1357582528144121
5,Fine-Tuned E5,0.079271912574768
5,Fine-Tuned E5,-0.0249275565147399
5,Fine-Tuned E5,0.4931668601930141
5,Fine-Tuned E5,0.4422492235898971
5,Fine-Tuned E5,-0.0747331380844116
5,Fine-Tuned E5,0.0880979597568512
5,Fine-Tuned E5,0.2649911642074585
5,Fine-Tuned E5,0.5518815852701664
5,Fine-Tuned E5,0.0445169508457183
5,Fine-Tuned E5,0.0220091044902801
5,Fine-Tuned E5,0.1868661642074585
5,Fine-Tuned E5,0.1863002777099609
5,Fine-Tuned E5,-0.0573334693908691
5,Fine-Tuned E5,0.1673492640256881
5,Fine-Tuned E5,0.1668400466442108
5,Fine-Tuned E5,0.1594156324863433
5,Fine-Tuned E5,-0.087610512971878
5,Fine-Tuned E5,0.2027671784162521
5,Fine-Tuned E5,0.2512330114841461
5,Fine-Tuned E5,0.0504983961582183
5,Fine-Tuned E5,0.140691876411438
5,Fine-Tuned E5,0.1628942489624023
5,Fine-Tuned E5,0.2726562619209289
5,Fine-Tuned E5,0.4514774866402149
5,Fine-Tuned E5,0.6139965578913689
5,Fine-Tuned E5,0.7342351693660021
5,Fine-Tuned E5,0.488891240209341
5,Fine-Tuned E5,0.217429518699646
5,Fine-Tuned E5,0.2471850216388702
5,Fine-Tuned E5,-0.0817971527576446
5,Fine-Tuned E5,0.1211788356304168
5,Fine-Tuned E5,0.1128041297197341
5,Fine-Tuned E5,0.1426709294319152
5,Fine-Tuned E5,0.0530291497707366
5,Fine-Tuned E5,0.2844590544700622
5,Fine-Tuned E5,0.4706435762345791
5,Fine-Tuned E5,-0.0028120875358581
5,Fine-Tuned E5,-0.2302113473415374
5,Fine-Tuned E5,0.4069247469305992
5,Fine-Tuned E5,0.2749619930982589
5,Fine-Tuned E5,0.3640276938676834
5,Fine-Tuned E5,0.1426576972007751
5,Fine-Tuned E5,0.3014170825481415
5,Fine-Tuned E5,0.3831459581851959
5,Fine-Tuned E5,-0.0489414185285568
5,Fine-Tuned E5,0.2253776043653488
5,Fine-Tuned E5,-0.2795184105634689
5,Fine-Tuned E5,0.0607730150222778
5,Fine-Tuned E5,-0.169730857014656
5,Fine-Tuned E5,0.0239913165569305
5,Fine-Tuned E5,0.4524868009611964
5,Fine-Tuned E5,0.4976042509078979
5,Fine-Tuned E5,0.3262937888503074
5,Fine-Tuned E5,0.3405106216669082
5,Fine-Tuned E5,0.2211141884326934
5,Fine-Tuned E5,0.1183703243732452
5,Fine-Tuned E5,0.0786233246326446
5,Fine-Tuned E5,0.1435827314853668
5,Fine-Tuned E5,0.3151052147150039
5,Fine-Tuned E5,0.1737824827432632
5,Fine-Tuned E5,-0.0407115519046783
5,Fine-Tuned E5,0.0862762331962585
5,Fine-Tuned E5,-0.0163778662681579
5,Fine-Tuned E5,0.0072713643312454
5,Fine-Tuned E5,0.0858142077922821
5,Fine-Tuned E5,-0.0990058630704879
5,Fine-Tuned E5,-0.069904088973999
5,Fine-Tuned E5,0.3919426649808883
5,Fine-Tuned E5,0.1644380241632461
5,Fine-Tuned E5,0.174978107213974
5,Fine-Tuned E5,0.2176927328109741
5,Fine-Tuned E5,0.1583051085472107
5,Fine-Tuned E5,0.3261737525463104
5,Fine-Tuned E5,-0.0486009716987609
5,Fine-Tuned E5,0.3607475310564041
5,Fine-Tuned E5,0.2433905377984047
5,Fine-Tuned E5,0.1600528955459594
5,Fine-Tuned E5,-0.0729764401912689
5,Fine-Tuned E5,0.2191201597452163
5,Fine-Tuned E5,0.2982127871364355
5,Fine-Tuned E5,0.2062664926052093
5,Fine-Tuned E5,-0.0625419020652771
5,Fine-Tuned E5,-0.1198435425758361
5,Fine-Tuned E5,0.4019053559750318
5,Fine-Tuned E5,0.142344444990158
5,Fine-Tuned E5,-0.0022737979888916
5,Fine-Tuned E5,-0.0242892056703567
5,Fine-Tuned E5,-0.113605797290802
5,Fine-Tuned E5,0.2054404318332672
5,Fine-Tuned E5,0.0878332406282424
5,Fine-Tuned E5,0.3714237064123153
5,Fine-Tuned E5,0.4479741230607033
5,Fine-Tuned E5,0.1430561691522598
5,Fine-Tuned E5,0.2496052682399749
5,Fine-Tuned E5,0.0939309298992157
5,Fine-Tuned E5,0.204334907233715
5,Fine-Tuned E5,-0.1964199244976043
5,Fine-Tuned E5,-0.0082699954509735
5,Fine-Tuned E5,0.064850240945816
5,Fine-Tuned E5,-0.0640956163406372
5,Fine-Tuned E5,0.089273989200592
5,Fine-Tuned E5,0.0269384682178497
5,Fine-Tuned E5,0.1646718680858612
5,Fine-Tuned E5,0.1073710918426513
5,Fine-Tuned E5,0.1334905922412872
5,Fine-Tuned E5,0.1659363955259323
5,Fine-Tuned E5,0.1128858029842376
5,Fine-Tuned E5,0.1539617478847503
5,Fine-Tuned E5,0.1316965818405151
5,Fine-Tuned E5,0.3429840952157974
5,Fine-Tuned E5,0.1959044635295868
5,Fine-Tuned E5,0.3293965458869934
5,Fine-Tuned E5,0.1107165217399597
5,Fine-Tuned E5,0.3285881802439689
5,Fine-Tuned E5,0.6835986017249525
5,Fine-Tuned E5,0.1905215084552765
5,Fine-Tuned E5,0.2283827066421508
5,Fine-Tuned E5,0.5622744858264923
5,Fine-Tuned E5,0.1584993004798889
5,Fine-Tuned E5,-0.0659809410572052
5,Fine-Tuned E5,0.06985804438591
5,Fine-Tuned E5,0.0979174748063087
5,Fine-Tuned E5,0.4148583933711052
5,Fine-Tuned E5,-0.0585295259952545
5,Fine-Tuned E5,0.0638319849967956
5,Fine-Tuned E5,-0.1131773889064788
5,Fine-Tuned E5,0.2252626717090606
5,Fine-Tuned E5,0.0096445083618164
5,Fine-Tuned E5,-0.0269353091716766
5,Fine-Tuned E5,-0.0252873301506042
5,Fine-Tuned E5,0.0074261426925659
5,Fine-Tuned E5,-0.1016222834587097
5,Fine-Tuned E5,0.2317265272140503
5,Fine-Tuned E5,-0.013489156961441
5,Fine-Tuned E5,0.0277754962444305
5,Fine-Tuned E5,-0.4128130078315735
5,Fine-Tuned E5,0.3144785314798355
5,Fine-Tuned E5,0.2140506953001022
5,Fine-Tuned E5,0.4661791324615478
5,Fine-Tuned E5,0.4369850158691406
5,Fine-Tuned E5,0.4054761566221714
5,Fine-Tuned E5,0.1428825408220291
5,Fine-Tuned E5,0.5422313697636127
5,Fine-Tuned E5,0.2545965909957886
5,Fine-Tuned E5,-0.1933480650186538
5,Fine-Tuned E5,0.2806865647435188
5,Fine-Tuned E5,0.3018291294574737
5,Fine-Tuned E5,0.3613047748804092
5,Fine-Tuned E5,0.1979569196701049
5,Fine-Tuned E5,-0.0337106883525848
5,Fine-Tuned E5,0.1132122576236724
5,Fine-Tuned E5,0.097298577427864
5,Fine-Tuned E5,-0.0497218370437622
5,Fine-Tuned E5,-0.0254029333591461
5,Fine-Tuned E5,0.2554837837815285
5,Fine-Tuned E5,0.3610740751028061
5,Fine-Tuned E5,0.2280300557613372
5,Fine-Tuned E5,0.226877573877573
5,Fine-Tuned E5,0.1063908338546752
5,Fine-Tuned E5,0.2703638672828674
5,Fine-Tuned E5,0.249323695898056
5,Fine-Tuned E5,0.1567671597003936
5,Fine-Tuned E5,0.410654067993164
5,Fine-Tuned E5,0.2273635566234588
5,Fine-Tuned E5,0.2502967715263366
5,Fine-Tuned E5,0.2726894747465849
5,Fine-Tuned E5,0.3859376013278961
5,Fine-Tuned E5,0.311717689037323
5,Fine-Tuned E5,0.0748466253280639
5,Fine-Tuned E5,0.3400177508592605
5,Fine-Tuned E5,0.4508945941925049
5,Fine-Tuned E5,0.2159032970666885
5,Fine-Tuned E5,0.2982594072818756
5,Fine-Tuned E5,0.227111130952835
5,Fine-Tuned E5,0.5266058119013906
5,Fine-Tuned E5,0.4920184575021267
5,Fine-Tuned E5,0.5182668901979923
5,Fine-Tuned E5,0.5176616534590721
5,Fine-Tuned E5,0.340005412697792
5,Fine-Tuned E5,0.1467674970626831
5,Fine-Tuned E5,0.2015356421470642
5,Fine-Tuned E5,0.127986878156662
5,Fine-Tuned E5,0.2845382168889045
5,Fine-Tuned E5,0.4515611976385116
5,Fine-Tuned E5,0.0539680868387222
5,Fine-Tuned E5,0.073409229516983
5,Fine-Tuned E5,0.2043650448322296
5,Fine-Tuned E5,0.266985185444355
5,Fine-Tuned E5,-0.1019690632820129
5,Fine-Tuned E5,0.2955770716071129
5,Fine-Tuned E5,0.5120470300316811
5,Fine-Tuned E5,0.1005366146564483
5,Fine-Tuned E5,0.315854862332344
5,Fine-Tuned E5,0.2028106823563575
5,Fine-Tuned E5,0.2861318141222
5,Fine-Tuned E5,0.1295320689678192
5,Fine-Tuned E5,0.2236833870410919
5,Fine-Tuned E5,0.169512540102005
5,Fine-Tuned E5,0.2895964086055755
5,Fine-Tuned E5,0.047677993774414
5,Fine-Tuned E5,0.2249315083026886
5,Fine-Tuned E5,0.4352602809667587
5,Fine-Tuned E5,0.1004637479782104
5,Fine-Tuned E5,0.1801237165927887
5,Fine-Tuned E5,-0.0177008509635925
5,Fine-Tuned E5,0.1382789015769958
5,Fine-Tuned E5,0.2120191007852554
5,Fine-Tuned E5,0.5005731955170631
5,Fine-Tuned E5,0.3229460008442402
5,Fine-Tuned E5,0.4083944857120514
5,Fine-Tuned E5,0.3756599202752113
5,Fine-Tuned E5,0.1410781145095825
5,Fine-Tuned E5,0.2064588665962219
5,Fine-Tuned E5,-0.2712715864181518
5,Fine-Tuned E5,0.104179710149765
5,Fine-Tuned E5,0.1039411425590515
5,Fine-Tuned E5,0.0354114770889282
5,Fine-Tuned E5,0.1785480827093124
5,Fine-Tuned E5,0.4321970269083977
5,Fine-Tuned E5,0.2189060673117637
5,Fine-Tuned E5,0.3046317249536514
5,Fine-Tuned E5,0.4709149459376931
5,Fine-Tuned E5,0.0455656647682189
5,Fine-Tuned E5,0.1317470073699951
5,Fine-Tuned E5,0.0737839341163635
5,Fine-Tuned E5,0.1588189303874969
5,Fine-Tuned E5,0.5311421044170856
5,Fine-Tuned E5,0.1297738533467054
5,Fine-Tuned E5,0.2626141607761383
5,Fine-Tuned E5,0.4282686151564121
5,Fine-Tuned E5,0.088008314371109
5,Fine-Tuned E5,0.2727552866563201
5,Fine-Tuned E5,0.0686162114143371
5,Fine-Tuned E5,0.3205511160194874
5,Fine-Tuned E5,0.3336081337183714
5,Fine-Tuned E5,0.2202568054199218
5,Fine-Tuned E5,0.0378887355327606
5,Fine-Tuned E5,0.361140638589859
5,Fine-Tuned E5,0.2766792178153991
5,Fine-Tuned E5,0.2386977821588516
5,Fine-Tuned E5,0.0916865170001983
5,Fine-Tuned E5,-0.1194413676857948
5,Fine-Tuned E5,0.5969331413507462
5,Fine-Tuned E5,0.0294835269451141
5,Fine-Tuned E5,0.245424672961235
5,Fine-Tuned E5,0.128773808479309
5,Fine-Tuned E5,0.0978771448135376
5,Fine-Tuned E5,0.4110994227230549
5,Fine-Tuned E5,0.1341523230075836
5,Fine-Tuned E5,0.1905894577503204
5,Fine-Tuned E5,0.165530115365982
5,Fine-Tuned E5,0.03096404671669
5,Fine-Tuned E5,0.0632297992706298
5,Fine-Tuned E5,0.1317163109779358
5,Fine-Tuned E5,0.164473682641983
5,Fine-Tuned E5,0.022418588399887
5,Fine-Tuned E5,0.1272604763507843
5,Fine-Tuned E5,-0.0378190875053405
5,Fine-Tuned E5,0.3459854423999786
5,Fine-Tuned E5,0.0341293811798095
5,Fine-Tuned E5,0.0691835284233093
5,Fine-Tuned E5,0.2890057116746902
5,Fine-Tuned E5,0.5377246700227261
5,Fine-Tuned E5,0.6032531000673771
5,Fine-Tuned E5,0.3217646181583404
5,Fine-Tuned E5,0.0940722972154617
5,Fine-Tuned E5,0.175021231174469
5,Fine-Tuned E5,0.1506284475326538
5,Fine-Tuned E5,0.1434396207332611
5,Fine-Tuned E5,0.072771355509758
5,Fine-Tuned E5,0.2613397538661957
5,Fine-Tuned E5,-0.0391447246074676
5,Fine-Tuned E5,0.3443951457738876
5,Fine-Tuned E5,0.1025001108646392
5,Fine-Tuned E5,0.1882393956184387
5,Fine-Tuned E5,-0.0337339639663696
5,Fine-Tuned E5,0.1668676733970642
5,Fine-Tuned E5,-0.0147926211357116
5,Fine-Tuned E5,0.2493023574352264
5,Fine-Tuned E5,0.2218300402164459
5,Fine-Tuned E5,0.2037327289581298
5,Fine-Tuned E5,0.2555574476718902
5,Fine-Tuned E5,0.106787770986557
5,Fine-Tuned E5,0.3146469444036484
5,Fine-Tuned E5,0.2516213059425354
5,Fine-Tuned E5,-0.0045889317989349
5,Fine-Tuned E5,-0.0950451493263244
5,Fine-Tuned E5,0.2038206160068512
5,Fine-Tuned E5,0.2043617963790893
5,Fine-Tuned E5,0.2551329135894775
5,Fine-Tuned E5,0.1274891197681427
5,Fine-Tuned E5,0.1431977152824401
5,Fine-Tuned E5,0.0401049852371215
5,Fine-Tuned E5,0.112059086561203
5,Fine-Tuned E5,0.0004402995109558
5,Fine-Tuned E5,0.0712992846965789
5,Fine-Tuned E5,0.1835832893848419
5,Fine-Tuned E5,0.0723523795604705
5,Fine-Tuned E5,-0.0612836480140686
5,Fine-Tuned E5,0.5375879183411598
5,Fine-Tuned E5,0.2674721777439117
5,Fine-Tuned E5,0.1280414760112762
5,Fine-Tuned E5,0.1627974063158035
5,Fine-Tuned E5,0.1817395985126495
5,Fine-Tuned E5,0.0557946562767028
5,Fine-Tuned E5,0.1005685031414032
5,Fine-Tuned E5,0.1820640861988067
5,Fine-Tuned E5,0.0371298789978027
5,Fine-Tuned E5,0.2407461702823639
5,Fine-Tuned E5,0.2380330562591552
5,Fine-Tuned E5,0.1332350075244903
5,Fine-Tuned E5,0.2608017846941948
5,Fine-Tuned E5,0.2040082663297653
5,Fine-Tuned E5,0.3127996325492859
5,Fine-Tuned E5,0.3370151668787002
5,Fine-Tuned E5,0.2252806276082992
5,Fine-Tuned E5,0.2209920287132263
5,Fine-Tuned E5,0.0729503035545349
5,Fine-Tuned E5,0.3300077021121979
5,Fine-Tuned E5,0.2456371784210205
5,Fine-Tuned E5,0.0337385535240173
5,Fine-Tuned E5,0.4591185599565506
5,Fine-Tuned E5,0.3757495582103729
5,Fine-Tuned E5,0.1261113286018371
5,Fine-Tuned E5,0.1418182402849197
5,Fine-Tuned E5,0.1034924983978271
5,Fine-Tuned E5,0.3211003243923187
5,Fine-Tuned E5,0.028391033411026
5,Fine-Tuned E5,0.2627013623714447
5,Fine-Tuned E5,0.3627892807126045
5,Fine-Tuned E5,0.1555070579051971
5,Fine-Tuned E5,0.2203756272792816
5,Fine-Tuned E5,0.2854743897914886
5,Fine-Tuned E5,0.2438572943210601
5,Fine-Tuned E5,0.0288207530975341
5,Fine-Tuned E5,0.0619448125362396
5,Fine-Tuned E5,0.2731147706508636
5,Fine-Tuned E5,0.3765028119087219
5,Fine-Tuned E5,-0.0267476737499237
5,Fine-Tuned E5,0.2458368390798568
5,Fine-Tuned E5,0.159995436668396
5,Fine-Tuned E5,0.3298197984695434
5,Fine-Tuned E5,0.4436391294002533
5,Fine-Tuned E5,0.2677686363458633
5,Fine-Tuned E5,0.4685463458299637
5,Fine-Tuned E5,0.3444632440805435
5,Fine-Tuned E5,0.2054812610149383
5,Fine-Tuned E5,0.1997963190078735
5,Fine-Tuned E5,0.1156948804855346
5,Fine-Tuned E5,0.3904054015874862
5,Fine-Tuned E5,0.1377533674240112
5,Fine-Tuned E5,0.0347428023815155
5,Fine-Tuned E5,-0.0016340613365173
5,Fine-Tuned E5,0.6410050317645073
5,Fine-Tuned E5,0.117073655128479
5,Fine-Tuned E5,0.0115254819393157
5,Fine-Tuned E5,0.204537034034729
5,Fine-Tuned E5,0.134184330701828
5,Fine-Tuned E5,0.4821809940040111
5,Fine-Tuned E5,-0.0522616207599639
5,Fine-Tuned E5,0.1134538650512695
5,Fine-Tuned E5,0.4543944485485554
5,Fine-Tuned E5,-0.0075365900993347
5,Fine-Tuned E5,0.0093588232994079
5,Fine-Tuned E5,0.2043100595474243
5,Fine-Tuned E5,-0.1299040615558624
5,Fine-Tuned E5,0.2552458047866821
5,Fine-Tuned E5,-0.0069828927516937
5,Fine-Tuned E5,0.0757785737514495
5,Fine-Tuned E5,0.4230577051639557
5,Fine-Tuned E5,0.4259546995162964
5,Fine-Tuned E5,0.288126602768898
5,Fine-Tuned E5,0.2138479202985763
5,Fine-Tuned E5,0.5271207317709923
5,Fine-Tuned E5,0.2478510737419128
5,Fine-Tuned E5,0.4131774753332138
5,Fine-Tuned E5,0.1756250262260437
5,Fine-Tuned E5,0.0018097758293151
5,Fine-Tuned E5,0.0992254614830017
5,Fine-Tuned E5,0.2865561544895172
5,Fine-Tuned E5,0.1928856112062931
5,Fine-Tuned E5,0.1622661799192428
5,Fine-Tuned E5,0.072991669178009
5,Fine-Tuned E5,0.0021058022975921
5,Fine-Tuned E5,0.2336146086454391
5,Fine-Tuned E5,0.1170447766780853
5,Fine-Tuned E5,0.2384123653173446
5,Fine-Tuned E5,0.3916782960295677
5,Fine-Tuned E5,0.1167796552181243
5,Fine-Tuned E5,0.4067297130823135
5,Fine-Tuned E5,0.3858079947531223
5,Fine-Tuned E5,0.0092520117759704
5,Fine-Tuned E5,0.2758619487285614
5,Fine-Tuned E5,0.5267849862575531
5,Fine-Tuned E5,0.0204624235630035
5,Fine-Tuned E5,0.4022854380309582
5,Fine-Tuned E5,0.2470663040876388
5,Fine-Tuned E5,-0.0842406451702117
5,Fine-Tuned E5,-0.049275130033493
5,Fine-Tuned E5,0.247441679239273
5,Fine-Tuned E5,0.0271727740764617
5,Fine-Tuned E5,-0.0434467494487762
5,Fine-Tuned E5,0.1834703683853149
5,Fine-Tuned E5,0.236284926533699
5,Fine-Tuned E5,0.143522173166275
5,Fine-Tuned E5,0.3793878406286239
5,Fine-Tuned E5,0.3374587893486023
5,Fine-Tuned E5,0.4388089030981064
5,Fine-Tuned E5,0.2732435911893844
5,Fine-Tuned E5,0.5299459621310234
5,Fine-Tuned E5,0.5582727519795299
5,Fine-Tuned E5,-0.0433770418167114
5,Fine-Tuned E5,0.3531512022018432
5,Fine-Tuned E5,0.2868598699569702
5,Fine-Tuned E5,0.1817307919263839
5,Fine-Tuned E5,0.3236713260412216
5,Fine-Tuned E5,0.0384550988674163
5,Fine-Tuned E5,0.2972293868660927
5,Fine-Tuned E5,0.0286677181720733
5,Fine-Tuned E5,0.1251539587974548
5,Fine-Tuned E5,0.0940898954868316
5,Fine-Tuned E5,0.0442113280296325
5,Fine-Tuned E5,0.202372133731842
5,Fine-Tuned E5,0.1277955546975135
5,Fine-Tuned E5,0.1540340781211853
5,Fine-Tuned E5,0.1448917686939239
5,Fine-Tuned E5,0.1313831508159637
5,Fine-Tuned E5,-0.1307471692562103
5,Fine-Tuned E5,0.0505166351795196
5,Fine-Tuned E5,0.0874184668064117
5,Fine-Tuned E5,0.1785230338573455
5,Fine-Tuned E5,-0.0530405044555664
5,Fine-Tuned E5,0.2092491239309311
5,Fine-Tuned E5,0.0049281418323516
5,Fine-Tuned E5,0.2415480017662048
5,Fine-Tuned E5,0.2168530970811844
5,Fine-Tuned E5,0.2993384301662445
5,Fine-Tuned E5,0.2232925593852996
5,Fine-Tuned E5,0.0361933708190918
5,Fine-Tuned E5,0.0989571809768676
5,Fine-Tuned E5,0.0604693889617919
5,Fine-Tuned E5,0.2781458497047424
5,Fine-Tuned E5,0.2445002794265747
5,Fine-Tuned E5,0.149037703871727
5,Fine-Tuned E5,0.3193329870700836
5,Fine-Tuned E5,0.0423053503036499
5,Fine-Tuned E5,0.088634580373764
5,Fine-Tuned E5,0.214200958609581
5,Fine-Tuned E5,0.1537315547466278
5,Fine-Tuned E5,0.0154900252819061
5,Fine-Tuned E5,0.23975520581007
5,Fine-Tuned E5,0.0827037096023559
5,Fine-Tuned E5,0.1754052340984344
5,Fine-Tuned E5,0.2247769236564636
5,Fine-Tuned E5,0.0656279623508453
5,Fine-Tuned E5,0.3322379048913717
5,Fine-Tuned E5,-0.0980693399906158
5,Fine-Tuned E5,0.2998224198818207
5,Fine-Tuned E5,0.121656447649002
5,Fine-Tuned E5,0.2986165806651115
5,Fine-Tuned E5,0.2747600674629211
5,Fine-Tuned E5,0.0992195010185241
5,Fine-Tuned E5,0.1705368459224701
5,Fine-Tuned E5,0.0597021579742431
5,Fine-Tuned E5,0.0684207081794738
5,Fine-Tuned E5,0.0259370505809783
5,Fine-Tuned E5,0.0285034477710723
5,Fine-Tuned E5,0.1694814264774322
5,Fine-Tuned E5,0.0598114430904388
5,Fine-Tuned E5,0.0680460929870605
5,Fine-Tuned E5,-0.0361799299716949
5,Fine-Tuned E5,0.4029849953949451
5,Fine-Tuned E5,0.0643021762371063
5,Fine-Tuned E5,0.2832519710063934
5,Fine-Tuned E5,0.2517434954643249
5,Fine-Tuned E5,-0.0064277350902557
5,Fine-Tuned E5,0.1388590335845947
5,Fine-Tuned E5,0.0667445883154869
5,Fine-Tuned E5,0.1782768666744232
5,Fine-Tuned E5,0.2602451145648956
5,Fine-Tuned E5,0.0534534454345703
5,Fine-Tuned E5,0.2655519694089889
5,Fine-Tuned E5,-0.0640316605567932
5,Fine-Tuned E5,0.0933596491813659
5,Fine-Tuned E5,0.0923866629600524
5,Fine-Tuned E5,0.2054489850997924
5,Fine-Tuned E5,0.2937930226325989
5,Fine-Tuned E5,0.156147301197052
5,Fine-Tuned E5,0.1449183821678161
5,Fine-Tuned E5,0.182220458984375
5,Fine-Tuned E5,0.3172517716884613
5,Fine-Tuned E5,0.2631872892379761
5,Fine-Tuned E5,0.0205547511577606
5,Fine-Tuned E5,0.2674281895160675
5,Fine-Tuned E5,0.0672490000724792
5,Fine-Tuned E5,0.1462652087211609
5,Fine-Tuned E5,0.0797916054725647
5,Fine-Tuned E5,-0.0049287974834442
5,Fine-Tuned E5,0.1091313958168029
5,Fine-Tuned E5,0.3416129797697067
5,Fine-Tuned E5,0.2331631481647491
5,Fine-Tuned E5,0.222082257270813
5,Fine-Tuned E5,0.0558368414640426
5,Fine-Tuned E5,0.2696670740842819
5,Fine-Tuned E5,0.2785623371601105
5,Fine-Tuned E5,0.2629095762968063
5,Fine-Tuned E5,0.2883030995726585
5,Fine-Tuned E5,0.3900013864040375
5,Fine-Tuned E5,0.3654740527272224
5,Fine-Tuned E5,0.2787309288978576
5,Fine-Tuned E5,0.1106095612049102
5,Fine-Tuned E5,0.1485194563865661
5,Fine-Tuned E5,0.0399545431137084
5,Fine-Tuned E5,-0.0104476809501647
5,Fine-Tuned E5,0.347200483083725
5,Fine-Tuned E5,0.33132004737854
5,Fine-Tuned E5,-0.0197468847036361
5,Fine-Tuned E5,-0.0139099955558776
5,Fine-Tuned E5,0.3013167232275009
5,Fine-Tuned E5,0.1705507040023803
5,Fine-Tuned E5,0.0674899220466613
5,Fine-Tuned E5,0.2715117186307907
5,Fine-Tuned E5,0.0311031639575958
5,Fine-Tuned E5,0.219785451889038
5,Fine-Tuned E5,0.1899861693382263
5,Fine-Tuned E5,0.342295853421092
5,Fine-Tuned E5,0.1193101704120636
5,Fine-Tuned E5,-0.1025413870811462
5,Fine-Tuned E5,0.2481562197208404
5,Fine-Tuned E5,0.2028629407286644
5,Fine-Tuned E5,0.346160277724266
5,Fine-Tuned E5,0.3040760532021522
5,Fine-Tuned E5,0.2966101765632629
5,Fine-Tuned E5,0.1826891601085662
5,Fine-Tuned E5,0.1183128356933593
5,Fine-Tuned E5,0.3356445133686065
5,Fine-Tuned E5,0.4456620067358017
5,Fine-Tuned E5,0.2398803681135177
5,Fine-Tuned E5,0.0992577970027923
5,Fine-Tuned E5,-0.0771863758563995
5,Fine-Tuned E5,-0.0134116411209106
5,Fine-Tuned E5,0.1138831973075866
5,Fine-Tuned E5,0.1409492492675781
5,Fine-Tuned E5,0.3271222412586212
5,Fine-Tuned E5,0.3691912442445755
5,Fine-Tuned E5,0.334320530295372
5,Fine-Tuned E5,-0.0635809004306793
5,Fine-Tuned E5,0.5452076494693756
5,Fine-Tuned E5,0.1739846765995025
5,Fine-Tuned E5,0.0900421738624572
5,Fine-Tuned E5,-0.0559956431388855
5,Fine-Tuned E5,0.1474532186985016
5,Fine-Tuned E5,0.2551442384719848
5,Fine-Tuned E5,0.4786826781928539
5,Fine-Tuned E5,0.2386931777000427
5,Fine-Tuned E5,0.1083218157291412
5,Fine-Tuned E5,0.21511772274971
5,Fine-Tuned E5,0.2977035045623779
5,Fine-Tuned E5,0.0245666205883026
5,Fine-Tuned E5,-0.0172100216150283
5,Fine-Tuned E5,0.2451401352882385
5,Fine-Tuned E5,-0.0210447907447814
5,Fine-Tuned E5,0.3680290943011641
5,Fine-Tuned E5,0.0902312099933624
5,Fine-Tuned E5,0.3180859982967376
5,Fine-Tuned E5,0.090383380651474
5,Fine-Tuned E5,0.396832138299942
5,Fine-Tuned E5,0.0815388932824134
5,Fine-Tuned E5,-0.339950829744339
5,Fine-Tuned E5,0.0391750708222389
5,Fine-Tuned E5,0.1627329289913177
5,Fine-Tuned E5,0.350572969764471
5,Fine-Tuned E5,0.1264260113239288
5,Fine-Tuned E5,0.08792245388031
5,Fine-Tuned E5,0.3325278982520103
5,Fine-Tuned E5,0.2613875120878219
5,Fine-Tuned E5,-0.0771190226078033
5,Fine-Tuned E5,0.1206934750080108
5,Fine-Tuned E5,0.383580420166254
5,Fine-Tuned E5,0.2062194943428039
5,Fine-Tuned E5,0.2304829210042953
5,Fine-Tuned E5,0.1990343332290649
5,Fine-Tuned E5,-0.0122816860675811
5,Fine-Tuned E5,0.249122317880392
5,Fine-Tuned E5,0.2146157175302505
5,Fine-Tuned E5,0.2793883755803108
5,Fine-Tuned E5,0.0289799571037292
5,Fine-Tuned E5,0.061564952135086
5,Fine-Tuned E5,0.145609438419342
5,Fine-Tuned E5,0.39826291333884
5,Fine-Tuned E5,0.2424933016300201
5,Fine-Tuned E5,0.5119887590408325
5,Fine-Tuned E5,0.3021542578935623
5,Fine-Tuned E5,0.4436008129268884
5,Fine-Tuned E5,0.1411463022232055
5,Fine-Tuned E5,0.5128011107444763
5,Fine-Tuned E5,-0.0363826155662536
5,Fine-Tuned E5,0.1480581313371658
5,Fine-Tuned E5,0.1505573540925979
5,Fine-Tuned E5,0.1562643647193908
5,Fine-Tuned E5,0.2257878184318542
5,Fine-Tuned E5,0.1309834420680999
5,Fine-Tuned E5,0.2999284714460373
5,Fine-Tuned E5,0.450690777041018
5,Fine-Tuned E5,0.2116684913635254
5,Fine-Tuned E5,0.2250167429447174
5,Fine-Tuned E5,0.0488509237766265
5,Fine-Tuned E5,0.3148011937737465
5,Fine-Tuned E5,0.0508893430233001
5,Fine-Tuned E5,0.235317513346672
5,Fine-Tuned E5,0.2629832029342651
5,Fine-Tuned E5,0.1219967305660247
5,Fine-Tuned E5,0.2229758203029632
5,Fine-Tuned E5,0.418846033513546
5,Fine-Tuned E5,0.3849861919879913
5,Fine-Tuned E5,0.3406828492879867
5,Fine-Tuned E5,0.3247093558311462
5,Fine-Tuned E5,0.7608085609972477
5,Fine-Tuned E5,0.2803352475166321
5,Fine-Tuned E5,0.4594813138246536
5,Fine-Tuned E5,0.191254049539566
5,Fine-Tuned E5,0.2603463530540466
5,Fine-Tuned E5,-0.003447413444519
5,Fine-Tuned E5,0.0291840434074401
5,Fine-Tuned E5,0.4599184691905975
5,Fine-Tuned E5,0.1773871928453445
5,Fine-Tuned E5,0.3286634311079979
5,Fine-Tuned E5,0.3317765370011329
5,Fine-Tuned E5,0.1262242347002029
5,Fine-Tuned E5,0.0257735848426818
5,Fine-Tuned E5,0.1573997735977172
5,Fine-Tuned E5,-0.108940914273262
5,Fine-Tuned E5,0.0700714886188507
5,Fine-Tuned E5,-0.0184083580970764
5,Fine-Tuned E5,0.4361881166696548
5,Fine-Tuned E5,0.0469505786895751
5,Fine-Tuned E5,0.2024865448474884
5,Fine-Tuned E5,0.1034251451492309
5,Fine-Tuned E5,0.26314377784729
5,Fine-Tuned E5,0.2325124442577362
5,Fine-Tuned E5,0.2803979516029358
5,Fine-Tuned E5,0.1623535305261612
5,Fine-Tuned E5,0.0363517701625824
5,Fine-Tuned E5,0.6342841982841492
5,Fine-Tuned E5,0.0406079292297363
5,Fine-Tuned E5,0.2314736098051071
5,Fine-Tuned E5,0.2142145037651062
5,Fine-Tuned E5,0.2876180745661258
5,Fine-Tuned E5,0.2831129878759384
5,Fine-Tuned E5,0.2607519626617431
5,Fine-Tuned E5,0.4609250538051128
5,Fine-Tuned E5,0.2992246374487877
5,Fine-Tuned E5,0.2117274105548858
5,Fine-Tuned E5,0.3415471762418747
5,Fine-Tuned E5,0.4333412051200866
5,Fine-Tuned E5,0.122835487127304
5,Fine-Tuned E5,0.2102469801902771
5,Fine-Tuned E5,0.2227764725685119
5,Fine-Tuned E5,0.5691605508327484
5,Fine-Tuned E5,0.4556302353739738
5,Fine-Tuned E5,0.343162078410387
5,Fine-Tuned E5,0.1176217496395111
5,Fine-Tuned E5,0.5490410700440407
5,Fine-Tuned E5,0.1771582663059234
5,Fine-Tuned E5,0.2544555217027664
5,Fine-Tuned E5,0.452214103192091
5,Fine-Tuned E5,0.2364009171724319
5,Fine-Tuned E5,0.1046512797474861
5,Fine-Tuned E5,0.0084424316883087
5,Fine-Tuned E5,0.177168920636177
5,Fine-Tuned E5,0.0173316001892089
5,Fine-Tuned E5,0.2856284454464912
5,Fine-Tuned E5,0.1362684071063995
5,Fine-Tuned E5,-0.0433489382266998
5,Fine-Tuned E5,0.2533231824636459
5,Fine-Tuned E5,0.3699887730181217
5,Fine-Tuned E5,0.1164054870605468
5,Fine-Tuned E5,0.0926056653261184
5,Fine-Tuned E5,0.2054764330387115
5,Fine-Tuned E5,-0.1161922812461853
5,Fine-Tuned E5,0.1065246760845184
5,Fine-Tuned E5,0.1375608444213867
5,Fine-Tuned E5,0.0630075335502624
5,Fine-Tuned E5,0.0351467728614807
5,Fine-Tuned E5,0.1896212100982666
5,Fine-Tuned E5,0.3661322966217994
5,Fine-Tuned E5,0.2045061364769935
5,Fine-Tuned E5,0.3365453705191612
5,Fine-Tuned E5,0.328082911670208
5,Fine-Tuned E5,0.3821822479367256
5,Fine-Tuned E5,0.0020625293254852
5,Fine-Tuned E5,0.3388346880674362
5,Fine-Tuned E5,0.257562905550003
5,Fine-Tuned E5,0.2107692658901214
5,Fine-Tuned E5,0.4750713035464287
5,Fine-Tuned E5,0.2188338590785861
5,Fine-Tuned E5,0.2676078826189041
5,Fine-Tuned E5,0.4958710297942161
5,Fine-Tuned E5,0.3986631780862808
5,Fine-Tuned E5,0.0885549187660217
5,Fine-Tuned E5,0.2916943579912185
5,Fine-Tuned E5,-0.0396502614021301
5,Fine-Tuned E5,0.2606187313795089
5,Fine-Tuned E5,0.0908449590206146
5,Fine-Tuned E5,0.3435335904359817
5,Fine-Tuned E5,0.2546644210815429
5,Fine-Tuned E5,0.3865626007318496
5,Fine-Tuned E5,0.2683168053627014
5,Fine-Tuned E5,0.1146108210086822
5,Fine-Tuned E5,0.2001836001873016
5,Fine-Tuned E5,0.1399454176425933
5,Fine-Tuned E5,0.077760636806488
5,Fine-Tuned E5,0.263168953359127
5,Fine-Tuned E5,0.1869297176599502
5,Fine-Tuned E5,0.355182409286499
5,Fine-Tuned E5,0.1800035983324051
5,Fine-Tuned E5,-0.0008473843336105
5,Fine-Tuned E5,0.1747218370437622
5,Fine-Tuned E5,0.0567271411418914
5,Fine-Tuned E5,-0.0276947915554046
5,Fine-Tuned E5,0.2902732491493225
5,Fine-Tuned E5,0.1043528616428375
5,Fine-Tuned E5,0.3771041482686996
5,Fine-Tuned E5,0.0330370664596557
5,Fine-Tuned E5,0.2572032809257507
5,Fine-Tuned E5,0.4562116507440805
5,Fine-Tuned E5,0.011793166399002
5,Fine-Tuned E5,0.340643472969532
5,Fine-Tuned E5,0.0780735313892364
5,Fine-Tuned E5,0.2132045179605484
5,Fine-Tuned E5,0.1554276347160339
5,Fine-Tuned E5,0.5311642587184906
5,Fine-Tuned E5,0.0528716444969177
5,Fine-Tuned E5,0.1739591658115387
5,Fine-Tuned E5,0.1958208382129669
5,Fine-Tuned E5,0.6642978638410568
5,Fine-Tuned E5,0.175417423248291
5,Fine-Tuned E5,0.297258585691452
5,Fine-Tuned E5,-0.0006687343120574
5,Fine-Tuned E5,0.5600875988602638
5,Fine-Tuned E5,-0.1748365573585033
5,Fine-Tuned E5,0.2680930979549885
5,Fine-Tuned E5,0.1657752692699432
5,Fine-Tuned E5,0.3880158141255379
5,Fine-Tuned E5,0.1043642163276672
5,Fine-Tuned E5,0.2618790864944458
5,Fine-Tuned E5,0.4693626463413238
5,Fine-Tuned E5,0.4413512870669365
5,Fine-Tuned E5,0.3681849092245102
5,Fine-Tuned E5,0.2720410823822021
5,Fine-Tuned E5,0.558870542794466
5,Fine-Tuned E5,0.124145895242691
5,Fine-Tuned E5,0.14040607213974
5,Fine-Tuned E5,0.2555170208215713
5,Fine-Tuned E5,0.3452265188097954
5,Fine-Tuned E5,0.4321976490318775
5,Fine-Tuned E5,0.4596407487988472
5,Fine-Tuned E5,0.3463315144181251
5,Fine-Tuned E5,0.1648178696632385
5,Fine-Tuned E5,0.3297432884573936
5,Fine-Tuned E5,0.2380061149597168
5,Fine-Tuned E5,0.0483829975128173
5,Fine-Tuned E5,-0.0403291136026382
5,Fine-Tuned E5,0.0539134740829467
5,Fine-Tuned E5,0.0874767005443573
5,Fine-Tuned E5,0.3513249643146992
5,Fine-Tuned E5,0.3120271041989326
5,Fine-Tuned E5,0.0691658556461334
5,Fine-Tuned E5,0.0467976629734039
5,Fine-Tuned E5,0.2035121619701385
5,Fine-Tuned E5,0.2089670449495315
5,Fine-Tuned E5,0.0068404674530029
5,Fine-Tuned E5,0.0295722186565399
5,Fine-Tuned E5,-0.0929063856601715
5,Fine-Tuned E5,0.346992127597332
5,Fine-Tuned E5,-0.0760686695575714
5,Fine-Tuned E5,0.1154025197029113
5,Fine-Tuned E5,0.1092221736907959
5,Fine-Tuned E5,0.2595230191946029
5,Fine-Tuned E5,0.06999272108078
5,Fine-Tuned E5,0.0943264961242675
5,Fine-Tuned E5,0.2675585299730301
5,Fine-Tuned E5,0.4612379483878612
5,Fine-Tuned E5,0.0722134113311767
5,Fine-Tuned E5,0.2639646679162979
5,Fine-Tuned E5,0.4676780961453914
5,Fine-Tuned E5,0.0819472670555114
5,Fine-Tuned E5,0.0430893152952194
5,Fine-Tuned E5,-0.1616168618202209
5,Fine-Tuned E5,0.2407873719930648
5,Fine-Tuned E5,0.2827553898096084
5,Fine-Tuned E5,0.1874759271740913
5,Fine-Tuned E5,0.5329214408993721
5,Fine-Tuned E5,0.4227243140339851
5,Fine-Tuned E5,0.2670311331748962
5,Fine-Tuned E5,0.5098980776965618
5,Fine-Tuned E5,0.1342937648296356
5,Fine-Tuned E5,0.4515692442655563
5,Fine-Tuned E5,0.0654440224170684
5,Fine-Tuned E5,0.0734264254570007
5,Fine-Tuned E5,0.0874126106500625
5,Fine-Tuned E5,-0.0036071836948394
5,Fine-Tuned E5,0.203925147652626
5,Fine-Tuned E5,0.1548366546630859
5,Fine-Tuned E5,0.0085688531398773
5,Fine-Tuned E5,-0.1697646677494049
5,Fine-Tuned E5,0.245684802532196
5,Fine-Tuned E5,0.1016407012939453
5,Fine-Tuned E5,0.086877554655075
5,Fine-Tuned E5,0.1614680588245391
5,Fine-Tuned E5,0.4846211299300194
5,Fine-Tuned E5,0.2657816410064697
5,Fine-Tuned E5,0.1076078712940216
5,Fine-Tuned E5,-0.2312475889921188
5,Fine-Tuned E5,0.1598815619945526
5,Fine-Tuned E5,0.1619619727134704
5,Fine-Tuned E5,0.1282828152179718
5,Fine-Tuned E5,0.4392668753862381
5,Fine-Tuned E5,0.1522309780120849
5,Fine-Tuned E5,0.2090395390987396
5,Fine-Tuned E5,0.4482762664556503
5,Fine-Tuned E5,0.5921982862055302
5,Fine-Tuned E5,0.0851418375968933
5,Fine-Tuned E5,0.2957451343536377
5,Fine-Tuned E5,0.1267029941082
5,Fine-Tuned E5,0.2988904267549515
5,Fine-Tuned E5,0.3037641048431396
5,Fine-Tuned E5,0.3853206560015678
5,Fine-Tuned E5,0.0047259628772735
5,Fine-Tuned E5,0.0781669616699218
5,Fine-Tuned E5,0.4008637592196464
5,Fine-Tuned E5,0.0684519559144973
5,Fine-Tuned E5,0.1604945361614227
5,Fine-Tuned E5,-0.1579081118106842
5,Fine-Tuned E5,0.2833112776279449
5,Fine-Tuned E5,0.2376228272914886
5,Fine-Tuned E5,0.10390305519104
5,Fine-Tuned E5,0.2020900547504425
5,Fine-Tuned E5,0.2808942794799804
5,Fine-Tuned E5,0.1404923796653747
5,Fine-Tuned E5,0.4222700148820877
5,Fine-Tuned E5,0.4125408567488193
5,Fine-Tuned E5,0.0425382852554321
5,Fine-Tuned E5,0.4254906065762043
5,Fine-Tuned E5,0.2207719087600708
5,Fine-Tuned E5,0.2952771186828613
5,Fine-Tuned E5,0.0323873162269592
5,Fine-Tuned E5,0.0757550001144409
5,Fine-Tuned E5,0.0511728823184967
5,Fine-Tuned E5,0.1696088910102844
5,Fine-Tuned E5,0.0259796380996704
5,Fine-Tuned E5,-0.0010085105895996
5,Fine-Tuned E5,-0.126714289188385
5,Fine-Tuned E5,0.1867360770702362
5,Fine-Tuned E5,0.1447621285915374
5,Fine-Tuned E5,0.390217637643218
5,Fine-Tuned E5,0.2012329846620559
5,Fine-Tuned E5,0.1145165413618087
5,Fine-Tuned E5,0.0044507086277008
5,Fine-Tuned E5,0.3726177737116813
5,Fine-Tuned E5,-0.0281617045402526
5,Fine-Tuned E5,0.2345899045467376
5,Fine-Tuned E5,0.3279971182346344
5,Fine-Tuned E5,0.2618799954652786
5,Fine-Tuned E5,0.2701288387179374
5,Fine-Tuned E5,0.4656419306993484
5,Fine-Tuned E5,0.2851940244436264
5,Fine-Tuned E5,0.050981730222702
5,Fine-Tuned E5,0.1117396056652069
5,Fine-Tuned E5,0.0153507888317108
5,Fine-Tuned E5,0.2571182996034622
5,Fine-Tuned E5,0.3068102914839983
5,Fine-Tuned E5,0.1556838452816009
5,Fine-Tuned E5,0.5192869193851948
5,Fine-Tuned E5,0.0151044428348541
5,Fine-Tuned E5,0.5670357011258602
5,Fine-Tuned E5,0.3371898159384727
5,Fine-Tuned E5,0.3303220421075821
5,Fine-Tuned E5,0.2785872519016266
5,Fine-Tuned E5,0.4868885725736618
5,Fine-Tuned E5,0.2136195003986358
5,Fine-Tuned E5,0.2907124161720276
5,Fine-Tuned E5,0.1199836134910583
5,Fine-Tuned E5,0.3465498983860016
5,Fine-Tuned E5,0.0507442355155944
5,Fine-Tuned E5,0.0137458741664886
5,Fine-Tuned E5,0.3002934157848358
5,Fine-Tuned E5,0.4973678588867187
5,Fine-Tuned E5,0.3108264803886413
5,Fine-Tuned E5,0.2107685506343841
5,Fine-Tuned E5,0.3510068506002426
5,Fine-Tuned E5,0.0312015414237976
5,Fine-Tuned E5,0.0812366604804992
5,Fine-Tuned E5,0.0539305210113525
5,Fine-Tuned E5,-0.0317228138446807
5,Fine-Tuned E5,0.1396125853061676
5,Fine-Tuned E5,-0.0109329223632812
5,Fine-Tuned E5,0.0262111723423004
5,Fine-Tuned E5,0.2268234342336654
5,Fine-Tuned E5,0.6087274998426437
5,Fine-Tuned E5,0.1919859647750854
5,Fine-Tuned E5,0.2978067845106125
5,Fine-Tuned E5,0.2530909776687622
5,Fine-Tuned E5,0.6873731315135956
5,Fine-Tuned E5,0.4187163710594177
5,Fine-Tuned E5,0.4197817519307136
5,Fine-Tuned E5,-0.075631558895111
5,Fine-Tuned E5,0.3010881543159485
5,Fine-Tuned E5,0.2456966117024421
5,Fine-Tuned E5,0.3753196001052856
5,Fine-Tuned E5,0.1805266439914703
5,Fine-Tuned E5,0.1476338654756546
5,Fine-Tuned E5,0.2697032168507576
5,Fine-Tuned E5,0.0923399329185485
5,Fine-Tuned E5,0.4176790937781334
5,Fine-Tuned E5,0.1872070431709289
5,Fine-Tuned E5,0.19382244348526
5,Fine-Tuned E5,0.2569995522499084
5,Fine-Tuned E5,0.1624172925949096
5,Fine-Tuned E5,0.2380122542381286
5,Fine-Tuned E5,0.1998150497674942
5,Fine-Tuned E5,0.0053499341011047
5,Fine-Tuned E5,0.2698203921318054
5,Fine-Tuned E5,-0.0762563943862915
5,Fine-Tuned E5,0.2890338003635406
5,Fine-Tuned E5,0.2792586833238601
5,Fine-Tuned E5,0.1163586974143982
5,Fine-Tuned E5,0.1612896919250488
5,Fine-Tuned E5,-0.0377126634120941
5,Fine-Tuned E5,0.3617467209696769
5,Fine-Tuned E5,0.1927558779716491
5,Fine-Tuned E5,0.008121520280838
5,Fine-Tuned E5,0.4454229921102524
5,Fine-Tuned E5,0.1571767032146453
5,Fine-Tuned E5,0.3232278525829315
5,Fine-Tuned E5,-0.0430615842342376
5,Fine-Tuned E5,0.0749493539333343
5,Fine-Tuned E5,0.2041959017515182
5,Fine-Tuned E5,0.0637181997299194
5,Fine-Tuned E5,0.220193400979042
5,Fine-Tuned E5,-0.1002238392829895
5,Fine-Tuned E5,0.3842559717595577
5,Fine-Tuned E5,0.1610823795199394
5,Fine-Tuned E5,0.156609833240509
5,Fine-Tuned E5,0.4132587071508169
5,Fine-Tuned E5,-0.0857943296432495
5,Fine-Tuned E5,0.2268438413739204
5,Fine-Tuned E5,0.2787114456295967
5,Fine-Tuned E5,0.0493215024471282
5,Fine-Tuned E5,0.4412337047979235
5,Fine-Tuned E5,0.1293671131134033
5,Fine-Tuned E5,-0.1714500188827514
5,Fine-Tuned E5,-0.1323662102222442
5,Fine-Tuned E5,0.0669935457408428
5,Fine-Tuned E5,0.0435569286346435
5,Fine-Tuned E5,0.1885184347629547
5,Fine-Tuned E5,0.0596484541893005
5,Fine-Tuned E5,0.3532778769731521
5,Fine-Tuned E5,0.4104411751031875
5,Fine-Tuned E5,0.3156230128370225
5,Fine-Tuned E5,0.190338909626007
5,Fine-Tuned E5,-0.0025374293327331
5,Fine-Tuned E5,0.3266119658946991
5,Fine-Tuned E5,0.3560982048511505
5,Fine-Tuned E5,-0.2449098378419876
5,Fine-Tuned E5,0.0334270000457763
5,Fine-Tuned E5,0.4990806600544601
5,Fine-Tuned E5,0.3368596136569977
5,Fine-Tuned E5,0.2251404672861099
5,Fine-Tuned E5,0.2085725367069244
5,Fine-Tuned E5,0.1057359874248504
5,Fine-Tuned E5,0.4105129037052393
5,Fine-Tuned E5,0.1642233729362487
5,Fine-Tuned E5,0.2306065708398819
5,Fine-Tuned E5,0.4454817026853561
5,Fine-Tuned E5,0.3126596063375473
5,Fine-Tuned E5,0.0543437600135803
5,Fine-Tuned E5,0.3008722066879272
5,Fine-Tuned E5,0.2331726253032684
5,Fine-Tuned E5,0.2871533632278442
5,Fine-Tuned E5,0.2650443613529205
5,Fine-Tuned E5,0.0713456124067306
5,Fine-Tuned E5,0.1757007092237472
5,Fine-Tuned E5,0.2701452523469925
5,Fine-Tuned E5,0.3780582882463932
5,Fine-Tuned E5,0.4017968866974115
5,Fine-Tuned E5,0.7096921540796757
5,Fine-Tuned E5,0.0436108410358428
5,Fine-Tuned E5,0.2699728608131408
5,Fine-Tuned E5,0.0474278926849365
5,Fine-Tuned E5,0.0760860741138458
5,Fine-Tuned E5,-0.1651773154735565
5,Fine-Tuned E5,0.2280890718102455
5,Fine-Tuned E5,0.0516337454319
5,Fine-Tuned E5,-0.1445911526679992
5,Fine-Tuned E5,0.1153240501880645
5,Fine-Tuned E5,0.1004778742790222
5,Fine-Tuned E5,0.0158422291278839
5,Fine-Tuned E5,0.1748324334621429
5,Fine-Tuned E5,0.5703300684690475
5,Fine-Tuned E5,0.1678558886051178
5,Fine-Tuned E5,-0.1514123976230621
5,Fine-Tuned E5,0.4110469482839107
5,Fine-Tuned E5,0.5142617125529796
5,Fine-Tuned E5,0.2870901674032211
5,Fine-Tuned E5,0.598519578576088
5,Fine-Tuned E5,0.3620017617940902
5,Fine-Tuned E5,0.070847749710083
5,Fine-Tuned E5,0.3415272310376167
5,Fine-Tuned E5,0.2534963637590408
5,Fine-Tuned E5,0.5455319061875343
5,Fine-Tuned E5,0.2266951352357864
5,Fine-Tuned E5,0.0646202266216278
5,Fine-Tuned E5,-0.0462879538536071
5,Fine-Tuned E5,0.2970643937587738
5,Fine-Tuned E5,0.3116159737110138
5,Fine-Tuned E5,-0.0029259026050567
5,Fine-Tuned E5,0.1233879625797271
5,Fine-Tuned E5,0.2494199126958847
5,Fine-Tuned E5,0.2575737237930298
5,Fine-Tuned E5,0.2979675531387329
5,Fine-Tuned E5,0.4555968046188354
5,Fine-Tuned E5,0.3085681349039078
5,Fine-Tuned E5,0.0083237588405609
5,Fine-Tuned E5,0.1127759218215942
5,Fine-Tuned E5,0.3822438400238752
5,Fine-Tuned E5,0.4695651680231094
5,Fine-Tuned E5,-0.0093469023704528
5,Fine-Tuned E5,0.268135517835617
5,Fine-Tuned E5,0.1624013483524322
5,Fine-Tuned E5,0.4883945882320404
5,Fine-Tuned E5,0.1937432587146759
5,Fine-Tuned E5,0.1670083105564117
5,Fine-Tuned E5,0.3841839283704757
5,Fine-Tuned E5,0.4313613176345825
5,Fine-Tuned E5,0.7266484797000885
5,Fine-Tuned E5,-0.03561931848526
5,Fine-Tuned E5,0.1373920738697052
5,Fine-Tuned E5,0.4508459717035293
5,Fine-Tuned E5,0.3826961815357208
5,Fine-Tuned E5,0.0387539267539978
5,Fine-Tuned E5,0.3621013462543487
5,Fine-Tuned E5,0.6570674534887075
5,Fine-Tuned E5,0.2216750383377075
5,Fine-Tuned E5,0.2733046412467956
5,Fine-Tuned E5,0.5462812427431345
5,Fine-Tuned E5,0.1680316627025604
5,Fine-Tuned E5,0.0630252361297607
5,Fine-Tuned E5,-0.0318540930747985
5,Fine-Tuned E5,0.2913654595613479
5,Fine-Tuned E5,0.0302319526672363
5,Fine-Tuned E5,0.1957201361656189
5,Fine-Tuned E5,0.2970550954341888
5,Fine-Tuned E5,0.247396171092987
5,Fine-Tuned E5,0.1011396050453186
5,Fine-Tuned E5,0.2443108409643173
5,Fine-Tuned E5,0.2778802029788494
5,Fine-Tuned E5,0.3701284095732262
5,Fine-Tuned E5,0.2427205145359039
5,Fine-Tuned E5,0.759966716170311
5,Fine-Tuned E5,0.2468379735946655
5,Fine-Tuned E5,0.5481257513165474
5,Fine-Tuned E5,0.352387860417366
5,Fine-Tuned E5,0.4474079012870788
5,Fine-Tuned E5,0.1320610046386718
5,Fine-Tuned E5,0.3830029889941215
5,Fine-Tuned E5,0.3507188484072685
5,Fine-Tuned E5,0.1742235124111175
5,Fine-Tuned E5,-0.0261441767215728
5,Fine-Tuned E5,0.3893415480852127
5,Fine-Tuned E5,-0.0753494203090667
5,Fine-Tuned E5,0.5021958127617836
5,Fine-Tuned E5,0.3611871600151062
5,Fine-Tuned E5,0.3691439628601074
5,Fine-Tuned E5,0.1657130271196365
5,Fine-Tuned E5,0.1335342824459076
5,Fine-Tuned E5,0.2664294242858886
5,Fine-Tuned E5,0.376282125711441
5,Fine-Tuned E5,0.0689214169979095
5,Fine-Tuned E5,0.081986129283905
5,Fine-Tuned E5,0.2306579202413559
5,Fine-Tuned E5,0.0361185073852539
5,Fine-Tuned E5,0.287688747048378
5,Fine-Tuned E5,0.3714727945625782
5,Fine-Tuned E5,0.1582067608833313
5,Fine-Tuned E5,0.1436849236488342
5,Fine-Tuned E5,0.3843601495027542
5,Fine-Tuned E5,-0.0631570667028427
5,Fine-Tuned E5,0.2587030380964279
5,Fine-Tuned E5,-0.1110332235693931
5,Fine-Tuned E5,-0.0090682506561279
5,Fine-Tuned E5,0.0797269642353057
5,Fine-Tuned E5,0.1642605662345886
5,Fine-Tuned E5,0.0550273656845092
5,Fine-Tuned E5,0.1500096023082733
5,Fine-Tuned E5,0.3157685771584511
5,Fine-Tuned E5,0.3552337288856506
5,Fine-Tuned E5,0.075567603111267
5,Fine-Tuned E5,0.3673695654870244
5,Fine-Tuned E5,0.1809181123971939
5,Fine-Tuned E5,-0.0689733326435089
5,Fine-Tuned E5,0.3140098741278052
5,Fine-Tuned E5,0.2531554251909256
5,Fine-Tuned E5,0.0277945697307586
5,Fine-Tuned E5,0.2209054678678512
5,Fine-Tuned E5,0.0871970802545547
5,Fine-Tuned E5,0.3463038802146911
5,Fine-Tuned E5,0.3651700671762228
5,Fine-Tuned E5,0.1902306973934173
5,Fine-Tuned E5,0.3325227797031402
5,Fine-Tuned E5,0.3298300504684448
5,Fine-Tuned E5,0.1992971003055572
5,Fine-Tuned E5,0.3593842387199402
5,Fine-Tuned E5,0.2468028664588928
5,Fine-Tuned E5,0.3186144977807998
5,Fine-Tuned E5,0.2857722491025924
5,Fine-Tuned E5,-0.0229671895503997
5,Fine-Tuned E5,0.1071636527776718
5,Fine-Tuned E5,0.3749697804450989
5,Fine-Tuned E5,0.0674545764923095
5,Fine-Tuned E5,0.3128228187561035
5,Fine-Tuned E5,0.3450141828507185
5,Fine-Tuned E5,0.2650601863861084
5,Fine-Tuned E5,0.3398304097354412
5,Fine-Tuned E5,0.238644927740097
5,Fine-Tuned E5,-0.1995177716016769
5,Fine-Tuned E5,0.323570504784584
5,Fine-Tuned E5,0.2329135350883007
5,Fine-Tuned E5,0.4963257028721273
5,Fine-Tuned E5,0.0731303691864013
5,Fine-Tuned E5,0.1581323221325874
5,Fine-Tuned E5,0.4241850785911083
5,Fine-Tuned E5,0.4284377917647362
5,Fine-Tuned E5,0.2924524620175361
5,Fine-Tuned E5,0.1159867942333221
5,Fine-Tuned E5,0.1667944192886352
5,Fine-Tuned E5,0.0999828577041626
5,Fine-Tuned E5,0.2708275765180588
5,Fine-Tuned E5,0.4710309132933616
5,Fine-Tuned E5,0.0267926156520843
5,Fine-Tuned E5,0.4739390611648559
5,Fine-Tuned E5,-0.0259175337851047
5,Fine-Tuned E5,-0.0878889262676239
5,Fine-Tuned E5,0.0916803777217865
5,Fine-Tuned E5,0.0549738407135009
5,Fine-Tuned E5,-0.0565644055604934
5,Fine-Tuned E5,0.0406886041164398
5,Fine-Tuned E5,0.4047330562025308
5,Fine-Tuned E5,0.1719327569007873
5,Fine-Tuned E5,0.2191197872161865
5,Fine-Tuned E5,0.1445834934711456
5,Fine-Tuned E5,0.1557090878486633
5,Fine-Tuned E5,0.1052718162536621
5,Fine-Tuned E5,0.1646367013454437
5,Fine-Tuned E5,0.7002382129430771
5,Fine-Tuned E5,0.2904755764175206
5,Fine-Tuned E5,0.0360895991325378
5,Fine-Tuned E5,0.2321007177233696
5,Fine-Tuned E5,0.1057915389537811
5,Fine-Tuned E5,0.2296650558710098
5,Fine-Tuned E5,0.2719401717185974
5,Fine-Tuned E5,0.5419374406337738
5,Fine-Tuned E5,0.1282237470149994
5,Fine-Tuned E5,0.0249819457530975
5,Fine-Tuned E5,0.1408977136015892
5,Fine-Tuned E5,0.1006806269288063
5,Fine-Tuned E5,0.0799407362937927
5,Fine-Tuned E5,0.3081141337752342
5,Fine-Tuned E5,0.2714795470237732
5,Fine-Tuned E5,0.4595857448875904
5,Fine-Tuned E5,0.4874909520149231
5,Fine-Tuned E5,0.4909768793731928
5,Fine-Tuned E5,0.3311409801244735
5,Fine-Tuned E5,0.3279062286019325
5,Fine-Tuned E5,0.104039192199707
5,Fine-Tuned E5,0.3156311269849539
5,Fine-Tuned E5,0.3678293526172638
5,Fine-Tuned E5,0.2283183634281158
5,Fine-Tuned E5,0.5508339740335941
5,Fine-Tuned E5,0.6505542024970055
5,Fine-Tuned E5,0.3946121782064438
5,Fine-Tuned E5,0.6420107781887054
5,Fine-Tuned E5,0.2537012100219726
5,Fine-Tuned E5,0.4219773933291435
5,Fine-Tuned E5,0.3800272941589355
5,Fine-Tuned E5,0.5139521658420563
5,Fine-Tuned E5,0.1043437123298645
5,Fine-Tuned E5,0.1777654588222503
5,Fine-Tuned E5,0.219276487827301
5,Fine-Tuned E5,-0.0554365515708923
5,Fine-Tuned E5,0.4678975567221641
5,Fine-Tuned E5,0.1447943449020385
5,Fine-Tuned E5,-0.009610503911972
5,Fine-Tuned E5,0.3431620278861373
5,Fine-Tuned E5,0.2048684656620025
5,Fine-Tuned E5,0.3538290113210678
5,Fine-Tuned E5,0.310485303401947
5,Fine-Tuned E5,0.2646290585398674
5,Fine-Tuned E5,0.2882819473743438
5,Fine-Tuned E5,0.485491257160902
5,Fine-Tuned E5,0.2407350987195968
5,Fine-Tuned E5,0.5887576229870319
5,Fine-Tuned E5,0.1858599483966827
5,Fine-Tuned E5,0.1197102665901184
5,Fine-Tuned E5,0.1236108914017677
5,Fine-Tuned E5,-0.2204682677984237
5,Fine-Tuned E5,0.0860687792301178
5,Fine-Tuned E5,0.1352924704551696
5,Fine-Tuned E5,0.0992423892021179
5,Fine-Tuned E5,0.2512941062450409
5,Fine-Tuned E5,0.4237728267908096
5,Fine-Tuned E5,0.1683311909437179
5,Fine-Tuned E5,0.2451663203537464
5,Fine-Tuned E5,0.4360287711024284
5,Fine-Tuned E5,0.0731959640979766
5,Fine-Tuned E5,0.0208284556865692
5,Fine-Tuned E5,0.0010284483432769
5,Fine-Tuned E5,0.2573742121458053
5,Fine-Tuned E5,0.055643618106842
5,Fine-Tuned E5,0.4021461308002472
5,Fine-Tuned E5,0.1973838657140731
5,Fine-Tuned E5,0.0424891114234924
5,Fine-Tuned E5,0.6779643893241882
5,Fine-Tuned E5,-0.0296788215637207
5,Fine-Tuned E5,0.5097049782052636
5,Fine-Tuned E5,0.319096602499485
5,Fine-Tuned E5,0.0570541322231292
5,Fine-Tuned E5,0.0428445637226104
5,Fine-Tuned E5,0.0904540419578552
5,Fine-Tuned E5,0.4237971156835556
5,Fine-Tuned E5,0.1497668325901031
5,Fine-Tuned E5,0.3505164086818695
5,Fine-Tuned E5,0.2019627690315246
5,Fine-Tuned E5,0.2059724330902099
5,Fine-Tuned E5,0.1176728308200836
5,Fine-Tuned E5,0.3153914213180542
5,Fine-Tuned E5,-0.0314251482486724
5,Fine-Tuned E5,-0.1005410552024841
5,Fine-Tuned E5,0.3863905817270279
5,Fine-Tuned E5,0.128300279378891
5,Fine-Tuned E5,-0.0166116841137409
5,Fine-Tuned E5,0.1319602727890014
