epoch,Recall@10,Recall@1,MRR,Mean rank
1,0.843035343035343,0.3659043659043659,0.5286613798875538,9.388773388773389
2,0.8908523908523909,0.40332640332640335,0.573493513384497,5.61018711018711
3,0.895010395010395,0.41683991683991684,0.585261781999465,5.524948024948025
4,0.8918918918918919,0.4085239085239085,0.5775322820298304,6.039501039501039
5,0.8929313929313929,0.420997920997921,0.5778445911075281,6.748440748440748
6,0.8773388773388774,0.41476091476091476,0.5709363098216587,7.221413721413722
