epoch,Recall@10,Recall@1,MRR,Mean rank
1,0.8611111111111112,0.39166666666666666,0.549285127589689,10.988888888888889
2,0.9069444444444444,0.44027777777777777,0.5996716990420223,8.440277777777778
3,0.9027777777777778,0.45694444444444443,0.6108044864252389,8.73611111111111
4,0.9055555555555556,0.46944444444444444,0.6181080120491002,9.761111111111111
5,0.9,0.4722222222222222,0.6208700278362044,10.906944444444445
