epoch,Recall@10,Recall@1,MRR,Mean rank
1,0.8013245033112583,0.3708609271523179,0.5129662119420618,14.344370860927153
2,0.8189845474613686,0.347682119205298,0.498165958891332,14.331125827814569
3,0.7969094922737306,0.33995584988962474,0.48420388889506955,15.233995584988962
4,0.7704194260485652,0.31346578366445915,0.4581360208734351,17.841059602649008
5,0.7461368653421634,0.304635761589404,0.44746699146674007,22.0364238410596
